10000 19982
0 2 1 1 5418 468
1 3 2 1 3355 169 7109 877
2 1 3 1
3 2 4 1 9528 -312
4 2 5 1 6482 -321
5 2 6 1 4265 -85
6 6 7 1 723 939 899 63 3066 272 3705 359 8613 790
7 2 8 1 7688 719
8 1 9 1
9 1 10 1
10 2 11 1 4086 803
11 2 12 1 6952 949
12 4 13 1 4028 148 4190 559 5996 854
13 3 14 1 6685 -260 7857 -434
14 2 15 1 6599 801
15 4 16 1 883 508 6585 522 9747 116
16 1 17 1
17 1 18 1
18 1 19 1
19 1 20 1
20 1 21 1
21 1 22 1
22 2 23 1 3868 795
23 1 24 1
24 3 25 1 5792 992 8741 146
25 2 26 1 1179 353
26 1 27 1
27 2 28 1 9402 307
28 1 29 1
29 2 30 1 7434 634
30 2 31 1 1278 493
31 3 32 1 4153 881 6122 726
32 1 33 1
33 1 34 1
34 4 35 1 805 691 1115 66 6829 483
35 2 36 1 1583 836
36 2 37 1 5606 469
37 1 38 1
38 1 39 1
39 3 40 1 1487 146 2477 995
40 2 41 1 2382 820
41 4 42 1 5681 -2 7630 213 9540 291
42 2 43 1 4031 453
43 1 44 1
44 2 45 1 4728 180
45 1 46 1
46 1 47 1
47 3 48 1 3435 237 6320 832
48 1 49 1
49 1 50 1
50 2 51 1 3571 -217
51 3 52 1 1287 949 7797 -404
52 1 53 1
53 2 54 1 1108 -450
54 1 55 1
55 1 56 1
56 2 57 1 4143 175
57 2 58 1 113 770
58 2 59 1 9399 -286
59 3 60 1 222 808 4382 453
60 1 61 1
61 2 62 1 7022 758
62 3 63 1 3865 -361 8077 424
63 1 64 1
64 1 65 1
65 2 66 1 7109 -300
66 3 67 1 6616 -231 8179 -270
67 2 68 1 4593 59
68 4 69 1 2737 313 8277 396 8572 30
69 3 70 1 6071 35 7587 739
70 1 71 1
71 1 72 1
72 1 73 1
73 1 74 1
74 2 75 1 4438 258
75 3 76 1 2594 648 3520 407
76 4 77 1 778 310 5378 709 9521 793
77 3 78 1 2965 637 3830 845
78 2 79 1 7526 597
79 3 80 1 249 909 3031 441
80 2 81 1 1720 803
81 1 82 1
82 1 83 1
83 2 84 1 8566 154
84 3 85 1 374 -46 4237 -496
85 5 86 1 1536 162 5911 -10 6522 280 7271 59
86 2 87 1 8466 575
87 3 88 1 3669 909 4207 487
88 4 89 1 1215 7 3057 652 8519 765
89 5 90 1 4345 -210 4407 810 7588 -205 9752 107
90 2 91 1 4797 671
91 1 92 1
92 2 93 1 6758 59
93 3 94 1 1365 440 4208 -339
94 1 95 1
95 2 96 1 1831 805
96 1 97 1
97 1 98 1
98 4 99 1 1474 343 3595 675 5951 118
99 1 100 1
100 3 101 1 104 812 1396 32
101 3 102 1 2539 399 5458 642
102 4 103 1 847 -382 3061 975 6478 799
103 1 104 1
104 1 105 1
105 2 106 1 4662 295
106 1 107 1
107 1 108 1
108 2 109 1 9075 855
109 2 110 1 1987 261
110 1 111 1
111 2 112 1 7036 328
112 1 113 1
113 1 114 1
114 2 115 1 7107 447
115 1 116 1
116 2 117 1 6817 740
117 2 118 1 6494 481
118 2 119 1 4584 127
119 1 120 1
120 2 121 1 3277 970
121 1 122 1
122 1 123 1
123 4 124 1 993 41 7246 278 9496 -234
124 5 125 1 1982 745 4284 344 9963 677 9967 660
125 2 126 1 6891 903
126 3 127 1 6347 759 7239 -273
127 2 128 1 8786 881
128 2 129 1 4765 241
129 1 130 1
130 1 131 1
131 2 132 1 8124 321
132 1 133 1
133 4 134 1 159 72 5704 572 6575 35
134 1 135 1
135 1 136 1
136 2 137 1 2972 523
137 2 138 1 6539 270
138 1 139 1
139 2 140 1 5765 -454
140 2 141 1 3577 -23
141 1 142 1
142 2 143 1 7427 345
143 2 144 1 4970 -271
144 3 145 1 1474 -144 1766 124
145 3 146 1 2576 735 2843 823
146 3 147 1 3756 179 6470 -375
147 5 148 1 2763 30 7090 726 8717 81 9074 677
148 1 149 1
149 1 150 1
150 2 151 1 9071 584
151 3 152 1 1408 -69 8257 237
152 2 153 1 4707 698
153 1 154 1
154 1 155 1
155 2 156 1 3735 605
156 3 157 1 4961 594 6937 -278
157 2 158 1 3024 446
158 1 159 1
159 2 160 1 8145 377
160 2 161 1 5307 829
161 1 162 1
162 3 163 1 171 124 6690 951
163 1 164 1
164 1 165 1
165 3 166 1 3195 98 4146 448
166 2 167 1 2931 667
167 2 168 1 9611 -489
168 4 169 1 2109 226 2658 859 9491 -298
169 1 170 1
170 1 171 1
171 2 172 1 4277 313
172 3 173 1 4638 580 6294 979
173 1 174 1
174 1 175 1
175 1 176 1
176 2 177 1 5151 651
177 1 178 1
178 3 179 1 8943 537 9363 776
179 1 180 1
180 1 181 1
181 5 182 1 535 40 6269 431 6323 871 9158 841
182 1 183 1
183 3 184 1 6834 -33 7930 21
184 3 185 1 3341 449 8143 186
185 3 186 1 5262 -385 9694 -323
186 2 187 1 2324 861
187 1 188 1
188 7 189 1 1487 -208 2441 978 2578 -197 4421 597 5353 452 7634 -442
189 3 190 1 288 -64 7366 117
190 1 191 1
191 2 192 1 1345 931
192 1 193 1
193 1 194 1
194 2 195 1 6201 -369
195 2 196 1 3146 158
196 1 197 1
197 2 198 1 8393 117
198 2 199 1 8875 140
199 2 200 1 6468 245
200 2 201 1 615 -308
201 1 202 1
202 2 203 1 5373 723
203 1 204 1
204 1 205 1
205 2 206 1 2330 571
206 3 207 1 2689 -386 3426 678
207 2 208 1 666 909
208 1 209 1
209 1 210 1
210 1 211 1
211 1 212 1
212 1 213 1
213 1 214 1
214 4 215 1 4244 413 7411 360 8589 -426
215 4 216 1 1172 -280 3089 349 8294 906
216 3 217 1 358 -485 6746 45
217 3 218 1 874 925 5441 644
218 1 219 1
219 1 220 1
220 1 221 1
221 1 222 1
222 1 223 1
223 1 224 1
224 1 225 1
225 2 226 1 371 512
226 2 227 1 284 681
227 1 228 1
228 3 229 1 1207 358 2047 748
229 1 230 1
230 1 231 1
231 1 232 1
232 2 233 1 1372 -297
233 1 234 1
234 1 235 1
235 3 236 1 3862 115 9026 458
236 1 237 1
237 3 238 1 3098 26 7292 -40
238 1 239 1
239 2 240 1 9834 393
240 4 241 1 4854 253 6953 927 8065 796
241 3 242 1 904 508 5120 247
242 2 243 1 6365 398
243 1 244 1
244 2 245 1 5397 -153
245 2 246 1 7772 -268
246 2 247 1 6681 144
247 2 248 1 1582 345
248 1 249 1
249 3 250 1 2004 735 9673 -86
250 1 251 1
251 2 252 1 7659 704
252 1 253 1
253 1 254 1
254 3 255 1 5813 471 8020 596
255 1 256 1
256 4 257 1 1956 432 7188 -222 7884 437
257 3 258 1 7366 883 8814 441
258 1 259 1
259 1 260 1
260 3 261 1 2934 617 4542 401
261 1 262 1
262 1 263 1
263 2 264 1 9174 601
264 1 265 1
265 1 266 1
266 3 267 1 3732 -435 7892 970
267 3 268 1 3445 430 3856 339
268 1 269 1
269 1 270 1
270 3 271 1 531 880 8333 110
271 1 272 1
272 1 273 1
273 2 274 1 1323 -159
274 2 275 1 9729 388
275 4 276 1 490 325 936 40 4013 624
276 2 277 1 6701 -232
277 2 278 1 4991 402
278 2 279 1 4322 967
279 2 280 1 7072 -441
280 2 281 1 324 -62
281 1 282 1
282 1 283 1
283 2 284 1 9838 916
284 3 285 1 2361 -34 6989 383
285 2 286 1 1499 172
286 1 287 1
287 1 288 1
288 2 289 1 5737 468
289 3 290 1 3938 -107 9798 679
290 1 291 1
291 2 292 1 8589 370
292 4 293 1 2845 -259 5211 862 9545 -313
293 2 294 1 509 270
294 4 295 1 1979 268 3089 -177 8211 368
295 2 296 1 4662 -110
296 1 297 1
297 2 298 1 2572 866
298 1 299 1
299 1 300 1
300 1 301 1
301 2 302 1 4038 -223
302 3 303 1 9520 -474 9653 167
303 2 304 1 5424 -92
304 3 305 1 5656 589 9557 358
305 2 306 1 1983 135
306 4 307 1 1549 81 4150 536 6070 874
307 1 308 1
308 1 309 1
309 2 310 1 7994 813
310 2 311 1 2578 919
311 3 312 1 2843 890 5287 937
312 2 313 1 6578 742
313 2 314 1 6032 881
314 2 315 1 4874 847
315 1 316 1
316 1 317 1
317 1 318 1
318 3 319 1 5080 852 5516 286
319 2 320 1 609 -313
320 1 321 1
321 1 322 1
322 4 323 1 2433 623 4533 124 8130 -166
323 1 324 1
324 1 325 1
325 5 326 1 1999 546 2918 477 4066 335 6337 258
326 3 327 1 1052 41 3988 -344
327 1 328 1
328 3 329 1 3545 191 6410 988
329 2 330 1 4125 713
330 1 331 1
331 1 332 1
332 4 333 1 2629 -276 3609 488 9233 196
333 2 334 1 8961 -415
334 1 335 1
335 2 336 1 8689 18
336 2 337 1 9095 498
337 2 338 1 8751 232
338 2 339 1 7053 231
339 3 340 1 5057 99 8429 -395
340 1 341 1
341 3 342 1 8831 -420 9723 685
342 2 343 1 484 166
343 1 344 1
344 1 345 1
345 1 346 1
346 1 347 1
347 1 348 1
348 4 349 1 1626 193 3169 52 8197 179
349 1 350 1
350 2 351 1 7811 -212
351 1 352 1
352 2 353 1 1002 185
353 1 354 1
354 1 355 1
355 1 356 1
356 3 357 1 5968 179 7049 854
357 1 358 1
358 2 359 1 1010 -257
359 2 360 1 5110 123
360 2 361 1 6314 273
361 5 362 1 737 401 1726 -103 4058 404 4943 870
362 1 363 1
363 1 364 1
364 1 365 1
365 2 366 1 620 -196
366 1 367 1
367 2 368 1 2484 320
368 3 369 1 1958 655 6193 694
369 2 370 1 1559 390
370 1 371 1
371 1 372 1
372 1 373 1
373 3 374 1 1300 196 4847 952
374 4 375 1 3824 -208 4196 -283 9599 607
375 3 376 1 2797 989 9849 631
376 4 377 1 781 306 6025 911 8043 994
377 2 378 1 6955 621
378 1 379 1
379 4 380 1 3041 93 5597 525 8154 897
380 2 381 1 5758 19
381 1 382 1
382 3 383 1 5927 -182 8766 267
383 3 384 1 4728 476 6407 522
384 1 385 1
385 3 386 1 2169 -250 9617 482
386 1 387 1
387 2 388 1 5476 457
388 2 389 1 8887 988
389 2 390 1 8321 646
390 4 391 1 3214 137 6775 318 9292 545
391 2 392 1 9177 941
392 3 393 1 7434 518 9521 -338
393 1 394 1
394 3 395 1 490 154 6433 196
395 3 396 1 2435 648 7029 731
396 2 397 1 9763 301
397 2 398 1 2077 515
398 2 399 1 8555 673
399 4 400 1 1861 635 7096 845 9345 -315
400 2 401 1 1052 338
401 2 402 1 3861 -35
402 2 403 1 4899 407
403 4 404 1 2720 932 5406 581 9655 15
404 1 405 1
405 1 406 1
406 2 407 1 6870 753
407 2 408 1 5308 17
408 2 409 1 5352 648
409 3 410 1 2703 738 9230 737
410 3 411 1 2712 236 9900 -175
411 1 412 1
412 2 413 1 652 898
413 1 414 1
414 3 415 1 4118 150 7632 663
415 2 416 1 591 373
416 2 417 1 9708 -300
417 1 418 1
418 2 419 1 4426 968
419 1 420 1
420 1 421 1
421 2 422 1 7372 -275
422 1 423 1
423 2 424 1 7699 115
424 2 425 1 6885 786
425 2 426 1 2224 665
426 2 427 1 2071 -112
427 3 428 1 1793 -4 3719 -38
428 1 429 1
429 1 430 1
430 4 431 1 2984 497 4016 813 5664 734
431 2 432 1 1209 -433
432 1 433 1
433 2 434 1 3219 784
434 1 435 1
435 2 436 1 4562 631
436 2 437 1 9585 294
437 1 438 1
438 3 439 1 1674 644 3558 596
439 2 440 1 3818 33
440 1 441 1
441 2 442 1 9341 615
442 1 443 1
443 2 444 1 5061 -467
444 3 445 1 9109 289 9703 844
445 2 446 1 3128 579
446 1 447 1
447 2 448 1 4263 921
448 1 449 1
449 4 450 1 7169 -273 7908 986 8723 747
450 1 451 1
451 1 452 1
452 2 453 1 4822 571
453 2 454 1 7446 -114
454 2 455 1 792 -1
455 2 456 1 2723 -139
456 2 457 1 6669 224
457 1 458 1
458 2 459 1 3444 -285
459 2 460 1 6934 -153
460 2 461 1 1308 703
461 4 462 1 3074 602 6607 775 9698 -297
462 1 463 1
463 1 464 1
464 2 465 1 2403 -79
465 1 466 1
466 2 467 1 6314 -78
467 2 468 1 9771 37
468 1 469 1
469 1 470 1
470 1 471 1
471 1 472 1
472 3 473 1 5315 248 5510 720
473 2 474 1 2601 32
474 4 475 1 1404 488 4751 804 9448 893
475 1 476 1
476 2 477 1 8236 141
477 2 478 1 8020 133
478 2 479 1 9409 802
479 3 480 1 1383 69 4617 62
480 2 481 1 3184 644
481 1 482 1
482 3 483 1 708 311 1687 -157
483 2 484 1 2155 83
484 2 485 1 9163 969
485 3 486 1 2664 642 7851 52
486 2 487 1 7313 -446
487 3 488 1 1325 -88 2572 -413
488 1 489 1
489 2 490 1 6736 -116
490 3 491 1 5728 291 8588 7
491 1 492 1
492 2 493 1 8475 441
493 3 494 1 1005 -274 2041 746
494 2 495 1 3677 51
495 3 496 1 2157 405 8467 162
496 1 497 1
497 3 498 1 1871 79 7537 915
498 1 499 1
499 2 500 1 4582 876
500 2 501 1 3206 952
501 2 502 1 9452 816
502 1 503 1
503 1 504 1
504 2 505 1 4543 135
505 1 506 1
506 4 507 1 1452 698 7032 119 9293 638
507 2 508 1 2876 -92
508 2 509 1 1066 477
509 1 510 1
510 1 511 1
511 1 512 1
512 3 513 1 2069 112 2235 712
513 1 514 1
514 2 515 1 9818 231
515 2 516 1 4420 358
516 7 517 1 1979 792 2905 366 5166 748 6429 682 6497 311 7563 846
517 1 518 1
518 2 519 1 6227 -315
519 1 520 1
520 1 521 1
521 1 522 1
522 2 523 1 3724 969
523 1 524 1
524 1 525 1
525 2 526 1 3543 54
526 1 527 1
527 1 528 1
528 2 529 1 4928 -196
529 3 530 1 2460 -270 7342 138
530 1 531 1
531 3 532 1 3107 221 6332 557
532 1 533 1
533 1 534 1
534 2 535 1 4779 -374
535 2 536 1 663 30
536 2 537 1 9218 323
537 1 538 1
538 2 539 1 4048 -447
539 2 540 1 9632 -397
540 1 541 1
541 3 542 1 5347 -119 6879 198
542 2 543 1 9679 155
543 1 544 1
544 2 545 1 5993 284
545 1 546 1
546 1 547 1
547 1 548 1
548 1 549 1
549 1 550 1
550 2 551 1 6733 170
551 2 552 1 1202 374
552 2 553 1 4089 659
553 5 554 1 4030 315 6083 615 6786 -459 8367 394
554 3 555 1 3537 757 8549 640
555 4 556 1 941 260 1803 923 7715 323
556 1 557 1
557 3 558 1 4313 -429 7083 334
558 1 559 1
559 1 560 1
560 1 561 1
561 1 562 1
562 1 563 1
563 1 564 1
564 1 565 1
565 2 566 1 5134 666
566 1 567 1
567 1 568 1
568 2 569 1 6841 965
569 1 570 1
570 1 571 1
571 2 572 1 9768 -382
572 1 573 1
573 2 574 1 9972 234
574 1 575 1
575 1 576 1
576 5 577 1 1550 220 4468 760 5943 482 8483 808
577 2 578 1 6264 70
578 2 579 1 690 161
579 2 580 1 9795 -264
580 1 581 1
581 2 582 1 7497 714
582 2 583 1 9658 89
583 3 584 1 3516 -250 7339 243
584 2 585 1 8056 143
585 2 586 1 9455 67
586 2 587 1 4851 -451
587 1 588 1
588 2 589 1 9679 913
589 2 590 1 1984 855
590 3 591 1 2009 98 8353 449
591 3 592 1 3321 184 6238 151
592 1 593 1
593 3 594 1 2879 331 8071 782
594 3 595 1 3687 290 5005 522
595 3 596 1 606 263 8700 260
596 2 597 1 5992 -342
597 2 598 1 6905 -165
598 1 599 1
599 1 600 1
600 1 601 1
601 5 602 1 1460 -305 5176 11 5764 263 6896 298
602 1 603 1
603 5 604 1 3543 -448 6042 62 8896 842 9322 575
604 1 605 1
605 3 606 1 856 305 4596 462
606 1 607 1
607 1 608 1
608 2 609 1 2425 92
609 6 610 1 4686 698 6666 820 8324 365 8748 283 9661 345
610 1 611 1
611 1 612 1
612 2 613 1 7006 -366
613 1 614 1
614 3 615 1 2005 898 6825 541
615 1 616 1
616 2 617 1 999 123
617 2 618 1 7212 898
618 2 619 1 9626 -61
619 4 620 1 6188 195 8294 373 8705 451
620 1 621 1
621 2 622 1 7184 18
622 1 623 1
623 3 624 1 5120 188 5752 905
624 4 625 1 3174 930 6644 -187 9840 601
625 2 626 1 6687 780
626 4 627 1 779 -130 2268 972 3759 810
627 1 628 1
628 2 629 1 4240 439
629 4 630 1 1882 244 5645 240 5725 375
630 2 631 1 9645 789
631 3 632 1 6358 836 7748 316
632 3 633 1 3255 615 5679 950
633 3 634 1 2393 903 6587 -256
634 1 635 1
635 2 636 1 649 945
636 2 637 1 7675 99
637 3 638 1 2511 603 3276 580
638 1 639 1
639 2 640 1 6383 971
640 2 641 1 4257 121
641 2 642 1 4161 723
642 2 643 1 5909 381
643 3 644 1 1080 339 2294 295
644 2 645 1 5659 -391
645 2 646 1 3954 861
646 2 647 1 6508 -54
647 1 648 1
648 3 649 1 5285 -216 9872 819
649 5 650 1 1623 -19 4009 806 7756 579 8073 -374
650 3 651 1 2559 559 7717 173
651 2 652 1 7729 -258
652 2 653 1 7137 703
653 1 654 1
654 1 655 1
655 2 656 1 5531 169
656 6 657 1 3309 -433 4691 -241 5931 67 9528 413 9864 619
657 4 658 1 4289 110 4910 14 8409 228
658 2 659 1 5074 142
659 1 660 1
660 2 661 1 1716 -45
661 4 662 1 1425 157 8455 -208 9643 179
662 2 663 1 8750 838
663 1 664 1
664 4 665 1 2127 842 2350 309 3095 126
665 2 666 1 9657 -93
666 1 667 1
667 2 668 1 9420 319
668 2 669 1 7772 85
669 4 670 1 1186 955 2785 799 5065 -249
670 3 671 1 1464 -100 4128 767
671 1 672 1
672 3 673 1 3298 -421 9674 -189
673 1 674 1
674 1 675 1
675 1 676 1
676 2 677 1 6874 -393
677 1 678 1
678 2 679 1 5962 162
679 3 680 1 3201 131 9463 584
680 1 681 1
681 4 682 1 1727 437 4849 787 5774 -59
682 3 683 1 1498 189 1968 267
683 2 684 1 5651 782
684 1 685 1
685 1 686 1
686 4 687 1 923 364 1373 586 3995 60
687 3 688 1 7224 -64 8049 788
688 2 689 1 892 895
689 1 690 1
690 2 691 1 1044 146
691 1 692 1
692 1 693 1
693 2 694 1 4533 528
694 1 695 1
695 2 696 1 1830 953
696 1 697 1
697 1 698 1
698 2 699 1 9854 -113
699 1 700 1
700 3 701 1 1560 91 3343 724
701 1 702 1
702 1 703 1
703 1 704 1
704 1 705 1
705 2 706 1 2063 964
706 3 707 1 1253 161 4475 515
707 3 708 1 3966 290 9875 653
708 4 709 1 5321 429 6082 2 6603 541
709 5 710 1 2252 339 3611 139 5452 -492 6050 997
710 3 711 1 1029 -13 6411 873
711 3 712 1 1799 508 2939 435
712 1 713 1
713 1 714 1
714 1 715 1
715 3 716 1 1330 42 7154 396
716 3 717 1 5769 230 6553 493
717 2 718 1 5629 872
718 2 719 1 5021 19
719 1 720 1
720 1 721 1
721 2 722 1 5451 861
722 2 723 1 8859 877
723 3 724 1 7857 623 8799 -183
724 1 725 1
725 2 726 1 1371 272
726 2 727 1 6568 210
727 3 728 1 3253 211 6285 102
728 2 729 1 6902 526
729 1 730 1
730 1 731 1
731 2 732 1 9392 672
732 3 733 1 950 -15 3080 137
733 3 734 1 3581 827 5839 593
734 1 735 1
735 4 736 1 1785 223 3859 -399 6568 106
736 2 737 1 4705 -396
737 4 738 1 2188 547 4309 352 5561 752
738 2 739 1 1120 -481
739 3 740 1 6333 598 8600 946
740 2 741 1 2103 -169
741 2 742 1 2128 -340
742 1 743 1
743 2 744 1 9051 329
744 1 745 1
745 1 746 1
746 3 747 1 3376 985 9783 -87
747 1 748 1
748 2 749 1 1724 956
749 1 750 1
750 1 751 1
751 1 752 1
752 3 753 1 3499 121 5860 -151
753 2 754 1 3216 835
754 1 755 1
755 1 756 1
756 3 757 1 1689 49 6967 325
757 3 758 1 5347 769 6042 -470
758 3 759 1 1013 27 2162 718
759 1 760 1
760 1 761 1
761 2 762 1 8312 -89
762 3 763 1 7095 418 8139 789
763 2 764 1 5580 309
764 2 765 1 2867 277
765 1 766 1
766 3 767 1 2509 -46 7916 114
767 2 768 1 6887 901
768 1 769 1
769 2 770 1 3179 744
770 2 771 1 7963 997
771 1 772 1
772 1 773 1
773 1 774 1
774 1 775 1
775 2 776 1 6297 607
776 1 777 1
777 4 778 1 5887 -359 6435 421 7753 73
778 3 779 1 3361 -452 9867 404
779 2 780 1 5224 220
780 2 781 1 1785 728
781 2 782 1 5430 33
782 2 783 1 3464 996
783 3 784 1 4006 642 6556 530
784 2 785 1 7928 267
785 4 786 1 6042 608 6850 814 7699 -430
786 3 787 1 3111 406 8843 623
787 2 788 1 9460 171
788 4 789 1 3534 463 3974 241 7888 188
789 1 790 1
790 1 791 1
791 2 792 1 2363 230
792 3 793 1 9712 482 9949 284
793 2 794 1 3985 410
794 1 795 1
795 2 796 1 7788 423
796 1 797 1
797 3 798 1 921 41 7149 990
798 2 799 1 7138 362
799 1 800 1
800 2 801 1 9237 898
801 2 802 1 7910 -104
802 4 803 1 4969 269 6556 -245 7633 439
803 1 804 1
804 2 805 1 4690 25
805 4 806 1 8947 -344 9205 -295 9906 312
806 2 807 1 4478 570
807 1 808 1
808 1 809 1
809 3 810 1 6753 885 9102 -135
810 2 811 1 2491 235
811 2 812 1 3990 -6
812 1 813 1
813 2 814 1 6613 864
814 4 815 1 2756 659 4815 261 7861 -331
815 2 816 1 1616 819
816 2 817 1 882 239
817 3 818 1 921 677 7568 388
818 3 819 1 898 -271 6060 320
819 3 820 1 1066 357 5968 -18
820 1 821 1
821 4 822 1 1710 -156 2500 -473 8966 908
822 1 823 1
823 5 824 1 4160 420 5457 328 7033 595 7083 130
824 3 825 1 4345 572 9651 34
825 1 826 1
826 2 827 1 6655 -443
827 2 828 1 6287 960
828 3 829 1 4179 597 9392 629
829 1 830 1
830 3 831 1 5569 -229 8773 -269
831 2 832 1 6086 502
832 1 833 1
833 3 834 1 4150 356 5549 176
834 2 835 1 1840 164
835 2 836 1 4141 11
836 2 837 1 6936 245
837 1 838 1
838 2 839 1 8221 -122
839 3 840 1 3787 417 8801 724
840 1 841 1
841 3 842 1 3928 413 9483 365
842 2 843 1 4790 485
843 1 844 1
844 2 845 1 4262 -185
845 2 846 1 8496 989
846 2 847 1 8860 -451
847 1 848 1
848 1 849 1
849 1 850 1
850 1 851 1
851 2 852 1 3852 -130
852 4 853 1 1189 115 3608 438 3694 474
853 2 854 1 8029 -289
854 1 855 1
855 2 856 1 5004 -152
856 3 857 1 3995 582 9771 897
857 1 858 1
858 2 859 1 2397 783
859 1 860 1
860 1 861 1
861 1 862 1
862 2 863 1 4266 324
863 1 864 1
864 1 865 1
865 1 866 1
866 2 867 1 4759 31
867 1 868 1
868 2 869 1 8563 764
869 2 870 1 1125 756
870 1 871 1
871 1 872 1
872 2 873 1 3204 -124
873 2 874 1 6691 -164
874 2 875 1 2583 818
875 3 876 1 7245 800 7534 369
876 1 877 1
877 3 878 1 5657 -420 9836 692
878 2 879 1 1198 76
879 5 880 1 1973 13 3789 563 7719 251 9481 766
880 2 881 1 2256 201
881 2 882 1 8091 458
882 1 883 1
883 2 884 1 4070 174
884 2 885 1 6483 134
885 2 886 1 6661 842
886 3 887 1 4649 155 9651 1000
887 2 888 1 5807 8
888 2 889 1 8245 -272
889 1 890 1
890 1 891 1
891 3 892 1 2760 677 4122 254
892 1 893 1
893 2 894 1 3026 217
894 1 895 1
895 3 896 1 8153 99 8245 973
896 1 897 1
897 3 898 1 1133 -119 3235 92
898 3 899 1 4837 703 8008 300
899 1 900 1
900 1 901 1
901 3 902 1 2012 598 2581 120
902 3 903 1 1530 139 6633 530
903 2 904 1 9509 883
904 1 905 1
905 1 906 1
906 2 907 1 6332 594
907 4 908 1 4594 220 6437 777 7191 891
908 1 909 1
909 1 910 1
910 2 911 1 8936 467
911 2 912 1 7031 875
912 1 913 1
913 1 914 1
914 3 915 1 4333 305 9360 295
915 2 916 1 8544 -132
916 1 917 1
917 3 918 1 4102 618 9766 569
918 2 919 1 1160 86
919 2 920 1 4608 264
920 3 921 1 3266 255 3921 97
921 2 922 1 9353 -289
922 3 923 1 3076 -488 7238 195
923 2 924 1 6744 57
924 1 925 1
925 2 926 1 6727 787
926 2 927 1 7234 880
927 4 928 1 7160 77 8603 59 9957 896
928 2 929 1 8231 15
929 2 930 1 3202 183
930 1 931 1
931 1 932 1
932 1 933 1
933 1 934 1
934 2 935 1 9506 445
935 1 936 1
936 1 937 1
937 1 938 1
938 2 939 1 5111 -20
939 2 940 1 9123 -373
940 1 941 1
941 1 942 1
942 3 943 1 4974 971 6818 528
943 3 944 1 1725 498 3697 321
944 1 945 1
945 1 946 1
946 2 947 1 4176 512
947 3 948 1 6040 523 7635 893
948 1 949 1
949 1 950 1
950 1 951 1
951 3 952 1 6076 510 9862 -87
952 1 953 1
953 2 954 1 7405 644
954 1 955 1
955 2 956 1 3983 568
956 4 957 1 5430 548 6545 925 9586 971
957 1 958 1
958 1 959 1
959 2 960 1 6225 444
960 1 961 1
961 2 962 1 9861 -291
962 2 963 1 7204 780
963 2 964 1 7191 30
964 2 965 1 1305 647
965 1 966 1
966 2 967 1 5702 225
967 2 968 1 3213 204
968 2 969 1 991 723
969 3 970 1 7348 332 8341 858
970 3 971 1 6254 566 8954 135
971 1 972 1
972 2 973 1 3558 260
973 2 974 1 2465 632
974 1 975 1
975 2 976 1 3074 977
976 2 977 1 7617 380
977 3 978 1 2329 495 9636 576
978 3 979 1 3187 566 7516 677
979 1 980 1
980 1 981 1
981 2 982 1 8469 145
982 2 983 1 7547 842
983 1 984 1
984 3 985 1 7598 946 8675 -277
985 1 986 1
986 2 987 1 7563 925
987 1 988 1
988 3 989 1 7567 -254 7914 -424
989 2 990 1 7798 25
990 4 991 1 5869 -67 6519 850 8687 30
991 1 992 1
992 3 993 1 2267 -290 5239 641
993 2 994 1 6966 982
994 1 995 1
995 1 996 1
996 1 997 1
997 2 998 1 1573 -203
998 2 999 1 5229 32
999 2 1000 1 2843 439
1000 2 1001 1 3092 24
1001 3 1002 1 7315 181 7639 -24
1002 2 1003 1 1457 630
1003 2 1004 1 1833 78
1004 2 1005 1 5129 706
1005 2 1006 1 9566 221
1006 3 1007 1 1897 877 6068 834
1007 1 1008 1
1008 2 1009 1 9034 186
1009 2 1010 1 4750 686
1010 2 1011 1 4773 205
1011 1 1012 1
1012 2 1013 1 2735 242
1013 1 1014 1
1014 3 1015 1 2505 -144 5045 -21
1015 1 1016 1
1016 3 1017 1 3696 -35 8290 90
1017 2 1018 1 4990 438
1018 1 1019 1
1019 1 1020 1
1020 2 1021 1 2234 438
1021 3 1022 1 4531 912 9756 839
1022 4 1023 1 1129 766 6918 943 8970 216
1023 2 1024 1 2127 125
1024 2 1025 1 3422 644
1025 1 1026 1
1026 2 1027 1 9531 671
1027 1 1028 1
1028 1 1029 1
1029 2 1030 1 8483 652
1030 3 1031 1 2157 893 7920 320
1031 2 1032 1 1970 253
1032 1 1033 1
1033 3 1034 1 8296 -385 9875 -230
1034 2 1035 1 4939 -298
1035 1 1036 1
1036 3 1037 1 1132 627 8985 644
1037 2 1038 1 7700 119
1038 1 1039 1
1039 3 1040 1 8555 884 9770 312
1040 1 1041 1
1041 1 1042 1
1042 2 1043 1 1427 754
1043 1 1044 1
1044 2 1045 1 9659 88
1045 2 1046 1 2657 -144
1046 1 1047 1
1047 1 1048 1
1048 1 1049 1
1049 3 1050 1 2525 166 6782 865
1050 2 1051 1 2754 -311
1051 2 1052 1 1171 817
1052 2 1053 1 7130 327
1053 3 1054 1 2963 895 8896 811
1054 3 1055 1 1220 -100 8705 332
1055 1 1056 1
1056 1 1057 1
1057 3 1058 1 1750 609 3819 736
1058 1 1059 1
1059 5 1060 1 1870 -63 3255 98 5905 319 6603 563
1060 3 1061 1 4762 984 6294 302
1061 5 1062 1 1121 251 3574 868 6151 827 9073 144
1062 1 1063 1
1063 1 1064 1
1064 1 1065 1
1065 3 1066 1 1113 78 2074 -200
1066 3 1067 1 5372 563 9949 -182
1067 1 1068 1
1068 1 1069 1
1069 1 1070 1
1070 2 1071 1 8265 578
1071 1 1072 1
1072 1 1073 1
1073 2 1074 1 9702 751
1074 2 1075 1 9442 893
1075 3 1076 1 5739 201 9775 383
1076 2 1077 1 7909 194
1077 1 1078 1
1078 2 1079 1 1958 -233
1079 3 1080 1 3115 180 4856 553
1080 1 1081 1
1081 2 1082 1 3544 176
1082 2 1083 1 5393 456
1083 4 1084 1 2927 672 6274 833 9224 733
1084 3 1085 1 5771 30 8896 802
1085 1 1086 1
1086 2 1087 1 2656 123
1087 3 1088 1 1473 534 4182 31
1088 2 1089 1 5057 614
1089 1 1090 1
1090 1 1091 1
1091 2 1092 1 1373 951
1092 1 1093 1
1093 2 1094 1 3346 321
1094 3 1095 1 2504 -179 5456 866
1095 4 1096 1 1500 325 7263 -18 8728 -353
1096 2 1097 1 6084 537
1097 2 1098 1 7403 874
1098 4 1099 1 5955 -370 6536 561 9978 575
1099 2 1100 1 7157 620
1100 1 1101 1
1101 2 1102 1 4206 66
1102 1 1103 1
1103 2 1104 1 6948 552
1104 1 1105 1
1105 2 1106 1 2547 -230
1106 2 1107 1 6612 690
1107 1 1108 1
1108 1 1109 1
1109 3 1110 1 6384 -451 6506 -277
1110 1 1111 1
1111 3 1112 1 4094 414 8922 526
1112 1 1113 1
1113 4 1114 1 2762 360 8651 585 9078 430
1114 1 1115 1
1115 1 1116 1
1116 1 1117 1
1117 3 1118 1 8680 573 9080 414
1118 1 1119 1
1119 2 1120 1 7122 -444
1120 4 1121 1 2498 67 5691 -338 7815 226
1121 2 1122 1 8031 933
1122 3 1123 1 6746 975 7027 659
1123 3 1124 1 2316 747 6706 875
1124 1 1125 1
1125 4 1126 1 1200 -41 5608 -166 8819 36
1126 2 1127 1 8187 655
1127 1 1128 1
1128 1 1129 1
1129 2 1130 1 4024 458
1130 1 1131 1
1131 3 1132 1 6525 373 8555 431
1132 1 1133 1
1133 5 1134 1 3237 249 5446 312 6554 393 8576 569
1134 1 1135 1
1135 3 1136 1 2905 134 6010 236
1136 2 1137 1 8218 -254
1137 1 1138 1
1138 1 1139 1
1139 2 1140 1 4388 238
1140 1 1141 1
1141 3 1142 1 2696 470 9368 329
1142 1 1143 1
1143 1 1144 1
1144 1 1145 1
1145 1 1146 1
1146 2 1147 1 9326 241
1147 2 1148 1 8559 925
1148 3 1149 1 4902 349 5283 -330
1149 2 1150 1 9027 597
1150 3 1151 1 4174 -15 8972 36
1151 1 1152 1
1152 3 1153 1 3397 330 9045 466
1153 2 1154 1 6161 152
1154 1 1155 1
1155 1 1156 1
1156 2 1157 1 6100 530
1157 3 1158 1 5867 187 6887 601
1158 1 1159 1
1159 2 1160 1 8189 420
1160 4 1161 1 2057 367 5307 730 8006 934
1161 2 1162 1 2603 -375
1162 2 1163 1 6519 798
1163 2 1164 1 5081 511
1164 1 1165 1
1165 5 1166 1 5346 943 7599 156 7946 57 8055 -298
1166 2 1167 1 4577 -411
1167 2 1168 1 2684 -355
1168 2 1169 1 5650 760
1169 2 1170 1 6497 847
1170 1 1171 1
1171 2 1172 1 4481 -365
1172 1 1173 1
1173 1 1174 1
1174 1 1175 1
1175 2 1176 1 2155 347
1176 1 1177 1
1177 2 1178 1 1378 179
1178 2 1179 1 1343 255
1179 1 1180 1
1180 2 1181 1 6807 628
1181 2 1182 1 6637 411
1182 1 1183 1
1183 1 1184 1
1184 1 1185 1
1185 1 1186 1
1186 2 1187 1 5972 -277
1187 2 1188 1 2587 557
1188 4 1189 1 2100 601 2118 13 5965 50
1189 1 1190 1
1190 2 1191 1 6704 512
1191 1 1192 1
1192 4 1193 1 1477 -225 4447 427 9786 673
1193 2 1194 1 5284 78
1194 2 1195 1 2375 692
1195 2 1196 1 6382 -139
1196 1 1197 1
1197 3 1198 1 1417 431 4443 345
1198 1 1199 1
1199 1 1200 1
1200 3 1201 1 2934 959 9169 -476
1201 2 1202 1 8331 -63
1202 2 1203 1 3725 501
1203 1 1204 1
1204 3 1205 1 2723 -222 8900 702
1205 3 1206 1 8199 707 9904 -499
1206 1 1207 1
1207 2 1208 1 6208 -407
1208 3 1209 1 1705 827 8764 840
1209 1 1210 1
1210 1 1211 1
1211 2 1212 1 4230 903
1212 2 1213 1 9066 517
1213 2 1214 1 5977 718
1214 2 1215 1 9382 893
1215 1 1216 1
1216 1 1217 1
1217 2 1218 1 4767 350
1218 1 1219 1
1219 3 1220 1 6058 611 7320 219
1220 5 1221 1 5167 143 5904 273 8437 987 8504 -479
1221 1 1222 1
1222 2 1223 1 9735 232
1223 1 1224 1
1224 2 1225 1 4234 17
1225 3 1226 1 1531 -311 8687 -150
1226 1 1227 1
1227 1 1228 1
1228 1 1229 1
1229 1 1230 1
1230 1 1231 1
1231 1 1232 1
1232 1 1233 1
1233 2 1234 1 9706 49
1234 2 1235 1 9645 185
1235 1 1236 1
1236 1 1237 1
1237 1 1238 1
1238 2 1239 1 4276 547
1239 1 1240 1
1240 2 1241 1 7093 789
1241 2 1242 1 4314 381
1242 1 1243 1
1243 2 1244 1 9703 91
1244 1 1245 1
1245 3 1246 1 4406 -126 8551 427
1246 1 1247 1
1247 2 1248 1 8491 -130
1248 1 1249 1
1249 5 1250 1 2182 358 5312 -7 6808 454 7469 935
1250 1 1251 1
1251 5 1252 1 4175 268 4286 459 5379 818 6651 922
1252 1 1253 1
1253 3 1254 1 3213 -165 8330 722
1254 5 1255 1 2708 90 5226 668 6678 585 8344 -475
1255 5 1256 1 3886 626 4679 261 9005 988 9100 838
1256 2 1257 1 6492 781
1257 2 1258 1 7630 -263
1258 2 1259 1 4059 791
1259 2 1260 1 9152 330
1260 3 1261 1 1659 232 5335 999
1261 2 1262 1 2353 165
1262 2 1263 1 9654 358
1263 1 1264 1
1264 1 1265 1
1265 1 1266 1
1266 3 1267 1 6696 246 9220 -408
1267 1 1268 1
1268 4 1269 1 2050 130 2291 251 9571 581
1269 1 1270 1
1270 2 1271 1 3996 738
1271 2 1272 1 2202 631
1272 2 1273 1 7784 150
1273 4 1274 1 2282 707 5809 -245 8793 -344
1274 3 1275 1 3328 109 5667 128
1275 3 1276 1 3575 380 3855 514
1276 4 1277 1 2688 -45 9692 725 9792 327
1277 1 1278 1
1278 1 1279 1
1279 4 1280 1 3291 872 3980 526 8739 609
1280 1 1281 1
1281 3 1282 1 3614 384 5194 8
1282 6 1283 1 5200 794 5359 331 6048 772 6664 272 9411 689
1283 2 1284 1 8411 112
1284 2 1285 1 4080 669
1285 4 1286 1 3225 377 8412 715 9086 810
1286 3 1287 1 1562 -146 4762 753
1287 2 1288 1 1733 491
1288 1 1289 1
1289 2 1290 1 1911 990
1290 1 1291 1
1291 1 1292 1
1292 2 1293 1 4705 291
1293 2 1294 1 1307 -174
1294 1 1295 1
1295 2 1296 1 3879 889
1296 3 1297 1 4588 837 6484 -29
1297 1 1298 1
1298 1 1299 1
1299 3 1300 1 3017 740 9906 912
1300 1 1301 1
1301 1 1302 1
1302 1 1303 1
1303 3 1304 1 6026 40 8668 394
1304 3 1305 1 1702 387 2171 956
1305 2 1306 1 9522 816
1306 1 1307 1
1307 1 1308 1
1308 2 1309 1 8894 644
1309 5 1310 1 6827 58 7372 -472 8851 797 9873 -256
1310 3 1311 1 1358 995 7112 591
1311 1 1312 1
1312 2 1313 1 8312 677
1313 3 1314 1 5452 70 5540 267
1314 1 1315 1
1315 2 1316 1 9985 387
1316 3 1317 1 4541 877 9812 718
1317 1 1318 1
1318 3 1319 1 5034 -355 5796 574
1319 1 1320 1
1320 2 1321 1 5503 927
1321 2 1322 1 6816 626
1322 2 1323 1 8922 845
1323 1 1324 1
1324 3 1325 1 4901 -219 7670 693
1325 2 1326 1 9104 -10
1326 1 1327 1
1327 2 1328 1 3582 785
1328 1 1329 1
1329 4 1330 1 2146 523 6213 30 6864 486
1330 1 1331 1
1331 1 1332 1
1332 2 1333 1 2479 426
1333 4 1334 1 4012 446 7534 -334 8869 788
1334 1 1335 1
1335 3 1336 1 3196 845 3816 731
1336 1 1337 1
1337 1 1338 1
1338 2 1339 1 8768 752
1339 3 1340 1 3004 -293 7957 -265
1340 1 1341 1
1341 3 1342 1 3299 -93 4047 298
1342 2 1343 1 3187 572
1343 6 1344 1 2113 764 2843 -490 8927 140 9042 114 9888 553
1344 1 1345 1
1345 1 1346 1
1346 1 1347 1
1347 2 1348 1 2279 492
1348 1 1349 1
1349 1 1350 1
1350 2 1351 1 4953 -423
1351 1 1352 1
1352 2 1353 1 7314 -157
1353 3 1354 1 5086 540 7487 994
1354 5 1355 1 2160 432 4043 -132 5252 37 7661 360
1355 3 1356 1 1985 775 8256 735
1356 1 1357 1
1357 1 1358 1
1358 1 1359 1
1359 3 1360 1 5446 367 7918 199
1360 2 1361 1 3421 727
1361 2 1362 1 6591 -254
1362 3 1363 1 3434 141 4397 875
1363 2 1364 1 5711 360
1364 1 1365 1
1365 1 1366 1
1366 2 1367 1 8810 358
1367 4 1368 1 2720 546 5524 414 6764 522
1368 1 1369 1
1369 1 1370 1
1370 2 1371 1 9531 905
1371 1 1372 1
1372 2 1373 1 7563 254
1373 1 1374 1
1374 2 1375 1 5191 503
1375 2 1376 1 8057 478
1376 1 1377 1
1377 3 1378 1 5647 -146 7109 929
1378 2 1379 1 3524 498
1379 4 1380 1 3799 745 4756 -370 5483 39
1380 1 1381 1
1381 3 1382 1 2048 296 6039 150
1382 1 1383 1
1383 2 1384 1 9666 177
1384 1 1385 1
1385 1 1386 1
1386 1 1387 1
1387 1 1388 1
1388 1 1389 1
1389 1 1390 1
1390 3 1391 1 3492 746 6912 499
1391 1 1392 1
1392 2 1393 1 3898 979
1393 3 1394 1 7289 399 8878 -174
1394 1 1395 1
1395 2 1396 1 7698 -235
1396 2 1397 1 4009 281
1397 2 1398 1 5135 807
1398 2 1399 1 7814 594
1399 1 1400 1
1400 2 1401 1 9644 48
1401 1 1402 1
1402 1 1403 1
1403 1 1404 1
1404 2 1405 1 5289 987
1405 2 1406 1 8106 494
1406 2 1407 1 8656 960
1407 3 1408 1 3943 406 6413 623
1408 3 1409 1 1751 201 9516 782
1409 2 1410 1 6799 -200
1410 1 1411 1
1411 1 1412 1
1412 3 1413 1 3461 -146 9425 -48
1413 1 1414 1
1414 1 1415 1
1415 1 1416 1
1416 1 1417 1
1417 3 1418 1 4749 619 6444 453
1418 1 1419 1
1419 1 1420 1
1420 1 1421 1
1421 3 1422 1 5231 295 9099 889
1422 1 1423 1
1423 1 1424 1
1424 3 1425 1 4975 90 6104 27
1425 2 1426 1 8232 697
1426 3 1427 1 2739 456 9852 924
1427 1 1428 1
1428 1 1429 1
1429 2 1430 1 9847 -121
1430 2 1431 1 9857 746
1431 2 1432 1 9586 114
1432 1 1433 1
1433 2 1434 1 3597 105
1434 1 1435 1
1435 2 1436 1 4537 705
1436 4 1437 1 6240 470 7424 24 8260 221
1437 2 1438 1 7041 473
1438 2 1439 1 7613 119
1439 2 1440 1 7429 -413
1440 2 1441 1 5721 -487
1441 1 1442 1
1442 3 1443 1 5475 -248 9897 -478
1443 2 1444 1 5029 -141
1444 1 1445 1
1445 3 1446 1 1495 167 6789 -439
1446 1 1447 1
1447 2 1448 1 8002 478
1448 3 1449 1 6999 931 7709 830
1449 2 1450 1 3427 530
1450 3 1451 1 8119 925 8870 -161
1451 3 1452 1 2988 392 6047 93
1452 1 1453 1
1453 4 1454 1 4244 107 5682 120 7455 441
1454 1 1455 1
1455 1 1456 1
1456 2 1457 1 1920 55
1457 3 1458 1 1773 191 2281 859
1458 4 1459 1 4308 123 5998 632 9528 -493
1459 1 1460 1
1460 2 1461 1 3664 660
1461 2 1462 1 2438 -472
1462 3 1463 1 4324 781 7775 646
1463 1 1464 1
1464 1 1465 1
1465 1 1466 1
1466 3 1467 1 6838 346 8791 400
1467 1 1468 1
1468 1 1469 1
1469 4 1470 1 2750 907 8477 98 8955 494
1470 2 1471 1 4485 181
1471 3 1472 1 4733 110 9562 -250
1472 3 1473 1 4071 962 9867 858
1473 2 1474 1 6528 -289
1474 1 1475 1
1475 2 1476 1 7636 171
1476 4 1477 1 6629 673 7458 418 9221 36
1477 2 1478 1 4166 304
1478 4 1479 1 5300 939 5339 412 9697 155
1479 2 1480 1 5262 23
1480 3 1481 1 1814 429 6248 238
1481 3 1482 1 9258 855 9725 547
1482 4 1483 1 5820 483 5989 628 9856 542
1483 3 1484 1 5421 221 7012 393
1484 3 1485 1 4785 925 9931 765
1485 1 1486 1
1486 4 1487 1 3388 -259 8185 193 8817 238
1487 1 1488 1
1488 2 1489 1 5490 915
1489 1 1490 1
1490 1 1491 1
1491 2 1492 1 3332 550
1492 1 1493 1
1493 1 1494 1
1494 2 1495 1 2439 818
1495 1 1496 1
1496 1 1497 1
1497 1 1498 1
1498 4 1499 1 1748 960 1807 354 7458 72
1499 1 1500 1
1500 3 1501 1 6090 746 6234 360
1501 3 1502 1 3015 816 3201 988
1502 2 1503 1 6632 -167
1503 2 1504 1 9726 -342
1504 1 1505 1
1505 2 1506 1 7503 975
1506 4 1507 1 5692 471 7139 655 7283 26
1507 1 1508 1
1508 1 1509 1
1509 1 1510 1
1510 4 1511 1 1816 874 6406 -248 7680 473
1511 1 1512 1
1512 2 1513 1 7704 -419
1513 1 1514 1
1514 2 1515 1 2485 -4
1515 3 1516 1 3002 999 3418 910
1516 2 1517 1 3010 517
1517 2 1518 1 6744 -374
1518 2 1519 1 9452 -244
1519 3 1520 1 3077 363 9251 910
1520 2 1521 1 7840 -355
1521 2 1522 1 2047 234
1522 2 1523 1 3586 768
1523 2 1524 1 9807 813
1524 2 1525 1 5329 209
1525 3 1526 1 2547 625 8469 977
1526 2 1527 1 5219 82
1527 1 1528 1
1528 1 1529 1
1529 2 1530 1 5834 40
1530 1 1531 1
1531 2 1532 1 6930 284
1532 1 1533 1
1533 1 1534 1
1534 2 1535 1 9362 970
1535 3 1536 1 1850 -83 2791 863
1536 1 1537 1
1537 4 1538 1 5352 -429 6899 978 9018 562
1538 2 1539 1 5861 319
1539 3 1540 1 3481 122 8418 -257
1540 3 1541 1 5712 877 9500 325
1541 1 1542 1
1542 1 1543 1
1543 3 1544 1 8091 150 9722 810
1544 2 1545 1 5348 -259
1545 3 1546 1 4591 584 5178 219
1546 2 1547 1 6204 749
1547 1 1548 1
1548 2 1549 1 7014 -440
1549 2 1550 1 8128 903
1550 3 1551 1 3024 911 3990 -255
1551 3 1552 1 4223 700 4650 -240
1552 1 1553 1
1553 2 1554 1 6959 843
1554 1 1555 1
1555 2 1556 1 3291 212
1556 1 1557 1
1557 1 1558 1
1558 2 1559 1 8126 245
1559 1 1560 1
1560 1 1561 1
1561 1 1562 1
1562 3 1563 1 3310 651 3719 208
1563 2 1564 1 5480 9
1564 2 1565 1 3256 480
1565 2 1566 1 9971 475
1566 1 1567 1
1567 3 1568 1 3991 712 5460 843
1568 1 1569 1
1569 2 1570 1 6933 812
1570 1 1571 1
1571 4 1572 1 4181 518 6977 60 7704 127
1572 1 1573 1
1573 3 1574 1 4149 -303 9480 786
1574 1 1575 1
1575 1 1576 1
1576 4 1577 1 4834 282 6483 273 8671 130
1577 2 1578 1 2816 220
1578 1 1579 1
1579 1 1580 1
1580 1 1581 1
1581 4 1582 1 4719 909 6857 42 8784 -7
1582 1 1583 1
1583 3 1584 1 7296 -262 9219 66
1584 2 1585 1 3411 84
1585 3 1586 1 7964 -38 9032 -46
1586 3 1587 1 7154 103 9974 922
1587 1 1588 1
1588 1 1589 1
1589 2 1590 1 5859 248
1590 1 1591 1
1591 4 1592 1 3422 505 4865 142 7549 735
1592 3 1593 1 4524 -31 8272 -465
1593 1 1594 1
1594 1 1595 1
1595 3 1596 1 8076 210 8209 101
1596 1 1597 1
1597 1 1598 1
1598 2 1599 1 7036 505
1599 2 1600 1 2753 342
1600 3 1601 1 3040 -207 4970 133
1601 1 1602 1
1602 1 1603 1
1603 3 1604 1 3504 713 5602 -23
1604 2 1605 1 2477 606
1605 1 1606 1
1606 1 1607 1
1607 3 1608 1 2698 300 6125 570
1608 2 1609 1 8176 -467
1609 3 1610 1 4621 737 6443 983
1610 2 1611 1 5308 817
1611 2 1612 1 9490 128
1612 3 1613 1 4339 970 4473 678
1613 2 1614 1 2374 21
1614 3 1615 1 3156 407 8649 -211
1615 2 1616 1 3760 861
1616 2 1617 1 9189 75
1617 1 1618 1
1618 1 1619 1
1619 3 1620 1 7265 660 8435 581
1620 1 1621 1
1621 3 1622 1 3242 152 8604 13
1622 1 1623 1
1623 2 1624 1 9403 -405
1624 1 1625 1
1625 1 1626 1
1626 2 1627 1 9699 518
1627 1 1628 1
1628 3 1629 1 4464 -49 5449 926
1629 3 1630 1 2238 699 7086 283
1630 1 1631 1
1631 2 1632 1 2774 73
1632 1 1633 1
1633 1 1634 1
1634 2 1635 1 9499 819
1635 1 1636 1
1636 3 1637 1 1916 283 2199 130
1637 2 1638 1 2433 -137
1638 1 1639 1
1639 3 1640 1 1727 413 5989 770
1640 1 1641 1
1641 4 1642 1 5156 392 6426 -122 9942 822
1642 2 1643 1 4311 36
1643 2 1644 1 3456 588
1644 1 1645 1
1645 3 1646 1 4527 157 9765 67
1646 1 1647 1
1647 2 1648 1 1720 510
1648 2 1649 1 2155 451
1649 1 1650 1
1650 3 1651 1 6874 -308 9780 74
1651 3 1652 1 1747 67 2673 9
1652 2 1653 1 5298 -399
1653 4 1654 1 3659 310 5402 82 6582 484
1654 2 1655 1 6170 938
1655 2 1656 1 5489 594
1656 1 1657 1
1657 3 1658 1 2646 451 2957 747
1658 1 1659 1
1659 5 1660 1 4372 604 5090 726 5346 777 6721 -32
1660 7 1661 1 4454 -129 5244 691 6735 997 6762 274 7857 552 8520 865
1661 3 1662 1 5836 -115 7820 840
1662 1 1663 1
1663 5 1664 1 1697 749 2176 358 6470 119 6695 287
1664 3 1665 1 2917 395 6622 199
1665 2 1666 1 8231 163
1666 1 1667 1
1667 2 1668 1 2695 989
1668 1 1669 1
1669 1 1670 1
1670 1 1671 1
1671 1 1672 1
1672 1 1673 1
1673 3 1674 1 2158 693 7061 534
1674 2 1675 1 3240 486
1675 1 1676 1
1676 1 1677 1
1677 1 1678 1
1678 3 1679 1 3715 17 6674 504
1679 2 1680 1 8178 466
1680 2 1681 1 3661 -403
1681 1 1682 1
1682 2 1683 1 5764 705
1683 2 1684 1 1949 773
1684 1 1685 1
1685 1 1686 1
1686 2 1687 1 4264 158
1687 3 1688 1 2106 613 2230 945
1688 4 1689 1 2782 949 4251 121 8425 -170
1689 1 1690 1
1690 2 1691 1 6126 288
1691 2 1692 1 7006 863
1692 2 1693 1 6077 735
1693 3 1694 1 5619 904 6629 642
1694 3 1695 1 4737 -235 9807 19
1695 3 1696 1 1889 -15 9988 535
1696 2 1697 1 5693 469
1697 3 1698 1 8782 68 9473 909
1698 1 1699 1
1699 2 1700 1 6277 52
1700 1 1701 1
1701 1 1702 1
1702 2 1703 1 4682 976
1703 3 1704 1 4231 354 4379 551
1704 2 1705 1 3223 789
1705 2 1706 1 6228 88
1706 1 1707 1
1707 1 1708 1
1708 2 1709 1 8215 670
1709 2 1710 1 8171 157
1710 2 1711 1 2059 -460
1711 2 1712 1 9724 103
1712 2 1713 1 4621 936
1713 2 1714 1 6987 315
1714 4 1715 1 4414 311 5134 57 9252 348
1715 2 1716 1 6329 785
1716 2 1717 1 9763 251
1717 1 1718 1
1718 2 1719 1 4249 595
1719 2 1720 1 4300 908
1720 2 1721 1 8103 26
1721 2 1722 1 8659 779
1722 2 1723 1 4270 384
1723 1 1724 1
1724 1 1725 1
1725 3 1726 1 5570 245 5716 388
1726 1 1727 1
1727 3 1728 1 2663 326 5325 247
1728 1 1729 1
1729 1 1730 1
1730 1 1731 1
1731 3 1732 1 3839 72 5396 -85
1732 2 1733 1 3862 919
1733 3 1734 1 2836 346 5860 446
1734 4 1735 1 3153 90 6099 178 6579 -404
1735 4 1736 1 5360 -395 5645 783 9749 136
1736 2 1737 1 8204 -10
1737 1 1738 1
1738 2 1739 1 3361 547
1739 1 1740 1
1740 3 1741 1 4832 955 9431 123
1741 1 1742 1
1742 1 1743 1
1743 1 1744 1
1744 1 1745 1
1745 3 1746 1 4562 383 5994 677
1746 2 1747 1 9534 363
1747 3 1748 1 4881 -79 8338 573
1748 4 1749 1 3203 980 6502 361 7044 699
1749 1 1750 1
1750 1 1751 1
1751 3 1752 1 2093 812 8199 484
1752 1 1753 1
1753 4 1754 1 3185 804 7399 -451 8924 611
1754 3 1755 1 6597 362 8610 420
1755 2 1756 1 2122 250
1756 1 1757 1
1757 3 1758 1 2602 553 9843 195
1758 1 1759 1
1759 1 1760 1
1760 2 1761 1 3566 -400
1761 1 1762 1
1762 2 1763 1 2337 908
1763 3 1764 1 3183 938 6349 687
1764 2 1765 1 3628 -449
1765 1 1766 1
1766 3 1767 1 4712 -388 5902 538
1767 2 1768 1 7677 354
1768 1 1769 1
1769 2 1770 1 6145 287
1770 3 1771 1 2843 572 9722 -245
1771 3 1772 1 2364 951 9763 355
1772 2 1773 1 2636 -408
1773 2 1774 1 6995 807
1774 2 1775 1 6350 642
1775 3 1776 1 4051 771 7983 -302
1776 1 1777 1
1777 1 1778 1
1778 3 1779 1 2952 132 8310 283
1779 1 1780 1
1780 1 1781 1
1781 1 1782 1
1782 7 1783 1 1792 426 2284 67 3746 -438 5621 630 8093 185 9454 -96
1783 3 1784 1 2515 -497 8169 -54
1784 1 1785 1
1785 2 1786 1 7355 252
1786 4 1787 1 2460 420 4214 968 5162 328
1787 3 1788 1 2562 506 9817 640
1788 2 1789 1 7851 149
1789 3 1790 1 5557 833 5905 231
1790 1 1791 1
1791 2 1792 1 9573 526
1792 3 1793 1 6560 -485 8851 779
1793 3 1794 1 5450 234 8808 236
1794 2 1795 1 1918 520
1795 1 1796 1
1796 2 1797 1 2581 65
1797 4 1798 1 3353 252 3515 877 9771 -72
1798 2 1799 1 4031 984
1799 3 1800 1 4548 956 7327 856
1800 2 1801 1 8420 278
1801 4 1802 1 3567 -25 4929 804 6646 912
1802 1 1803 1
1803 5 1804 1 2949 400 5574 310 6980 -178 9970 -195
1804 1 1805 1
1805 3 1806 1 2734 744 4004 956
1806 2 1807 1 4991 900
1807 1 1808 1
1808 2 1809 1 5015 265
1809 1 1810 1
1810 1 1811 1
1811 5 1812 1 2111 454 7159 283 7735 49 9428 888
1812 3 1813 1 6034 -112 9199 576
1813 2 1814 1 3825 170
1814 3 1815 1 2391 836 9579 431
1815 1 1816 1
1816 2 1817 1 8432 -119
1817 1 1818 1
1818 1 1819 1
1819 1 1820 1
1820 2 1821 1 6658 882
1821 4 1822 1 2923 315 5469 68 6285 792
1822 3 1823 1 6534 -159 7819 -157
1823 1 1824 1
1824 1 1825 1
1825 2 1826 1 6201 -176
1826 2 1827 1 4451 525
1827 2 1828 1 2270 -129
1828 2 1829 1 4007 923
1829 2 1830 1 3259 655
1830 1 1831 1
1831 1 1832 1
1832 2 1833 1 2944 231
1833 1 1834 1
1834 1 1835 1
1835 1 1836 1
1836 4 1837 1 2574 654 5491 42 8087 374
1837 1 1838 1
1838 3 1839 1 4099 26 4703 565
1839 1 1840 1
1840 2 1841 1 4411 746
1841 1 1842 1
1842 2 1843 1 9296 313
1843 1 1844 1
1844 2 1845 1 8928 -151
1845 2 1846 1 7862 211
1846 3 1847 1 8540 128 8812 -47
1847 2 1848 1 4040 971
1848 2 1849 1 8022 966
1849 1 1850 1
1850 1 1851 1
1851 3 1852 1 4207 -23 4365 639
1852 1 1853 1
1853 2 1854 1 9533 -263
1854 3 1855 1 3835 253 7996 167
1855 5 1856 1 2417 641 2430 507 5553 405 7760 357
1856 2 1857 1 4794 688
1857 1 1858 1
1858 2 1859 1 4311 946
1859 3 1860 1 4289 857 7537 561
1860 2 1861 1 9027 814
1861 1 1862 1
1862 1 1863 1
1863 2 1864 1 7526 118
1864 2 1865 1 9939 215
1865 3 1866 1 4210 974 7056 140
1866 2 1867 1 7361 487
1867 2 1868 1 9531 -76
1868 1 1869 1
1869 2 1870 1 1985 529
1870 3 1871 1 2443 13 7740 755
1871 3 1872 1 2363 305 4648 548
1872 1 1873 1
1873 1 1874 1
1874 4 1875 1 3440 686 3754 55 6306 833
1875 1 1876 1
1876 1 1877 1
1877 1 1878 1
1878 1 1879 1
1879 3 1880 1 2838 705 4986 644
1880 2 1881 1 4969 328
1881 2 1882 1 4004 631
1882 2 1883 1 4209 1000
1883 1 1884 1
1884 1 1885 1
1885 1 1886 1
1886 2 1887 1 7662 305
1887 3 1888 1 6366 -321 9151 646
1888 2 1889 1 3033 16
1889 2 1890 1 6099 482
1890 1 1891 1
1891 1 1892 1
1892 1 1893 1
1893 4 1894 1 2255 736 7181 322 9327 885
1894 2 1895 1 4008 104
1895 2 1896 1 4047 869
1896 1 1897 1
1897 2 1898 1 3496 268
1898 4 1899 1 2791 378 6538 -351 8333 924
1899 1 1900 1
1900 1 1901 1
1901 1 1902 1
1902 4 1903 1 3194 369 4076 553 9764 -227
1903 4 1904 1 3592 838 7216 -165 8734 -229
1904 2 1905 1 4011 876
1905 2 1906 1 6285 -445
1906 1 1907 1
1907 2 1908 1 2551 7
1908 2 1909 1 4805 47
1909 3 1910 1 2565 82 9798 964
1910 3 1911 1 3466 -47 7217 446
1911 1 1912 1
1912 2 1913 1 2667 96
1913 1 1914 1
1914 2 1915 1 7570 860
1915 1 1916 1
1916 2 1917 1 3067 681
1917 2 1918 1 6180 423
1918 3 1919 1 6552 -203 8586 331
1919 2 1920 1 3177 545
1920 3 1921 1 3387 -440 8864 555
1921 3 1922 1 4398 220 6828 -84
1922 1 1923 1
1923 2 1924 1 5980 317
1924 1 1925 1
1925 2 1926 1 5792 83
1926 2 1927 1 6507 336
1927 2 1928 1 5085 669
1928 1 1929 1
1929 1 1930 1
1930 1 1931 1
1931 2 1932 1 9746 911
1932 2 1933 1 3313 275
1933 2 1934 1 6457 -335
1934 2 1935 1 4931 981
1935 3 1936 1 3024 -211 4738 151
1936 3 1937 1 4392 679 8219 896
1937 1 1938 1
1938 2 1939 1 6771 386
1939 1 1940 1
1940 2 1941 1 2014 961
1941 1 1942 1
1942 1 1943 1
1943 1 1944 1
1944 2 1945 1 6792 512
1945 1 1946 1
1946 2 1947 1 8401 -300
1947 2 1948 1 8541 164
1948 1 1949 1
1949 3 1950 1 9494 204 9614 -242
1950 3 1951 1 4793 101 6194 959
1951 1 1952 1
1952 2 1953 1 7291 276
1953 3 1954 1 2582 124 2857 103
1954 2 1955 1 6557 624
1955 2 1956 1 3849 362
1956 2 1957 1 4430 685
1957 1 1958 1
1958 1 1959 1
1959 4 1960 1 2679 436 3739 578 4884 850
1960 2 1961 1 2282 -492
1961 1 1962 1
1962 3 1963 1 4041 646 9247 851
1963 2 1964 1 6188 686
1964 3 1965 1 8033 -406 9256 884
1965 1 1966 1
1966 1 1967 1
1967 4 1968 1 2250 99 2374 -19 4179 -427
1968 1 1969 1
1969 1 1970 1
1970 1 1971 1
1971 2 1972 1 9769 -390
1972 1 1973 1
1973 3 1974 1 2588 43 6276 381
1974 2 1975 1 8820 762
1975 1 1976 1
1976 2 1977 1 4827 490
1977 1 1978 1
1978 1 1979 1
1979 3 1980 1 2684 757 9760 69
1980 1 1981 1
1981 2 1982 1 5739 334
1982 2 1983 1 8569 428
1983 3 1984 1 3022 732 9891 339
1984 1 1985 1
1985 1 1986 1
1986 2 1987 1 8208 -135
1987 3 1988 1 2524 355 8624 962
1988 4 1989 1 2348 931 3051 492 8903 481
1989 1 1990 1
1990 2 1991 1 8171 -244
1991 1 1992 1
1992 1 1993 1
1993 5 1994 1 2642 883 2813 461 2831 457 7602 -48
1994 2 1995 1 6295 629
1995 1 1996 1
1996 4 1997 1 6521 265 6704 895 6758 297
1997 1 1998 1
1998 4 1999 1 2727 -184 5143 627 8084 761
1999 4 2000 1 2172 440 4257 18 4620 -39
2000 3 2001 1 7054 73 8643 581
2001 1 2002 1
2002 1 2003 1
2003 2 2004 1 5825 727
2004 2 2005 1 6129 -214
2005 1 2006 1
2006 1 2007 1
2007 2 2008 1 6989 -204
2008 1 2009 1
2009 1 2010 1
2010 4 2011 1 4651 710 7299 361 9742 -436
2011 1 2012 1
2012 1 2013 1
2013 1 2014 1
2014 1 2015 1
2015 2 2016 1 4586 520
2016 2 2017 1 3952 676
2017 1 2018 1
2018 1 2019 1
2019 1 2020 1
2020 2 2021 1 6979 153
2021 1 2022 1
2022 1 2023 1
2023 2 2024 1 3399 391
2024 2 2025 1 2813 74
2025 2 2026 1 3491 34
2026 1 2027 1
2027 1 2028 1
2028 2 2029 1 8674 168
2029 1 2030 1
2030 1 2031 1
2031 2 2032 1 6780 866
2032 3 2033 1 2845 343 3954 451
2033 2 2034 1 8551 -357
2034 2 2035 1 3047 896
2035 1 2036 1
2036 3 2037 1 4502 461 7691 -281
2037 2 2038 1 6839 85
2038 2 2039 1 2282 194
2039 3 2040 1 6947 65 7237 820
2040 2 2041 1 4699 220
2041 4 2042 1 4918 639 7416 730 8664 744
2042 2 2043 1 9556 799
2043 1 2044 1
2044 2 2045 1 2612 144
2045 4 2046 1 3456 524 6322 346 8310 413
2046 1 2047 1
2047 4 2048 1 4217 968 6204 -411 7755 917
2048 1 2049 1
2049 1 2050 1
2050 1 2051 1
2051 1 2052 1
2052 5 2053 1 5960 -286 6227 201 6945 974 9663 -323
2053 2 2054 1 5048 126
2054 3 2055 1 6979 259 7933 611
2055 3 2056 1 4531 958 8071 -233
2056 1 2057 1
2057 4 2058 1 4167 -135 9617 992 9757 955
2058 2 2059 1 5978 252
2059 2 2060 1 4161 919
2060 1 2061 1
2061 2 2062 1 9396 946
2062 1 2063 1
2063 1 2064 1
2064 1 2065 1
2065 2 2066 1 5980 727
2066 1 2067 1
2067 3 2068 1 3557 25 7415 991
2068 4 2069 1 5319 604 7251 146 7929 865
2069 1 2070 1
2070 3 2071 1 6619 351 7435 -444
2071 1 2072 1
2072 2 2073 1 4060 676
2073 2 2074 1 4831 524
2074 3 2075 1 2828 -378 3732 260
2075 2 2076 1 4416 -59
2076 1 2077 1
2077 1 2078 1
2078 3 2079 1 4952 424 8869 554
2079 2 2080 1 6590 869
2080 2 2081 1 4222 302
2081 3 2082 1 6897 40 7637 647
2082 3 2083 1 4882 583 8109 31
2083 1 2084 1
2084 2 2085 1 5084 979
2085 2 2086 1 6670 860
2086 2 2087 1 9247 331
2087 2 2088 1 8748 789
2088 2 2089 1 3890 843
2089 2 2090 1 3618 555
2090 2 2091 1 2491 771
2091 1 2092 1
2092 3 2093 1 5123 594 5177 594
2093 1 2094 1
2094 1 2095 1
2095 3 2096 1 5253 164 8962 -208
2096 3 2097 1 3400 420 9992 -211
2097 1 2098 1
2098 2 2099 1 5484 116
2099 2 2100 1 9856 906
2100 1 2101 1
2101 4 2102 1 3301 -322 5649 -219 7490 90
2102 3 2103 1 3227 73 9638 -204
2103 1 2104 1
2104 2 2105 1 4553 42
2105 1 2106 1
2106 1 2107 1
2107 3 2108 1 2687 834 4752 368
2108 2 2109 1 2874 860
2109 1 2110 1
2110 2 2111 1 4163 6
2111 2 2112 1 6066 267
2112 1 2113 1
2113 3 2114 1 3567 656 9088 399
2114 2 2115 1 3996 407
2115 1 2116 1
2116 3 2117 1 4465 -200 7459 503
2117 1 2118 1
2118 1 2119 1
2119 2 2120 1 3126 737
2120 2 2121 1 4506 348
2121 1 2122 1
2122 1 2123 1
2123 2 2124 1 8457 283
2124 2 2125 1 2132 534
2125 2 2126 1 8693 428
2126 1 2127 1
2127 2 2128 1 7739 425
2128 1 2129 1
2129 1 2130 1
2130 1 2131 1
2131 2 2132 1 5675 122
2132 2 2133 1 8556 40
2133 3 2134 1 3765 308 5948 -176
2134 2 2135 1 4322 985
2135 2 2136 1 9799 956
2136 1 2137 1
2137 3 2138 1 5357 67 7157 986
2138 3 2139 1 2532 -249 5868 -64
2139 1 2140 1
2140 1 2141 1
2141 1 2142 1
2142 2 2143 1 8789 -129
2143 4 2144 1 6378 -352 8031 691 9381 566
2144 4 2145 1 2505 373 3072 883 4509 543
2145 2 2146 1 3012 714
2146 2 2147 1 4848 834
2147 1 2148 1
2148 3 2149 1 4372 646 7631 138
2149 4 2150 1 3646 -196 4992 -246 8883 300
2150 2 2151 1 7343 420
2151 5 2152 1 3471 82 4293 994 4718 880 8230 191
2152 2 2153 1 6103 680
2153 2 2154 1 8513 243
2154 3 2155 1 6063 894 7912 556
2155 3 2156 1 4788 713 9287 -55
2156 1 2157 1
2157 1 2158 1
2158 2 2159 1 5108 702
2159 1 2160 1
2160 1 2161 1
2161 1 2162 1
2162 2 2163 1 2228 2
2163 4 2164 1 2398 593 4796 484 9876 591
2164 3 2165 1 5472 35 9329 718
2165 3 2166 1 4403 17 7915 132
2166 3 2167 1 2373 882 8772 803
2167 1 2168 1
2168 2 2169 1 5729 114
2169 3 2170 1 4203 -324 9109 -314
2170 3 2171 1 3534 431 4742 89
2171 4 2172 1 2753 871 3082 766 7980 -321
2172 1 2173 1
2173 1 2174 1
2174 1 2175 1
2175 1 2176 1
2176 1 2177 1
2177 2 2178 1 2698 -104
2178 1 2179 1
2179 1 2180 1
2180 3 2181 1 4834 408 8277 -307
2181 5 2182 1 2955 -302 3733 927 7965 13 9284 692
2182 3 2183 1 2683 866 8260 719
2183 1 2184 1
2184 1 2185 1
2185 2 2186 1 5429 917
2186 4 2187 1 3656 662 3709 694 6050 921
2187 1 2188 1
2188 1 2189 1
2189 1 2190 1
2190 4 2191 1 2515 177 3743 -378 8566 -206
2191 1 2192 1
2192 2 2193 1 2910 267
2193 3 2194 1 6247 -171 6373 -72
2194 2 2195 1 7832 621
2195 2 2196 1 3004 -437
2196 1 2197 1
2197 1 2198 1
2198 1 2199 1
2199 2 2200 1 9138 -425
2200 2 2201 1 7656 736
2201 1 2202 1
2202 1 2203 1
2203 1 2204 1
2204 1 2205 1
2205 1 2206 1
2206 2 2207 1 8416 -353
2207 4 2208 1 2720 434 3248 653 5519 522
2208 1 2209 1
2209 2 2210 1 5970 627
2210 1 2211 1
2211 2 2212 1 9710 326
2212 1 2213 1
2213 1 2214 1
2214 3 2215 1 4943 169 9347 510
2215 3 2216 1 5505 525 8375 334
2216 1 2217 1
2217 2 2218 1 8780 269
2218 2 2219 1 7859 996
2219 3 2220 1 3695 -371 4489 562
2220 1 2221 1
2221 2 2222 1 2724 323
2222 2 2223 1 6940 -98
2223 2 2224 1 6472 340
2224 1 2225 1
2225 1 2226 1
2226 1 2227 1
2227 1 2228 1
2228 1 2229 1
2229 1 2230 1
2230 2 2231 1 5563 528
2231 4 2232 1 4567 18 7763 117 9753 291
2232 1 2233 1
2233 2 2234 1 7651 965
2234 1 2235 1
2235 1 2236 1
2236 2 2237 1 8810 924
2237 1 2238 1
2238 3 2239 1 4059 -452 4423 -299
2239 1 2240 1
2240 1 2241 1
2241 2 2242 1 6114 151
2242 2 2243 1 7331 891
2243 3 2244 1 8841 437 9354 486
2244 1 2245 1
2245 5 2246 1 4225 -337 7797 43 7899 670 9178 481
2246 3 2247 1 4276 800 9532 537
2247 2 2248 1 2345 280
2248 2 2249 1 9510 49
2249 2 2250 1 5227 727
2250 1 2251 1
2251 4 2252 1 7354 275 8300 337 8984 892
2252 2 2253 1 4840 861
2253 4 2254 1 3639 644 8158 -422 9664 232
2254 1 2255 1
2255 4 2256 1 3142 -25 5485 853 7707 398
2256 2 2257 1 5089 584
2257 3 2258 1 3543 4 9663 308
2258 4 2259 1 2915 480 8003 238 9789 233
2259 2 2260 1 9339 -426
2260 3 2261 1 2318 731 2325 958
2261 3 2262 1 3286 750 3609 -182
2262 2 2263 1 4739 987
2263 2 2264 1 4454 254
2264 1 2265 1
2265 1 2266 1
2266 3 2267 1 6859 170 6954 290
2267 1 2268 1
2268 3 2269 1 5408 -217 6070 803
2269 1 2270 1
2270 2 2271 1 7772 -194
2271 4 2272 1 3187 471 4136 -290 4486 -251
2272 3 2273 1 5539 -18 7155 243
2273 1 2274 1
2274 2 2275 1 3190 764
2275 1 2276 1
2276 5 2277 1 4101 454 5160 228 6220 204 9789 -181
2277 1 2278 1
2278 4 2279 1 3097 354 8291 576 8494 678
2279 3 2280 1 2311 394 8649 748
2280 1 2281 1
2281 2 2282 1 2768 853
2282 1 2283 1
2283 1 2284 1
2284 3 2285 1 2835 422 8884 92
2285 3 2286 1 4270 637 7552 321
2286 4 2287 1 3589 211 6418 850 8741 141
2287 1 2288 1
2288 2 2289 1 5384 505
2289 4 2290 1 3000 10 5741 -7 5814 495
2290 1 2291 1
2291 2 2292 1 7717 230
2292 1 2293 1
2293 1 2294 1
2294 2 2295 1 7794 -101
2295 1 2296 1
2296 1 2297 1
2297 2 2298 1 6408 767
2298 3 2299 1 5912 721 6418 497
2299 1 2300 1
2300 3 2301 1 5601 908 8793 291
2301 2 2302 1 2846 -496
2302 2 2303 1 5378 898
2303 1 2304 1
2304 1 2305 1
2305 1 2306 1
2306 2 2307 1 5031 86
2307 3 2308 1 3712 49 3713 46
2308 2 2309 1 5812 664
2309 2 2310 1 4701 519
2310 3 2311 1 3840 758 9294 861
2311 1 2312 1
2312 2 2313 1 9298 151
2313 1 2314 1
2314 4 2315 1 2821 845 7118 82 8146 630
2315 2 2316 1 5705 871
2316 3 2317 1 6351 -2 6735 698
2317 2 2318 1 7996 -269
2318 1 2319 1
2319 3 2320 1 6732 -490 8065 667
2320 3 2321 1 6805 59 7834 165
2321 1 2322 1
2322 3 2323 1 8133 322 9795 -344
2323 2 2324 1 7204 884
2324 2 2325 1 7772 969
2325 2 2326 1 8655 873
2326 2 2327 1 6763 571
2327 1 2328 1
2328 3 2329 1 5934 481 5994 539
2329 3 2330 1 7725 341 9030 231
2330 3 2331 1 4533 837 7451 70
2331 3 2332 1 2640 462 3595 835
2332 3 2333 1 9850 435 9894 309
2333 1 2334 1
2334 1 2335 1
2335 3 2336 1 6500 -58 7132 325
2336 2 2337 1 8145 393
2337 1 2338 1
2338 2 2339 1 5925 840
2339 2 2340 1 3689 433
2340 2 2341 1 7296 246
2341 1 2342 1
2342 3 2343 1 6097 69 8167 280
2343 2 2344 1 6115 -439
2344 2 2345 1 8909 719
2345 2 2346 1 6810 738
2346 2 2347 1 3687 -258
2347 3 2348 1 3686 561 4529 -66
2348 1 2349 1
2349 1 2350 1
2350 1 2351 1
2351 2 2352 1 7861 341
2352 1 2353 1
2353 1 2354 1
2354 4 2355 1 7173 134 7945 -94 8055 498
2355 1 2356 1
2356 5 2357 1 4684 -90 7497 555 7831 -265 8961 479
2357 3 2358 1 3619 -355 9177 551
2358 1 2359 1
2359 2 2360 1 9170 522
2360 2 2361 1 5954 425
2361 3 2362 1 8124 182 9504 967
2362 2 2363 1 6279 26
2363 1 2364 1
2364 3 2365 1 6869 -377 6892 616
2365 2 2366 1 9918 778
2366 3 2367 1 5860 982 5936 144
2367 1 2368 1
2368 2 2369 1 6694 -313
2369 1 2370 1
2370 1 2371 1
2371 2 2372 1 8361 746
2372 2 2373 1 3859 842
2373 3 2374 1 3514 787 7180 942
2374 2 2375 1 9052 263
2375 3 2376 1 2840 -250 7852 949
2376 1 2377 1
2377 1 2378 1
2378 2 2379 1 3337 310
2379 2 2380 1 6708 -464
2380 2 2381 1 3673 403
2381 2 2382 1 8942 871
2382 2 2383 1 4909 -441
2383 3 2384 1 5128 -452 6605 97
2384 2 2385 1 7647 947
2385 1 2386 1
2386 3 2387 1 5308 552 9481 108
2387 2 2388 1 4255 41
2388 1 2389 1
2389 1 2390 1
2390 1 2391 1
2391 3 2392 1 2513 22 7451 -385
2392 2 2393 1 4373 -373
2393 1 2394 1
2394 2 2395 1 7004 182
2395 1 2396 1
2396 3 2397 1 3637 5 5376 576
2397 1 2398 1
2398 1 2399 1
2399 2 2400 1 5728 306
2400 3 2401 1 2930 592 3037 752
2401 2 2402 1 3701 344
2402 2 2403 1 3157 593
2403 2 2404 1 6286 613
2404 2 2405 1 6380 603
2405 2 2406 1 6320 48
2406 3 2407 1 4663 -236 5090 704
2407 3 2408 1 6055 -122 6095 614
2408 3 2409 1 5358 344 8544 910
2409 1 2410 1
2410 3 2411 1 5333 941 6506 144
2411 2 2412 1 9407 -185
2412 2 2413 1 3351 92
2413 2 2414 1 4893 133
2414 4 2415 1 4399 206 6741 509 7027 842
2415 1 2416 1
2416 4 2417 1 3590 740 4626 637 4644 107
2417 1 2418 1
2418 1 2419 1
2419 2 2420 1 9175 516
2420 1 2421 1
2421 4 2422 1 4464 901 8243 17 9302 804
2422 3 2423 1 5893 796 9890 -220
2423 3 2424 1 9316 129 9547 803
2424 2 2425 1 8954 898
2425 1 2426 1
2426 2 2427 1 4040 797
2427 2 2428 1 7674 907
2428 2 2429 1 5006 160
2429 1 2430 1
2430 1 2431 1
2431 1 2432 1
2432 1 2433 1
2433 1 2434 1
2434 1 2435 1
2435 1 2436 1
2436 2 2437 1 7110 939
2437 3 2438 1 6621 210 7869 -167
2438 1 2439 1
2439 1 2440 1
2440 3 2441 1 2543 124 7782 424
2441 2 2442 1 2861 748
2442 1 2443 1
2443 3 2444 1 6896 373 9523 343
2444 1 2445 1
2445 1 2446 1
2446 1 2447 1
2447 2 2448 1 4146 439
2448 2 2449 1 9965 611
2449 1 2450 1
2450 2 2451 1 9426 28
2451 2 2452 1 7084 -48
2452 2 2453 1 5028 -317
2453 2 2454 1 8445 879
2454 1 2455 1
2455 5 2456 1 3256 307 6631 -277 8287 534 9574 386
2456 2 2457 1 4494 693
2457 1 2458 1
2458 2 2459 1 7330 43
2459 3 2460 1 5875 917 8851 521
2460 2 2461 1 4091 -2
2461 2 2462 1 7983 -151
2462 2 2463 1 5260 -477
2463 1 2464 1
2464 1 2465 1
2465 3 2466 1 5454 423 8951 599
2466 1 2467 1
2467 1 2468 1
2468 1 2469 1
2469 2 2470 1 9851 276
2470 2 2471 1 4756 534
2471 2 2472 1 6024 -264
2472 1 2473 1
2473 1 2474 1
2474 1 2475 1
2475 1 2476 1
2476 1 2477 1
2477 4 2478 1 2915 670 5635 978 9864 -257
2478 3 2479 1 5553 671 7733 -217
2479 1 2480 1
2480 1 2481 1
2481 5 2482 1 3880 393 5469 -182 5951 -123 9424 -403
2482 2 2483 1 4037 476
2483 2 2484 1 8295 30
2484 3 2485 1 5493 -460 8450 608
2485 1 2486 1
2486 1 2487 1
2487 2 2488 1 4361 684
2488 3 2489 1 7157 963 9308 -453
2489 1 2490 1
2490 2 2491 1 5100 849
2491 4 2492 1 5173 737 5214 -1 5392 384
2492 1 2493 1
2493 3 2494 1 6022 359 6796 711
2494 1 2495 1
2495 5 2496 1 2653 221 2721 -165 4909 34 7806 62
2496 1 2497 1
2497 2 2498 1 6671 893
2498 1 2499 1
2499 1 2500 1
2500 5 2501 1 3004 -12 3031 175 5758 -444 5935 936
2501 3 2502 1 4048 151 7611 707
2502 2 2503 1 4791 984
2503 3 2504 1 3884 388 4182 687
2504 5 2505 1 3053 512 3921 943 8010 138 9364 -92
2505 1 2506 1
2506 1 2507 1
2507 2 2508 1 5723 60
2508 1 2509 1
2509 1 2510 1
2510 1 2511 1
2511 2 2512 1 6237 8
2512 5 2513 1 4244 -47 5615 -60 6070 652 9873 800
2513 4 2514 1 3798 48 4433 144 4515 109
2514 2 2515 1 6530 -189
2515 2 2516 1 9159 954
2516 1 2517 1
2517 1 2518 1
2518 2 2519 1 9967 817
2519 2 2520 1 7331 750
2520 2 2521 1 6286 870
2521 5 2522 1 3495 86 5644 7 8857 973 9766 133
2522 1 2523 1
2523 2 2524 1 5387 969
2524 2 2525 1 4340 666
2525 1 2526 1
2526 2 2527 1 7219 682
2527 2 2528 1 7158 553
2528 2 2529 1 3070 989
2529 2 2530 1 9738 338
2530 3 2531 1 6833 167 8509 368
2531 3 2532 1 4577 53 9008 146
2532 1 2533 1
2533 1 2534 1
2534 1 2535 1
2535 2 2536 1 4052 754
2536 2 2537 1 3242 575
2537 1 2538 1
2538 4 2539 1 4521 656 6522 284 7859 364
2539 2 2540 1 2774 665
2540 1 2541 1
2541 3 2542 1 2855 110 6963 404
2542 2 2543 1 5648 847
2543 1 2544 1
2544 1 2545 1
2545 2 2546 1 7484 25
2546 1 2547 1
2547 1 2548 1
2548 2 2549 1 7457 688
2549 1 2550 1
2550 2 2551 1 8540 855
2551 2 2552 1 2717 559
2552 3 2553 1 3318 345 8232 762
2553 2 2554 1 6175 974
2554 2 2555 1 4558 -436
2555 2 2556 1 7736 -96
2556 3 2557 1 3855 917 6461 581
2557 1 2558 1
2558 1 2559 1
2559 3 2560 1 6629 -305 8082 623
2560 2 2561 1 3696 725
2561 3 2562 1 2634 -401 8662 614
2562 2 2563 1 4200 547
2563 2 2564 1 6279 -404
2564 1 2565 1
2565 4 2566 1 3070 689 4402 97 7406 862
2566 2 2567 1 3184 221
2567 3 2568 1 3380 223 6788 -452
2568 1 2569 1
2569 3 2570 1 3549 90 8447 118
2570 1 2571 1
2571 1 2572 1
2572 2 2573 1 6455 687
2573 4 2574 1 3428 416 4993 424 7179 393
2574 2 2575 1 3651 593
2575 1 2576 1
2576 3 2577 1 5551 778 6454 188
2577 5 2578 1 4336 -240 5101 307 5227 306 6987 219
2578 2 2579 1 4250 154
2579 1 2580 1
2580 2 2581 1 4867 379
2581 5 2582 1 6676 797 8543 136 8719 727 9773 507
2582 3 2583 1 7805 878 8478 54
2583 1 2584 1
2584 2 2585 1 8498 343
2585 2 2586 1 9690 528
2586 2 2587 1 7934 924
2587 2 2588 1 3479 489
2588 1 2589 1
2589 2 2590 1 6545 853
2590 2 2591 1 5319 463
2591 3 2592 1 5127 959 7434 491
2592 1 2593 1
2593 2 2594 1 2690 989
2594 1 2595 1
2595 2 2596 1 8042 612
2596 3 2597 1 4689 895 6497 641
2597 2 2598 1 6820 912
2598 2 2599 1 4283 548
2599 1 2600 1
2600 2 2601 1 8521 355
2601 2 2602 1 5821 524
2602 3 2603 1 3866 515 7133 506
2603 2 2604 1 7380 984
2604 1 2605 1
2605 1 2606 1
2606 1 2607 1
2607 3 2608 1 4926 786 8255 837
2608 2 2609 1 5635 -334
2609 1 2610 1
2610 2 2611 1 9933 640
2611 2 2612 1 7314 -262
2612 2 2613 1 5929 -140
2613 1 2614 1
2614 4 2615 1 2954 93 4955 783 9417 -287
2615 2 2616 1 4053 263
2616 1 2617 1
2617 2 2618 1 5377 700
2618 1 2619 1
2619 4 2620 1 3118 520 5896 -108 7860 521
2620 1 2621 1
2621 1 2622 1
2622 4 2623 1 3732 662 5832 294 9325 680
2623 2 2624 1 4100 654
2624 1 2625 1
2625 1 2626 1
2626 3 2627 1 4485 601 9617 -228
2627 1 2628 1
2628 3 2629 1 5663 804 9592 -122
2629 3 2630 1 3873 837 4276 649
2630 2 2631 1 8858 350
2631 1 2632 1
2632 1 2633 1
2633 3 2634 1 4652 951 9079 134
2634 3 2635 1 5369 -86 9435 958
2635 2 2636 1 8004 225
2636 2 2637 1 3529 118
2637 2 2638 1 3985 844
2638 3 2639 1 5385 618 6745 185
2639 3 2640 1 3989 73 4846 909
2640 1 2641 1
2641 1 2642 1
2642 3 2643 1 5656 -56 9059 351
2643 2 2644 1 8900 -162
2644 3 2645 1 3437 144 3964 806
2645 2 2646 1 7303 444
2646 2 2647 1 7254 720
2647 5 2648 1 4065 -166 7459 -161 9163 570 9851 906
2648 2 2649 1 9975 678
2649 1 2650 1
2650 1 2651 1
2651 3 2652 1 6241 478 7594 223
2652 3 2653 1 5653 217 8032 641
2653 3 2654 1 3100 766 3726 429
2654 1 2655 1
2655 2 2656 1 4019 306
2656 2 2657 1 3577 784
2657 3 2658 1 3516 49 5969 656
2658 1 2659 1
2659 1 2660 1
2660 1 2661 1
2661 1 2662 1
2662 1 2663 1
2663 1 2664 1
2664 2 2665 1 4030 532
2665 2 2666 1 4222 136
2666 1 2667 1
2667 2 2668 1 6518 295
2668 2 2669 1 9706 545
2669 3 2670 1 3955 999 7434 950
2670 2 2671 1 9926 154
2671 1 2672 1
2672 1 2673 1
2673 1 2674 1
2674 2 2675 1 8399 730
2675 1 2676 1
2676 3 2677 1 2900 486 6937 116
2677 3 2678 1 6039 864 9317 519
2678 3 2679 1 7010 459 9821 639
2679 3 2680 1 6183 842 7511 -51
2680 2 2681 1 8678 -311
2681 6 2682 1 2975 70 3557 711 5572 777 6887 865 8358 -403
2682 3 2683 1 3362 -285 5766 -131
2683 1 2684 1
2684 2 2685 1 2870 -357
2685 3 2686 1 3648 917 5782 221
2686 3 2687 1 3404 928 7225 615
2687 3 2688 1 3724 653 3835 366
2688 2 2689 1 5232 -346
2689 3 2690 1 9213 -245 9253 -253
2690 2 2691 1 7429 -186
2691 1 2692 1
2692 2 2693 1 9644 286
2693 2 2694 1 9853 719
2694 3 2695 1 4514 -329 9794 -232
2695 1 2696 1
2696 4 2697 1 2700 28 5892 -188 6075 646
2697 1 2698 1
2698 2 2699 1 4352 797
2699 2 2700 1 9823 637
2700 2 2701 1 8482 989
2701 3 2702 1 6102 240 6226 -292
2702 5 2703 1 4843 908 7429 -289 7584 521 8856 500
2703 1 2704 1
2704 3 2705 1 7486 246 9641 851
2705 1 2706 1
2706 1 2707 1
2707 2 2708 1 9937 235
2708 1 2709 1
2709 2 2710 1 6220 715
2710 2 2711 1 3138 249
2711 2 2712 1 9509 63
2712 1 2713 1
2713 4 2714 1 2785 711 5042 657 5279 361
2714 2 2715 1 5707 -496
2715 4 2716 1 8769 206 8984 705 9573 57
2716 2 2717 1 8389 -25
2717 1 2718 1
2718 2 2719 1 8243 -435
2719 3 2720 1 3109 472 4695 -54
2720 1 2721 1
2721 1 2722 1
2722 1 2723 1
2723 3 2724 1 3018 857 3464 869
2724 1 2725 1
2725 2 2726 1 8321 803
2726 2 2727 1 7175 909
2727 4 2728 1 5732 40 8035 549 8589 -458
2728 1 2729 1
2729 5 2730 1 4463 -243 6030 -128 8400 308 9780 -59
2730 2 2731 1 5821 602
2731 2 2732 1 6855 776
2732 5 2733 1 3136 -326 6104 214 6798 437 7310 534
2733 4 2734 1 3566 499 8892 -310 8989 130
2734 1 2735 1
2735 1 2736 1
2736 1 2737 1
2737 1 2738 1
2738 1 2739 1
2739 1 2740 1
2740 3 2741 1 6762 746 8153 475
2741 1 2742 1
2742 1 2743 1
2743 3 2744 1 7371 737 7512 865
2744 2 2745 1 6050 412
2745 1 2746 1
2746 3 2747 1 8841 81 9231 259
2747 4 2748 1 4148 820 5759 -384 8606 -473
2748 3 2749 1 7670 626 9902 -86
2749 1 2750 1
2750 3 2751 1 5170 619 9808 818
2751 1 2752 1
2752 2 2753 1 7845 257
2753 1 2754 1
2754 1 2755 1
2755 2 2756 1 8066 -242
2756 5 2757 1 5842 442 6779 448 7435 499 8935 589
2757 2 2758 1 4974 412
2758 1 2759 1
2759 3 2760 1 7806 673 9459 744
2760 2 2761 1 7525 233
2761 2 2762 1 6651 -321
2762 1 2763 1
2763 2 2764 1 3460 571
2764 3 2765 1 5761 560 9602 424
2765 2 2766 1 8212 483
2766 3 2767 1 5718 -270 8365 9
2767 2 2768 1 6103 248
2768 1 2769 1
2769 2 2770 1 5384 819
2770 3 2771 1 6957 70 9758 233
2771 1 2772 1
2772 1 2773 1
2773 3 2774 1 2833 5 7590 81
2774 1 2775 1
2775 1 2776 1
2776 1 2777 1
2777 3 2778 1 2931 886 6604 406
2778 1 2779 1
2779 2 2780 1 6748 627
2780 2 2781 1 4349 -352
2781 3 2782 1 5178 -388 9682 215
2782 3 2783 1 8362 599 8535 715
2783 3 2784 1 3055 749 6313 681
2784 1 2785 1
2785 3 2786 1 3901 8 4335 837
2786 1 2787 1
2787 1 2788 1
2788 3 2789 1 3996 426 5037 957
2789 4 2790 1 4013 179 6210 774 7811 843
2790 2 2791 1 8939 529
2791 3 2792 1 7320 6 9836 20
2792 2 2793 1 7125 306
2793 2 2794 1 3989 619
2794 1 2795 1
2795 6 2796 1 4070 281 4288 491 4362 -427 4446 924 6400 -167
2796 1 2797 1
2797 2 2798 1 2983 -184
2798 1 2799 1
2799 1 2800 1
2800 4 2801 1 3996 220 8048 506 8612 409
2801 2 2802 1 7739 941
2802 3 2803 1 6902 857 8145 -242
2803 3 2804 1 4445 798 6823 379
2804 2 2805 1 3446 988
2805 2 2806 1 8310 446
2806 1 2807 1
2807 4 2808 1 6639 541 8262 113 9703 -22
2808 3 2809 1 4507 832 5027 458
2809 1 2810 1
2810 3 2811 1 7414 251 8522 921
2811 2 2812 1 5721 -269
2812 2 2813 1 6345 -324
2813 1 2814 1
2814 3 2815 1 5557 745 6433 785
2815 2 2816 1 3920 950
2816 1 2817 1
2817 3 2818 1 6794 405 7569 661
2818 2 2819 1 9568 -329
2819 3 2820 1 4452 -414 5528 -79
2820 1 2821 1
2821 2 2822 1 3871 679
2822 2 2823 1 9754 741
2823 2 2824 1 7274 960
2824 2 2825 1 5118 310
2825 1 2826 1
2826 2 2827 1 7457 -284
2827 3 2828 1 5478 197 5938 782
2828 1 2829 1
2829 3 2830 1 3645 922 4421 177
2830 2 2831 1 8375 -56
2831 2 2832 1 6437 25
2832 1 2833 1
2833 3 2834 1 3601 415 8579 332
2834 2 2835 1 4709 625
2835 1 2836 1
2836 1 2837 1
2837 1 2838 1
2838 2 2839 1 7709 916
2839 2 2840 1 8360 -351
2840 4 2841 1 4905 -342 5690 616 6236 60
2841 1 2842 1
2842 2 2843 1 8203 218
2843 2 2844 1 4484 807
2844 5 2845 1 3941 683 4005 -316 4515 757 6551 902
2845 2 2846 1 7332 925
2846 1 2847 1
2847 1 2848 1
2848 3 2849 1 4372 117 7699 -57
2849 1 2850 1
2850 3 2851 1 6425 -467 8039 515
2851 2 2852 1 4262 667
2852 1 2853 1
2853 2 2854 1 7406 307
2854 1 2855 1
2855 3 2856 1 4435 768 4652 88
2856 2 2857 1 7209 630
2857 2 2858 1 4363 505
2858 2 2859 1 3904 -127
2859 1 2860 1
2860 1 2861 1
2861 1 2862 1
2862 2 2863 1 6870 337
2863 5 2864 1 7028 136 7075 -294 7318 489 7342 815
2864 1 2865 1
2865 4 2866 1 3353 949 4162 763 9728 127
2866 2 2867 1 5975 444
2867 2 2868 1 6436 578
2868 3 2869 1 6369 557 9360 -1
2869 1 2870 1
2870 1 2871 1
2871 2 2872 1 6664 958
2872 2 2873 1 4791 112
2873 2 2874 1 6419 421
2874 2 2875 1 6198 64
2875 3 2876 1 6858 880 9588 878
2876 2 2877 1 9631 -405
2877 2 2878 1 8857 496
2878 4 2879 1 4311 70 5502 410 8033 907
2879 1 2880 1
2880 1 2881 1
2881 1 2882 1
2882 1 2883 1
2883 2 2884 1 4347 102
2884 1 2885 1
2885 2 2886 1 5690 98
2886 3 2887 1 4543 341 9244 463
2887 2 2888 1 8751 207
2888 1 2889 1
2889 3 2890 1 4923 658 8655 644
2890 1 2891 1
2891 1 2892 1
2892 2 2893 1 5834 293
2893 2 2894 1 4165 513
2894 2 2895 1 7584 388
2895 3 2896 1 5307 685 5718 388
2896 1 2897 1
2897 1 2898 1
2898 1 2899 1
2899 2 2900 1 9793 856
2900 2 2901 1 6441 647
2901 2 2902 1 8788 301
2902 3 2903 1 3949 618 9179 -88
2903 3 2904 1 2922 151 5293 -79
2904 1 2905 1
2905 2 2906 1 6526 819
2906 2 2907 1 6870 453
2907 1 2908 1
2908 1 2909 1
2909 2 2910 1 3686 339
2910 2 2911 1 8774 361
2911 2 2912 1 5810 371
2912 4 2913 1 3913 198 7432 630 9552 967
2913 1 2914 1
2914 2 2915 1 3761 -447
2915 3 2916 1 3924 474 6230 959
2916 4 2917 1 2971 170 3161 662 8733 -117
2917 2 2918 1 7358 -390
2918 3 2919 1 4561 688 6689 491
2919 3 2920 1 6903 950 7466 876
2920 2 2921 1 8790 -53
2921 4 2922 1 3448 60 4473 851 5378 133
2922 2 2923 1 4785 560
2923 1 2924 1
2924 2 2925 1 9808 109
2925 3 2926 1 3871 822 4274 674
2926 1 2927 1
2927 3 2928 1 6798 913 9627 261
2928 2 2929 1 6866 904
2929 1 2930 1
2930 1 2931 1
2931 3 2932 1 4183 92 6174 935
2932 1 2933 1
2933 1 2934 1
2934 2 2935 1 8660 341
2935 3 2936 1 4134 151 8820 -353
2936 4 2937 1 7409 -233 9865 -338 9964 432
2937 1 2938 1
2938 1 2939 1
2939 2 2940 1 9580 666
2940 3 2941 1 4319 420 6097 841
2941 2 2942 1 5147 882
2942 6 2943 1 4416 931 7360 -334 8365 695 8652 -357 8683 97
2943 2 2944 1 6419 900
2944 4 2945 1 5394 -365 6444 918 9698 405
2945 2 2946 1 9481 297
2946 1 2947 1
2947 1 2948 1
2948 1 2949 1
2949 3 2950 1 4860 693 6107 871
2950 1 2951 1
2951 3 2952 1 6299 756 7637 997
2952 1 2953 1
2953 2 2954 1 3733 877
2954 3 2955 1 5179 -264 7037 338
2955 2 2956 1 4074 983
2956 1 2957 1
2957 1 2958 1
2958 2 2959 1 8626 -275
2959 1 2960 1
2960 3 2961 1 5516 371 8752 597
2961 5 2962 1 5833 654 6463 907 7027 772 7307 505
2962 1 2963 1
2963 3 2964 1 6176 259 9641 269
2964 3 2965 1 3853 700 8669 993
2965 3 2966 1 5700 562 9433 569
2966 2 2967 1 8965 870
2967 4 2968 1 3027 797 5409 302 7236 413
2968 1 2969 1
2969 2 2970 1 5682 888
2970 1 2971 1
2971 1 2972 1
2972 1 2973 1
2973 1 2974 1
2974 1 2975 1
2975 1 2976 1
2976 2 2977 1 5460 -29
2977 2 2978 1 5970 652
2978 3 2979 1 4868 329 6395 700
2979 4 2980 1 6868 709 8941 397 9432 919
2980 1 2981 1
2981 4 2982 1 4445 445 6968 879 7489 444
2982 4 2983 1 3119 211 9114 482 9793 929
2983 2 2984 1 7811 753
2984 2 2985 1 5768 698
2985 3 2986 1 7645 332 8603 840
2986 1 2987 1
2987 1 2988 1
2988 4 2989 1 6386 864 8187 478 8829 245
2989 5 2990 1 3855 784 3978 881 7102 223 9210 -214
2990 1 2991 1
2991 2 2992 1 7297 583
2992 1 2993 1
2993 1 2994 1
2994 2 2995 1 3949 60
2995 1 2996 1
2996 1 2997 1
2997 2 2998 1 5216 578
2998 2 2999 1 5484 560
2999 1 3000 1
3000 2 3001 1 9104 522
3001 1 3002 1
3002 2 3003 1 4650 189
3003 1 3004 1
3004 3 3005 1 3108 497 9774 733
3005 5 3006 1 3464 751 4958 627 5596 317 6279 10
3006 1 3007 1
3007 3 3008 1 4163 683 8950 616
3008 2 3009 1 6491 164
3009 2 3010 1 5217 503
3010 2 3011 1 8519 552
3011 4 3012 1 3622 394 5909 -302 6540 883
3012 2 3013 1 5725 902
3013 3 3014 1 6822 946 8095 885
3014 1 3015 1
3015 2 3016 1 7269 401
3016 3 3017 1 6594 126 9144 830
3017 2 3018 1 3400 85
3018 2 3019 1 5264 657
3019 4 3020 1 3962 254 8685 486 9222 563
3020 1 3021 1
3021 2 3022 1 5868 792
3022 3 3023 1 3607 -4 6308 769
3023 1 3024 1
3024 2 3025 1 3277 898
3025 2 3026 1 4714 -345
3026 1 3027 1
3027 2 3028 1 6154 525
3028 3 3029 1 4577 944 9784 936
3029 2 3030 1 7676 138
3030 1 3031 1
3031 2 3032 1 7095 111
3032 2 3033 1 3043 119
3033 1 3034 1
3034 2 3035 1 5364 943
3035 1 3036 1
3036 2 3037 1 3074 -119
3037 2 3038 1 5631 284
3038 2 3039 1 4655 639
3039 3 3040 1 6066 817 7767 629
3040 2 3041 1 6282 790
3041 4 3042 1 5766 520 6783 211 7106 120
3042 1 3043 1
3043 4 3044 1 8867 1000 9565 668 9682 -85
3044 1 3045 1
3045 1 3046 1
3046 3 3047 1 8836 69 8960 119
3047 1 3048 1
3048 2 3049 1 4046 798
3049 2 3050 1 3787 880
3050 2 3051 1 5487 803
3051 1 3052 1
3052 2 3053 1 7268 594
3053 2 3054 1 9378 815
3054 2 3055 1 5355 891
3055 2 3056 1 8633 342
3056 2 3057 1 4130 24
3057 2 3058 1 8561 578
3058 4 3059 1 5748 911 6940 309 8242 703
3059 1 3060 1
3060 1 3061 1
3061 1 3062 1
3062 3 3063 1 4212 81 4973 502
3063 2 3064 1 8846 892
3064 1 3065 1
3065 2 3066 1 8634 895
3066 1 3067 1
3067 1 3068 1
3068 2 3069 1 3747 -74
3069 2 3070 1 9766 655
3070 5 3071 1 4335 757 4359 133 4365 542 8942 348
3071 5 3072 1 5623 117 6293 307 7047 721 9267 106
3072 2 3073 1 3508 649
3073 2 3074 1 8136 746
3074 3 3075 1 5571 271 7633 629
3075 1 3076 1
3076 2 3077 1 9558 -309
3077 1 3078 1
3078 3 3079 1 3801 648 9183 424
3079 2 3080 1 4258 481
3080 1 3081 1
3081 2 3082 1 4140 543
3082 1 3083 1
3083 3 3084 1 3189 -193 6500 -91
3084 1 3085 1
3085 1 3086 1
3086 3 3087 1 4508 273 9456 319
3087 2 3088 1 5809 541
3088 3 3089 1 8505 960 9377 266
3089 2 3090 1 3142 -369
3090 2 3091 1 9595 628
3091 5 3092 1 5088 163 8368 885 8736 783 9415 31
3092 1 3093 1
3093 1 3094 1
3094 2 3095 1 5970 813
3095 2 3096 1 7775 88
3096 2 3097 1 9902 93
3097 1 3098 1
3098 2 3099 1 9711 530
3099 2 3100 1 5323 744
3100 2 3101 1 6425 586
3101 1 3102 1
3102 1 3103 1
3103 1 3104 1
3104 2 3105 1 5487 -392
3105 2 3106 1 9546 269
3106 2 3107 1 8735 -467
3107 3 3108 1 3369 43 5409 346
3108 1 3109 1
3109 1 3110 1
3110 2 3111 1 6802 206
3111 1 3112 1
3112 1 3113 1
3113 1 3114 1
3114 1 3115 1
3115 3 3116 1 5508 661 6199 720
3116 1 3117 1
3117 2 3118 1 5676 487
3118 1 3119 1
3119 2 3120 1 4986 300
3120 1 3121 1
3121 2 3122 1 7944 183
3122 2 3123 1 7280 860
3123 1 3124 1
3124 4 3125 1 3840 841 4243 703 4590 31
3125 3 3126 1 4369 229 9892 294
3126 3 3127 1 5767 664 5939 355
3127 1 3128 1
3128 2 3129 1 5664 133
3129 1 3130 1
3130 2 3131 1 3268 762
3131 2 3132 1 8660 9
3132 2 3133 1 8777 456
3133 2 3134 1 4953 163
3134 1 3135 1
3135 2 3136 1 4057 -53
3136 2 3137 1 7376 -481
3137 3 3138 1 6909 175 8126 376
3138 1 3139 1
3139 2 3140 1 5722 -412
3140 1 3141 1
3141 3 3142 1 3160 857 3392 593
3142 2 3143 1 6128 622
3143 2 3144 1 4354 385
3144 1 3145 1
3145 2 3146 1 7149 428
3146 2 3147 1 5667 397
3147 2 3148 1 3559 -34
3148 1 3149 1
3149 1 3150 1
3150 3 3151 1 9065 789 9290 674
3151 1 3152 1
3152 2 3153 1 6255 873
3153 2 3154 1 6635 156
3154 1 3155 1
3155 2 3156 1 3809 351
3156 1 3157 1
3157 3 3158 1 3226 718 5317 528
3158 2 3159 1 6653 734
3159 1 3160 1
3160 4 3161 1 4969 446 5300 -403 8963 202
3161 1 3162 1
3162 2 3163 1 8754 475
3163 2 3164 1 7723 482
3164 2 3165 1 8947 507
3165 2 3166 1 5710 489
3166 2 3167 1 7131 562
3167 2 3168 1 4102 -489
3168 2 3169 1 4967 884
3169 1 3170 1
3170 2 3171 1 7746 720
3171 2 3172 1 6586 -212
3172 3 3173 1 4143 76 6445 865
3173 1 3174 1
3174 1 3175 1
3175 2 3176 1 6357 558
3176 3 3177 1 5429 389 6692 92
3177 1 3178 1
3178 2 3179 1 4552 990
3179 1 3180 1
3180 1 3181 1
3181 1 3182 1
3182 2 3183 1 4290 271
3183 1 3184 1
3184 2 3185 1 6726 558
3185 2 3186 1 4898 904
3186 1 3187 1
3187 2 3188 1 4651 615
3188 1 3189 1
3189 2 3190 1 9506 -467
3190 1 3191 1
3191 1 3192 1
3192 2 3193 1 3465 458
3193 2 3194 1 5590 715
3194 2 3195 1 5715 -56
3195 2 3196 1 8098 68
3196 2 3197 1 6799 259
3197 1 3198 1
3198 2 3199 1 5040 459
3199 2 3200 1 4658 729
3200 1 3201 1
3201 3 3202 1 8269 479 9689 190
3202 1 3203 1
3203 2 3204 1 4357 113
3204 2 3205 1 9271 656
3205 3 3206 1 8037 -203 9533 681
3206 4 3207 1 6013 689 6031 905 7749 479
3207 1 3208 1
3208 2 3209 1 9134 414
3209 3 3210 1 5305 395 9570 14
3210 2 3211 1 5916 -387
3211 1 3212 1
3212 2 3213 1 5322 747
3213 4 3214 1 5944 -339 7674 156 8671 443
3214 2 3215 1 4397 495
3215 2 3216 1 8400 16
3216 1 3217 1
3217 1 3218 1
3218 2 3219 1 7764 -493
3219 2 3220 1 4908 372
3220 4 3221 1 3897 499 8203 210 8441 578
3221 5 3222 1 5040 394 6283 -402 8363 -126 9813 718
3222 4 3223 1 3531 -307 4425 -7 7878 570
3223 2 3224 1 5603 899
3224 1 3225 1
3225 1 3226 1
3226 1 3227 1
3227 2 3228 1 5904 28
3228 3 3229 1 6716 53 9966 751
3229 3 3230 1 5275 88 7989 -361
3230 2 3231 1 6853 863
3231 1 3232 1
3232 1 3233 1
3233 1 3234 1
3234 3 3235 1 4247 -453 8433 -479
3235 3 3236 1 5391 -300 5976 495
3236 5 3237 1 5371 522 7329 -120 8839 555 9290 1
3237 1 3238 1
3238 4 3239 1 4725 68 7599 -66 7857 370
3239 2 3240 1 3697 -47
3240 3 3241 1 5401 417 9773 284
3241 4 3242 1 7291 177 7543 -350 9208 439
3242 1 3243 1
3243 2 3244 1 5294 969
3244 1 3245 1
3245 1 3246 1
3246 1 3247 1
3247 1 3248 1
3248 2 3249 1 8440 -58
3249 1 3250 1
3250 1 3251 1
3251 2 3252 1 5420 910
3252 1 3253 1
3253 1 3254 1
3254 2 3255 1 8065 489
3255 4 3256 1 3878 30 3965 -456 6799 952
3256 3 3257 1 4785 -174 8875 579
3257 3 3258 1 3712 680 8079 175
3258 2 3259 1 8696 -166
3259 2 3260 1 5673 771
3260 1 3261 1
3261 3 3262 1 4423 958 6504 532
3262 1 3263 1
3263 2 3264 1 7237 509
3264 2 3265 1 5854 -215
3265 1 3266 1
3266 2 3267 1 6717 668
3267 4 3268 1 4738 772 8266 -419 9752 137
3268 1 3269 1
3269 3 3270 1 9194 727 9336 530
3270 1 3271 1
3271 1 3272 1
3272 1 3273 1
3273 1 3274 1
3274 1 3275 1
3275 4 3276 1 4834 535 6648 364 8594 -451
3276 4 3277 1 5497 620 6656 -482 7292 744
3277 2 3278 1 5644 -149
3278 2 3279 1 7660 731
3279 1 3280 1
3280 1 3281 1
3281 3 3282 1 4310 -230 9514 347
3282 2 3283 1 9182 892
3283 3 3284 1 8571 -190 8918 711
3284 2 3285 1 3540 -365
3285 2 3286 1 6177 837
3286 2 3287 1 3973 788
3287 2 3288 1 7299 642
3288 1 3289 1
3289 1 3290 1
3290 3 3291 1 5906 691 8949 766
3291 4 3292 1 5034 756 7007 -101 8995 291
3292 3 3293 1 6654 394 7174 -127
3293 2 3294 1 3845 -479
3294 1 3295 1
3295 2 3296 1 5491 453
3296 2 3297 1 9884 -267
3297 2 3298 1 9243 -64
3298 3 3299 1 6171 791 6601 95
3299 2 3300 1 4337 959
3300 2 3301 1 6796 898
3301 3 3302 1 7513 444 9913 567
3302 4 3303 1 4286 137 6533 651 9428 377
3303 2 3304 1 5492 230
3304 1 3305 1
3305 1 3306 1
3306 5 3307 1 3568 437 5615 255 6447 219 9939 184
3307 3 3308 1 5513 910 8559 861
3308 1 3309 1
3309 1 3310 1
3310 2 3311 1 8868 20
3311 2 3312 1 6502 -106
3312 3 3313 1 6831 356 7524 961
3313 1 3314 1
3314 2 3315 1 5200 94
3315 1 3316 1
3316 1 3317 1
3317 1 3318 1
3318 2 3319 1 7401 519
3319 2 3320 1 3365 37
3320 2 3321 1 8238 538
3321 2 3322 1 7254 218
3322 2 3323 1 3871 255
3323 3 3324 1 4377 842 7415 244
3324 2 3325 1 7803 155
3325 1 3326 1
3326 1 3327 1
3327 2 3328 1 3913 -74
3328 2 3329 1 3906 -253
3329 1 3330 1
3330 1 3331 1
3331 3 3332 1 4205 -324 8408 -448
3332 2 3333 1 9259 513
3333 4 3334 1 3887 175 4235 -83 5428 468
3334 2 3335 1 3462 326
3335 2 3336 1 4013 603
3336 1 3337 1
3337 1 3338 1
3338 1 3339 1
3339 3 3340 1 3346 908 7050 223
3340 3 3341 1 5716 733 6267 17
3341 3 3342 1 3737 914 6937 342
3342 2 3343 1 7270 177
3343 2 3344 1 6472 -159
3344 3 3345 1 8396 764 9733 21
3345 1 3346 1
3346 1 3347 1
3347 1 3348 1
3348 1 3349 1
3349 2 3350 1 7239 418
3350 3 3351 1 8889 -391 8996 -204
3351 2 3352 1 3871 -378
3352 3 3353 1 3495 947 9557 631
3353 2 3354 1 5993 -472
3354 2 3355 1 8380 924
3355 4 3356 1 3989 116 7943 983 8990 323
3356 1 3357 1
3357 2 3358 1 5341 -422
3358 2 3359 1 4073 457
3359 4 3360 1 6497 -467 7915 868 8731 -232
3360 3 3361 1 3751 138 5941 443
3361 3 3362 1 4410 727 8569 875
3362 1 3363 1
3363 1 3364 1
3364 2 3365 1 8313 66
3365 4 3366 1 3764 691 7256 -155 7465 762
3366 3 3367 1 5342 759 6461 883
3367 2 3368 1 7407 -314
3368 3 3369 1 4595 53 7956 943
3369 3 3370 1 6580 754 9461 742
3370 3 3371 1 5181 412 5763 236
3371 1 3372 1
3372 1 3373 1
3373 2 3374 1 8647 -84
3374 3 3375 1 6102 908 7926 313
3375 4 3376 1 7661 264 8539 86 8890 769
3376 5 3377 1 4448 595 5167 403 5569 303 6505 884
3377 2 3378 1 7028 895
3378 2 3379 1 8423 -500
3379 2 3380 1 8091 994
3380 3 3381 1 6333 958 8572 306
3381 2 3382 1 6698 411
3382 2 3383 1 9182 387
3383 3 3384 1 3537 238 6488 -232
3384 1 3385 1
3385 1 3386 1
3386 1 3387 1
3387 2 3388 1 7561 172
3388 3 3389 1 9233 -122 9717 460
3389 1 3390 1
3390 1 3391 1
3391 2 3392 1 4413 649
3392 2 3393 1 9607 262
3393 2 3394 1 4346 976
3394 1 3395 1
3395 4 3396 1 4834 594 7116 741 9324 913
3396 1 3397 1
3397 2 3398 1 3576 768
3398 1 3399 1
3399 1 3400 1
3400 1 3401 1
3401 2 3402 1 7103 845
3402 1 3403 1
3403 1 3404 1
3404 2 3405 1 9395 -155
3405 2 3406 1 5986 46
3406 3 3407 1 4980 208 8612 562
3407 1 3408 1
3408 2 3409 1 5111 -359
3409 1 3410 1
3410 1 3411 1
3411 1 3412 1
3412 2 3413 1 5441 601
3413 2 3414 1 6044 877
3414 2 3415 1 4911 -460
3415 1 3416 1
3416 2 3417 1 3631 636
3417 1 3418 1
3418 1 3419 1
3419 3 3420 1 8053 30 9856 430
3420 3 3421 1 4251 94 4619 795
3421 1 3422 1
3422 1 3423 1
3423 1 3424 1
3424 2 3425 1 9760 517
3425 1 3426 1
3426 3 3427 1 6280 404 7089 -437
3427 2 3428 1 7513 -498
3428 1 3429 1
3429 1 3430 1
3430 1 3431 1
3431 1 3432 1
3432 2 3433 1 3826 124
3433 2 3434 1 3770 426
3434 2 3435 1 3490 377
3435 1 3436 1
3436 1 3437 1
3437 1 3438 1
3438 4 3439 1 6674 436 7549 598 9289 305
3439 3 3440 1 5937 868 8489 568
3440 2 3441 1 3581 269
3441 1 3442 1
3442 2 3443 1 4352 -324
3443 1 3444 1
3444 1 3445 1
3445 2 3446 1 7569 627
3446 2 3447 1 7136 546
3447 3 3448 1 7142 465 7631 575
3448 3 3449 1 4050 385 4323 701
3449 2 3450 1 4492 -436
3450 2 3451 1 7106 -323
3451 2 3452 1 9179 809
3452 3 3453 1 5118 -383 8797 923
3453 3 3454 1 5860 273 9516 349
3454 1 3455 1
3455 2 3456 1 3583 33
3456 2 3457 1 7379 -4
3457 2 3458 1 9382 862
3458 2 3459 1 7591 91
3459 2 3460 1 8957 360
3460 1 3461 1
3461 3 3462 1 3513 809 8085 988
3462 4 3463 1 4920 367 6902 -231 9605 930
3463 1 3464 1
3464 1 3465 1
3465 4 3466 1 7779 108 7905 671 7912 569
3466 3 3467 1 4574 725 9284 730
3467 1 3468 1
3468 1 3469 1
3469 1 3470 1
3470 2 3471 1 6339 123
3471 3 3472 1 7234 -343 8793 706
3472 3 3473 1 7311 -325 7936 602
3473 2 3474 1 7212 149
3474 1 3475 1
3475 2 3476 1 5856 607
3476 1 3477 1
3477 3 3478 1 9088 442 9278 10
3478 3 3479 1 6662 578 7536 -52
3479 3 3480 1 4540 -16 6038 329
3480 1 3481 1
3481 1 3482 1
3482 2 3483 1 9040 518
3483 3 3484 1 6817 754 7973 -432
3484 2 3485 1 4230 475
3485 1 3486 1
3486 3 3487 1 5029 993 9408 -133
3487 1 3488 1
3488 1 3489 1
3489 1 3490 1
3490 2 3491 1 6256 315
3491 1 3492 1
3492 4 3493 1 4991 539 5086 819 6191 838
3493 2 3494 1 3952 266
3494 1 3495 1
3495 4 3496 1 4686 898 5249 728 7403 876
3496 1 3497 1
3497 1 3498 1
3498 1 3499 1
3499 1 3500 1
3500 3 3501 1 5680 825 9667 253
3501 2 3502 1 5151 -98
3502 1 3503 1
3503 3 3504 1 5898 238 7202 17
3504 1 3505 1
3505 3 3506 1 8607 904 9348 -229
3506 2 3507 1 7651 114
3507 1 3508 1
3508 2 3509 1 6672 280
3509 3 3510 1 3954 139 6494 -441
3510 3 3511 1 3742 161 9391 602
3511 1 3512 1
3512 2 3513 1 4562 -70
3513 1 3514 1
3514 1 3515 1
3515 2 3516 1 4904 807
3516 1 3517 1
3517 1 3518 1
3518 3 3519 1 7191 823 9796 75
3519 4 3520 1 6682 347 7852 462 9864 379
3520 2 3521 1 6601 247
3521 3 3522 1 4081 409 6501 112
3522 1 3523 1
3523 1 3524 1
3524 3 3525 1 5902 547 9705 50
3525 2 3526 1 8242 120
3526 2 3527 1 7661 -395
3527 2 3528 1 9309 -190
3528 1 3529 1
3529 1 3530 1
3530 1 3531 1
3531 4 3532 1 6074 557 9294 753 9962 125
3532 2 3533 1 7446 32
3533 4 3534 1 4076 447 4975 922 6404 319
3534 1 3535 1
3535 1 3536 1
3536 5 3537 1 5697 553 6130 449 6631 952 7228 356
3537 2 3538 1 3718 -308
3538 5 3539 1 8101 18 8311 -187 8448 -235 8558 457
3539 1 3540 1
3540 1 3541 1
3541 5 3542 1 4656 -316 5075 403 6678 -449 8088 753
3542 1 3543 1
3543 2 3544 1 4809 -409
3544 1 3545 1
3545 2 3546 1 5677 615
3546 2 3547 1 5558 699
3547 1 3548 1
3548 4 3549 1 4023 943 5298 352 7702 51
3549 3 3550 1 5879 182 9547 709
3550 2 3551 1 3691 -334
3551 4 3552 1 8196 36 9399 998 9696 502
3552 2 3553 1 9808 938
3553 1 3554 1
3554 1 3555 1
3555 3 3556 1 5042 654 7589 704
3556 2 3557 1 7257 223
3557 3 3558 1 4637 83 7695 668
3558 5 3559 1 4671 117 5657 577 7241 64 7488 668
3559 4 3560 1 5270 402 6566 816 8274 -303
3560 1 3561 1
3561 3 3562 1 6617 -8 9949 -145
3562 1 3563 1
3563 2 3564 1 5248 117
3564 1 3565 1
3565 2 3566 1 9464 753
3566 3 3567 1 5036 -363 7154 -260
3567 2 3568 1 8103 495
3568 2 3569 1 6566 864
3569 2 3570 1 6563 378
3570 2 3571 1 8666 169
3571 4 3572 1 6692 709 7169 614 7341 871
3572 2 3573 1 6415 637
3573 1 3574 1
3574 2 3575 1 8461 371
3575 2 3576 1 7249 359
3576 1 3577 1
3577 1 3578 1
3578 3 3579 1 5555 187 9064 378
3579 3 3580 1 6813 -290 9918 -485
3580 2 3581 1 4404 -95
3581 3 3582 1 3786 399 6021 -218
3582 1 3583 1
3583 4 3584 1 4085 -188 5147 816 7756 -168
3584 2 3585 1 8401 802
3585 3 3586 1 3795 981 8331 651
3586 2 3587 1 8933 232
3587 1 3588 1
3588 1 3589 1
3589 2 3590 1 8400 295
3590 2 3591 1 6326 781
3591 2 3592 1 8582 -162
3592 3 3593 1 6862 560 9977 931
3593 1 3594 1
3594 2 3595 1 7827 461
3595 1 3596 1
3596 2 3597 1 8967 276
3597 1 3598 1
3598 4 3599 1 5989 758 6924 988 7685 8
3599 1 3600 1
3600 2 3601 1 8095 -67
3601 3 3602 1 3788 -360 7791 350
3602 1 3603 1
3603 2 3604 1 5012 21
3604 1 3605 1
3605 4 3606 1 3991 -496 7827 486 8417 786
3606 2 3607 1 8413 653
3607 1 3608 1
3608 2 3609 1 8222 379
3609 1 3610 1
3610 3 3611 1 4868 280 8103 470
3611 3 3612 1 6522 329 8594 385
3612 1 3613 1
3613 1 3614 1
3614 1 3615 1
3615 1 3616 1
3616 3 3617 1 4500 -372 7917 384
3617 3 3618 1 3749 307 6018 -358
3618 4 3619 1 6185 154 7632 -463 9155 680
3619 2 3620 1 3696 -206
3620 1 3621 1
3621 2 3622 1 8116 286
3622 2 3623 1 5776 305
3623 1 3624 1
3624 3 3625 1 4858 433 6316 -220
3625 2 3626 1 5177 -453
3626 3 3627 1 5226 187 5860 294
3627 3 3628 1 4187 130 5690 950
3628 1 3629 1
3629 3 3630 1 4019 709 4534 -481
3630 3 3631 1 6619 142 7958 769
3631 2 3632 1 4234 723
3632 2 3633 1 8181 756
3633 3 3634 1 7212 221 8812 -1
3634 3 3635 1 5197 718 7792 51
3635 4 3636 1 3764 398 9260 402 9407 210
3636 1 3637 1
3637 1 3638 1
3638 1 3639 1
3639 1 3640 1
3640 2 3641 1 9734 177
3641 1 3642 1
3642 2 3643 1 8499 32
3643 1 3644 1
3644 1 3645 1
3645 1 3646 1
3646 2 3647 1 3951 29
3647 3 3648 1 6236 192 6562 315
3648 1 3649 1
3649 1 3650 1
3650 3 3651 1 4506 102 8013 828
3651 1 3652 1
3652 2 3653 1 4291 950
3653 2 3654 1 9107 772
3654 1 3655 1
3655 3 3656 1 5761 984 6630 726
3656 3 3657 1 4827 555 5953 82
3657 2 3658 1 5655 -500
3658 1 3659 1
3659 2 3660 1 9023 809
3660 4 3661 1 6766 523 8031 194 9372 400
3661 1 3662 1
3662 4 3663 1 4537 759 5911 -378 7599 255
3663 4 3664 1 3965 51 5821 678 9999 986
3664 2 3665 1 8358 869
3665 3 3666 1 5286 471 8833 343
3666 1 3667 1
3667 4 3668 1 5684 776 5738 904 8453 210
3668 1 3669 1
3669 3 3670 1 7319 -83 8923 -477
3670 2 3671 1 9707 204
3671 2 3672 1 7849 525
3672 3 3673 1 3954 569 4428 336
3673 1 3674 1
3674 3 3675 1 5939 985 8201 -80
3675 1 3676 1
3676 1 3677 1
3677 1 3678 1
3678 3 3679 1 4807 291 7665 87
3679 2 3680 1 4622 536
3680 2 3681 1 8564 262
3681 3 3682 1 5712 40 9064 -288
3682 1 3683 1
3683 1 3684 1
3684 3 3685 1 5798 902 8434 905
3685 1 3686 1
3686 2 3687 1 4328 -274
3687 2 3688 1 6309 -52
3688 1 3689 1
3689 1 3690 1
3690 2 3691 1 9303 899
3691 1 3692 1
3692 2 3693 1 8152 -430
3693 2 3694 1 4076 365
3694 2 3695 1 7201 254
3695 2 3696 1 9854 265
3696 1 3697 1
3697 3 3698 1 3822 901 8669 903
3698 1 3699 1
3699 2 3700 1 4870 779
3700 1 3701 1
3701 1 3702 1
3702 2 3703 1 5274 700
3703 5 3704 1 4444 542 7144 908 9721 175 9759 706
3704 1 3705 1
3705 2 3706 1 7011 718
3706 2 3707 1 6880 -476
3707 1 3708 1
3708 2 3709 1 3922 -12
3709 1 3710 1
3710 1 3711 1
3711 3 3712 1 5316 720 6399 223
3712 3 3713 1 5057 543 5297 949
3713 5 3714 1 3880 136 4301 134 4735 -325 6981 132
3714 1 3715 1
3715 1 3716 1
3716 1 3717 1
3717 2 3718 1 5007 450
3718 2 3719 1 5272 528
3719 3 3720 1 5494 -79 9644 991
3720 1 3721 1
3721 3 3722 1 5614 675 7864 625
3722 3 3723 1 8256 664 9347 388
3723 3 3724 1 7203 447 8747 695
3724 1 3725 1
3725 3 3726 1 8089 145 8120 271
3726 1 3727 1
3727 1 3728 1
3728 1 3729 1
3729 2 3730 1 5442 -28
3730 1 3731 1
3731 2 3732 1 4944 -293
3732 1 3733 1
3733 3 3734 1 4409 630 9648 686
3734 2 3735 1 5136 374
3735 3 3736 1 5822 832 9245 631
3736 1 3737 1
3737 2 3738 1 8775 929
3738 1 3739 1
3739 1 3740 1
3740 1 3741 1
3741 1 3742 1
3742 3 3743 1 7126 -275 9562 84
3743 2 3744 1 4885 681
3744 3 3745 1 5931 -237 6558 32
3745 2 3746 1 4915 928
3746 2 3747 1 9619 818
3747 1 3748 1
3748 1 3749 1
3749 2 3750 1 6363 854
3750 4 3751 1 6958 52 7396 -490 9161 22
3751 2 3752 1 8240 801
3752 2 3753 1 6468 519
3753 1 3754 1
3754 2 3755 1 7098 904
3755 3 3756 1 3987 25 9069 586
3756 2 3757 1 4939 -144
3757 1 3758 1
3758 4 3759 1 7812 763 7987 561 9434 29
3759 2 3760 1 4971 936
3760 3 3761 1 5318 198 7182 -293
3761 1 3762 1
3762 1 3763 1
3763 4 3764 1 5205 51 6114 133 6693 -275
3764 4 3765 1 4886 -75 5989 137 7377 -298
3765 1 3766 1
3766 2 3767 1 9602 -114
3767 1 3768 1
3768 1 3769 1
3769 2 3770 1 5009 -282
3770 2 3771 1 8486 57
3771 6 3772 1 6342 694 7133 553 8610 804 8818 52 9708 507
3772 1 3773 1
3773 2 3774 1 4895 994
3774 1 3775 1
3775 3 3776 1 6703 484 7970 -182
3776 2 3777 1 9372 217
3777 1 3778 1
3778 1 3779 1
3779 3 3780 1 4583 -489 8541 899
3780 4 3781 1 5714 497 6664 -392 7188 884
3781 2 3782 1 5342 213
3782 1 3783 1
3783 2 3784 1 9610 124
3784 3 3785 1 5463 222 8846 178
3785 3 3786 1 3864 986 5727 236
3786 3 3787 1 4105 986 9322 819
3787 2 3788 1 7856 830
3788 2 3789 1 7572 154
3789 1 3790 1
3790 1 3791 1
3791 2 3792 1 9301 134
3792 1 3793 1
3793 4 3794 1 4405 -195 6135 789 8729 880
3794 1 3795 1
3795 1 3796 1
3796 3 3797 1 6899 847 7090 700
3797 2 3798 1 7676 36
3798 1 3799 1
3799 2 3800 1 8762 -263
3800 1 3801 1
3801 1 3802 1
3802 1 3803 1
3803 5 3804 1 4527 -471 5063 -93 5143 182 5629 -327
3804 1 3805 1
3805 1 3806 1
3806 3 3807 1 5237 432 6211 -304
3807 1 3808 1
3808 3 3809 1 4787 279 9221 16
3809 1 3810 1
3810 1 3811 1
3811 1 3812 1
3812 3 3813 1 4505 41 9201 92
3813 1 3814 1
3814 2 3815 1 4567 316
3815 1 3816 1
3816 1 3817 1
3817 1 3818 1
3818 1 3819 1
3819 1 3820 1
3820 1 3821 1
3821 1 3822 1
3822 2 3823 1 5254 740
3823 1 3824 1
3824 1 3825 1
3825 1 3826 1
3826 2 3827 1 8797 -381
3827 2 3828 1 5118 -24
3828 2 3829 1 5700 84
3829 3 3830 1 8137 640 8760 -357
3830 2 3831 1 8626 -152
3831 2 3832 1 4852 505
3832 3 3833 1 4311 450 5242 834
3833 2 3834 1 8303 962
3834 4 3835 1 6162 817 7311 470 9347 603
3835 2 3836 1 5539 -131
3836 3 3837 1 7159 -393 7845 -121
3837 3 3838 1 7538 705 8947 800
3838 2 3839 1 9256 917
3839 2 3840 1 6872 822
3840 1 3841 1
3841 3 3842 1 4704 104 4851 -83
3842 2 3843 1 7197 551
3843 2 3844 1 8699 712
3844 1 3845 1
3845 1 3846 1
3846 3 3847 1 3881 959 6652 924
3847 1 3848 1
3848 1 3849 1
3849 2 3850 1 7080 617
3850 3 3851 1 6297 -119 9407 777
3851 3 3852 1 6249 824 6349 275
3852 3 3853 1 6914 274 7801 977
3853 3 3854 1 4381 720 8313 45
3854 3 3855 1 3991 799 9384 508
3855 1 3856 1
3856 2 3857 1 6301 740
3857 1 3858 1
3858 2 3859 1 8223 817
3859 3 3860 1 5926 -394 9821 888
3860 1 3861 1
3861 1 3862 1
3862 4 3863 1 6227 340 8176 -478 8701 -347
3863 2 3864 1 9429 187
3864 2 3865 1 8457 855
3865 1 3866 1
3866 2 3867 1 4802 -271
3867 2 3868 1 4341 406
3868 5 3869 1 4191 62 5107 -72 5357 966 6854 344
3869 3 3870 1 5339 590 9640 182
3870 1 3871 1
3871 1 3872 1
3872 4 3873 1 5485 27 6492 854 9045 113
3873 3 3874 1 7679 778 8160 459
3874 1 3875 1
3875 2 3876 1 6549 662
3876 1 3877 1
3877 3 3878 1 4758 353 5551 -437
3878 2 3879 1 6749 187
3879 2 3880 1 7553 -50
3880 1 3881 1
3881 1 3882 1
3882 1 3883 1
3883 1 3884 1
3884 2 3885 1 5504 315
3885 3 3886 1 5600 69 6389 139
3886 2 3887 1 7961 -437
3887 2 3888 1 6101 308
3888 2 3889 1 4944 -183
3889 2 3890 1 8254 -290
3890 1 3891 1
3891 3 3892 1 6211 614 6917 184
3892 1 3893 1
3893 2 3894 1 4893 -12
3894 2 3895 1 6164 866
3895 3 3896 1 4457 305 9685 733
3896 1 3897 1
3897 3 3898 1 5618 568 5969 -2
3898 3 3899 1 4002 638 6229 226
3899 2 3900 1 9543 967
3900 4 3901 1 4370 -469 4987 190 5631 -342
3901 1 3902 1
3902 3 3903 1 6637 -163 9747 326
3903 3 3904 1 5198 613 6163 49
3904 5 3905 1 6130 418 6290 -482 7195 -181 7370 -318
3905 4 3906 1 4226 621 4618 266 8061 -455
3906 3 3907 1 5996 618 6921 942
3907 3 3908 1 7422 135 9767 656
3908 1 3909 1
3909 2 3910 1 7028 114
3910 1 3911 1
3911 2 3912 1 9919 285
3912 2 3913 1 6058 357
3913 2 3914 1 9263 913
3914 2 3915 1 6663 746
3915 4 3916 1 5583 194 8760 -75 8777 804
3916 1 3917 1
3917 2 3918 1 7714 448
3918 2 3919 1 8079 428
3919 1 3920 1
3920 1 3921 1
3921 2 3922 1 5801 89
3922 3 3923 1 4480 -358 7141 -486
3923 1 3924 1
3924 2 3925 1 3931 376
3925 3 3926 1 7298 190 7636 963
3926 1 3927 1
3927 1 3928 1
3928 2 3929 1 9300 -376
3929 3 3930 1 6128 -297 9266 322
3930 4 3931 1 4472 575 8083 845 9020 382
3931 1 3932 1
3932 1 3933 1
3933 1 3934 1
3934 1 3935 1
3935 2 3936 1 5643 823
3936 2 3937 1 9541 205
3937 1 3938 1
3938 2 3939 1 8246 404
3939 2 3940 1 7014 -298
3940 1 3941 1
3941 2 3942 1 7469 301
3942 1 3943 1
3943 3 3944 1 8098 -363 9573 212
3944 1 3945 1
3945 2 3946 1 4543 885
3946 2 3947 1 5306 713
3947 2 3948 1 7770 858
3948 2 3949 1 5909 817
3949 4 3950 1 7753 858 8479 -72 9424 338
3950 1 3951 1
3951 1 3952 1
3952 3 3953 1 7573 715 8840 820
3953 2 3954 1 8225 5
3954 2 3955 1 8061 496
3955 1 3956 1
3956 2 3957 1 4598 191
3957 2 3958 1 9384 908
3958 5 3959 1 4508 829 7337 787 8183 26 9385 917
3959 2 3960 1 8239 272
3960 2 3961 1 8467 636
3961 1 3962 1
3962 2 3963 1 6479 865
3963 1 3964 1
3964 1 3965 1
3965 1 3966 1
3966 2 3967 1 6813 581
3967 1 3968 1
3968 3 3969 1 4505 885 4524 469
3969 1 3970 1
3970 4 3971 1 4813 -464 6241 -353 6927 -189
3971 2 3972 1 7307 108
3972 3 3973 1 4834 8 4955 577
3973 2 3974 1 8212 483
3974 3 3975 1 6568 -83 6732 994
3975 2 3976 1 7637 258
3976 5 3977 1 6832 120 7905 346 8277 927 9478 225
3977 3 3978 1 4252 940 8312 31
3978 1 3979 1
3979 1 3980 1
3980 1 3981 1
3981 1 3982 1
3982 1 3983 1
3983 1 3984 1
3984 1 3985 1
3985 2 3986 1 6679 452
3986 2 3987 1 6987 19
3987 3 3988 1 6155 526 8243 615
3988 2 3989 1 8530 871
3989 2 3990 1 6052 167
3990 1 3991 1
3991 1 3992 1
3992 3 3993 1 9185 298 9412 430
3993 2 3994 1 9837 574
3994 1 3995 1
3995 3 3996 1 6058 161 8002 -285
3996 1 3997 1
3997 2 3998 1 9463 790
3998 2 3999 1 8419 718
3999 2 4000 1 9131 -292
4000 2 4001 1 9569 605
4001 1 4002 1
4002 3 4003 1 7479 797 9504 633
4003 1 4004 1
4004 3 4005 1 4501 707 8489 65
4005 1 4006 1
4006 2 4007 1 8724 904
4007 3 4008 1 7015 104 7737 -46
4008 2 4009 1 5415 893
4009 1 4010 1
4010 2 4011 1 8721 -292
4011 4 4012 1 7115 142 9582 -332 9774 -373
4012 3 4013 1 4036 325 7986 507
4013 3 4014 1 7167 348 8315 44
4014 1 4015 1
4015 3 4016 1 5367 671 9310 -368
4016 1 4017 1
4017 3 4018 1 6068 620 8162 -449
4018 2 4019 1 5132 869
4019 1 4020 1
4020 5 4021 1 4837 849 5900 292 6197 677 7840 -390
4021 1 4022 1
4022 2 4023 1 9083 -443
4023 2 4024 1 4332 -209
4024 3 4025 1 4189 518 4794 796
4025 1 4026 1
4026 1 4027 1
4027 1 4028 1
4028 1 4029 1
4029 3 4030 1 8884 -404 9764 326
4030 2 4031 1 8310 348
4031 2 4032 1 6538 441
4032 2 4033 1 9613 87
4033 1 4034 1
4034 3 4035 1 6947 227 9240 125
4035 1 4036 1
4036 2 4037 1 7399 223
4037 3 4038 1 6105 232 6490 -131
4038 1 4039 1
4039 2 4040 1 6193 -108
4040 1 4041 1
4041 2 4042 1 7825 881
4042 3 4043 1 4429 457 9664 10
4043 4 4044 1 4407 947 5679 281 8697 667
4044 1 4045 1
4045 2 4046 1 5207 -298
4046 3 4047 1 5934 218 9522 9
4047 1 4048 1
4048 1 4049 1
4049 2 4050 1 7366 281
4050 2 4051 1 7333 558
4051 1 4052 1
4052 1 4053 1
4053 1 4054 1
4054 2 4055 1 4608 364
4055 2 4056 1 9612 128
4056 2 4057 1 4789 571
4057 2 4058 1 5871 63
4058 3 4059 1 5608 915 6246 147
4059 3 4060 1 7947 323 9443 -377
4060 2 4061 1 6596 916
4061 1 4062 1
4062 1 4063 1
4063 2 4064 1 7884 376
4064 1 4065 1
4065 2 4066 1 5571 120
4066 3 4067 1 7148 888 7804 393
4067 2 4068 1 9464 857
4068 1 4069 1
4069 2 4070 1 6385 539
4070 3 4071 1 7946 189 8153 875
4071 2 4072 1 8601 349
4072 2 4073 1 7670 143
4073 1 4074 1
4074 2 4075 1 9188 700
4075 1 4076 1
4076 3 4077 1 9449 476 9727 458
4077 2 4078 1 9211 994
4078 3 4079 1 6125 431 8731 -133
4079 1 4080 1
4080 2 4081 1 6167 771
4081 3 4082 1 5469 286 9536 -327
4082 6 4083 1 4158 -147 6003 -188 6066 252 6349 924 9605 713
4083 3 4084 1 7544 604 8337 639
4084 1 4085 1
4085 1 4086 1
4086 4 4087 1 6430 360 7510 453 9959 265
4087 1 4088 1
4088 2 4089 1 8815 418
4089 2 4090 1 7381 639
4090 4 4091 1 7664 -338 8408 280 9490 295
4091 1 4092 1
4092 1 4093 1
4093 2 4094 1 4626 -456
4094 2 4095 1 4447 453
4095 1 4096 1
4096 1 4097 1
4097 2 4098 1 5736 317
4098 2 4099 1 7124 -435
4099 1 4100 1
4100 2 4101 1 7301 645
4101 3 4102 1 4826 752 8528 557
4102 1 4103 1
4103 1 4104 1
4104 3 4105 1 4214 622 9726 132
4105 2 4106 1 8010 565
4106 1 4107 1
4107 1 4108 1
4108 1 4109 1
4109 2 4110 1 6024 85
4110 2 4111 1 4672 589
4111 3 4112 1 7687 -313 8499 160
4112 4 4113 1 4592 447 6528 593 9651 775
4113 1 4114 1
4114 1 4115 1
4115 2 4116 1 5249 218
4116 2 4117 1 5154 780
4117 1 4118 1
4118 2 4119 1 6903 241
4119 4 4120 1 4546 343 5043 -455 9125 793
4120 2 4121 1 8649 379
4121 1 4122 1
4122 1 4123 1
4123 1 4124 1
4124 1 4125 1
4125 2 4126 1 9426 354
4126 2 4127 1 4759 946
4127 2 4128 1 8186 311
4128 1 4129 1
4129 3 4130 1 5392 -294 9454 -101
4130 2 4131 1 9197 339
4131 4 4132 1 4262 357 9582 863 9793 332
4132 1 4133 1
4133 1 4134 1
4134 1 4135 1
4135 3 4136 1 5288 274 8679 229
4136 2 4137 1 8511 -2
4137 1 4138 1
4138 1 4139 1
4139 2 4140 1 6050 101
4140 1 4141 1
4141 1 4142 1
4142 2 4143 1 9879 489
4143 3 4144 1 4651 895 5790 109
4144 2 4145 1 8393 277
4145 2 4146 1 8420 -222
4146 1 4147 1
4147 3 4148 1 5288 -190 7635 506
4148 2 4149 1 7330 416
4149 1 4150 1
4150 3 4151 1 4903 903 6956 201
4151 3 4152 1 6761 465 8162 251
4152 2 4153 1 4457 842
4153 3 4154 1 4674 218 7517 529
4154 3 4155 1 5271 879 8761 356
4155 2 4156 1 5046 180
4156 2 4157 1 9802 -77
4157 3 4158 1 7798 -108 8552 259
4158 1 4159 1
4159 2 4160 1 7643 84
4160 2 4161 1 5419 -221
4161 2 4162 1 8743 396
4162 1 4163 1
4163 2 4164 1 9787 984
4164 1 4165 1
4165 3 4166 1 7105 659 8309 623
4166 5 4167 1 5844 990 6760 905 9012 437 9442 -122
4167 3 4168 1 4780 971 9909 630
4168 2 4169 1 7915 -360
4169 1 4170 1
4170 1 4171 1
4171 1 4172 1
4172 1 4173 1
4173 2 4174 1 7429 -331
4174 3 4175 1 5247 -145 6975 189
4175 2 4176 1 5466 319
4176 1 4177 1
4177 1 4178 1
4178 1 4179 1
4179 1 4180 1
4180 2 4181 1 6223 -358
4181 3 4182 1 5680 364 5749 -178
4182 1 4183 1
4183 1 4184 1
4184 2 4185 1 9276 -340
4185 5 4186 1 4610 293 7905 315 8768 816 9898 -147
4186 1 4187 1
4187 5 4188 1 5715 700 5746 36 8232 555 8738 754
4188 1 4189 1
4189 3 4190 1 4765 -99 7012 631
4190 1 4191 1
4191 3 4192 1 4853 486 9475 106
4192 2 4193 1 8071 133
4193 3 4194 1 7557 -319 9977 990
4194 1 4195 1
4195 3 4196 1 9257 145 9518 268
4196 2 4197 1 6617 893
4197 3 4198 1 7623 339 7710 603
4198 2 4199 1 6703 -473
4199 1 4200 1
4200 3 4201 1 4570 209 7658 164
4201 4 4202 1 6832 317 7279 -122 9106 69
4202 3 4203 1 4941 611 5891 626
4203 1 4204 1
4204 1 4205 1
4205 1 4206 1
4206 3 4207 1 4342 -190 9111 864
4207 1 4208 1
4208 1 4209 1
4209 1 4210 1
4210 1 4211 1
4211 2 4212 1 7657 432
4212 1 4213 1
4213 2 4214 1 8846 751
4214 2 4215 1 5691 893
4215 3 4216 1 5721 215 5837 -8
4216 1 4217 1
4217 4 4218 1 5239 67 6778 -314 9325 701
4218 2 4219 1 9392 803
4219 3 4220 1 6202 964 8211 915
4220 1 4221 1
4221 2 4222 1 7826 957
4222 1 4223 1
4223 2 4224 1 8889 909
4224 1 4225 1
4225 2 4226 1 6456 659
4226 1 4227 1
4227 1 4228 1
4228 2 4229 1 4499 468
4229 1 4230 1
4230 3 4231 1 8229 -69 9545 363
4231 3 4232 1 5678 967 6611 336
4232 1 4233 1
4233 2 4234 1 8945 265
4234 1 4235 1
4235 4 4236 1 4306 509 6080 613 6182 -444
4236 2 4237 1 8750 244
4237 1 4238 1
4238 2 4239 1 5585 -245
4239 4 4240 1 5711 505 6330 125 7768 920
4240 2 4241 1 7505 394
4241 2 4242 1 7454 285
4242 2 4243 1 9059 124
4243 1 4244 1
4244 2 4245 1 8951 53
4245 2 4246 1 9922 929
4246 1 4247 1
4247 1 4248 1
4248 1 4249 1
4249 5 4250 1 4818 -318 6463 92 7020 610 8008 906
4250 2 4251 1 7778 704
4251 1 4252 1
4252 1 4253 1
4253 1 4254 1
4254 1 4255 1
4255 5 4256 1 4444 577 8046 739 8431 585 8955 845
4256 1 4257 1
4257 2 4258 1 8752 -489
4258 1 4259 1
4259 4 4260 1 4447 178 4606 986 5893 -302
4260 2 4261 1 7393 660
4261 3 4262 1 5345 941 6427 902
4262 2 4263 1 5790 562
4263 1 4264 1
4264 4 4265 1 5230 543 7182 -232 9137 96
4265 2 4266 1 6421 153
4266 1 4267 1
4267 2 4268 1 8696 749
4268 2 4269 1 6537 281
4269 2 4270 1 5099 -452
4270 3 4271 1 5830 13 7856 628
4271 2 4272 1 7194 199
4272 1 4273 1
4273 1 4274 1
4274 1 4275 1
4275 1 4276 1
4276 1 4277 1
4277 2 4278 1 7724 227
4278 3 4279 1 4570 986 8637 -85
4279 3 4280 1 6752 580 7952 959
4280 1 4281 1
4281 2 4282 1 8296 539
4282 1 4283 1
4283 2 4284 1 9858 492
4284 2 4285 1 6568 292
4285 2 4286 1 5720 -272
4286 2 4287 1 5897 312
4287 1 4288 1
4288 1 4289 1
4289 2 4290 1 5304 219
4290 2 4291 1 5571 658
4291 1 4292 1
4292 2 4293 1 4407 606
4293 1 4294 1
4294 2 4295 1 9336 33
4295 1 4296 1
4296 1 4297 1
4297 1 4298 1
4298 1 4299 1
4299 1 4300 1
4300 5 4301 1 6052 -477 7647 -258 9022 660 9918 -322
4301 1 4302 1
4302 2 4303 1 8523 -340
4303 1 4304 1
4304 3 4305 1 5799 856 8252 220
4305 2 4306 1 9698 -407
4306 3 4307 1 8212 -207 9913 185
4307 2 4308 1 6568 625
4308 1 4309 1
4309 3 4310 1 4665 879 5307 -62
4310 1 4311 1
4311 2 4312 1 7041 -184
4312 4 4313 1 4809 913 5132 170 9851 612
4313 2 4314 1 6477 519
4314 2 4315 1 6500 764
4315 1 4316 1
4316 1 4317 1
4317 2 4318 1 6125 597
4318 2 4319 1 5667 188
4319 2 4320 1 9699 614
4320 4 4321 1 5485 925 5716 156 6476 535
4321 2 4322 1 7852 148
4322 1 4323 1
4323 1 4324 1
4324 2 4325 1 6155 471
4325 1 4326 1
4326 1 4327 1
4327 2 4328 1 4346 663
4328 3 4329 1 5983 698 7252 787
4329 1 4330 1
4330 2 4331 1 9589 122
4331 5 4332 1 4868 559 6576 889 7368 261 8661 -7
4332 2 4333 1 9814 483
4333 2 4334 1 8514 472
4334 1 4335 1
4335 3 4336 1 6119 833 7922 -197
4336 4 4337 1 5357 -307 8247 999 9892 565
4337 1 4338 1
4338 1 4339 1
4339 2 4340 1 6464 336
4340 2 4341 1 8276 919
4341 5 4342 1 4860 701 6288 671 7104 466 7107 381
4342 2 4343 1 6032 -102
4343 1 4344 1
4344 3 4345 1 5801 422 8526 593
4345 3 4346 1 4378 179 6567 -179
4346 2 4347 1 6862 940
4347 3 4348 1 6746 -420 9385 669
4348 2 4349 1 9738 770
4349 2 4350 1 8497 550
4350 1 4351 1
4351 3 4352 1 5630 126 8089 -414
4352 1 4353 1
4353 3 4354 1 5570 -58 6535 812
4354 1 4355 1
4355 3 4356 1 5412 162 6662 364
4356 1 4357 1
4357 1 4358 1
4358 2 4359 1 5718 168
4359 1 4360 1
4360 3 4361 1 6065 172 9114 305
4361 2 4362 1 7370 -397
4362 2 4363 1 7787 890
4363 2 4364 1 4465 -268
4364 4 4365 1 4408 570 4801 629 5568 363
4365 1 4366 1
4366 1 4367 1
4367 2 4368 1 7823 -390
4368 1 4369 1
4369 4 4370 1 4763 863 7544 178 8842 -119
4370 1 4371 1
4371 2 4372 1 8500 713
4372 3 4373 1 5906 128 8797 147
4373 4 4374 1 4887 966 5434 -350 9053 -450
4374 2 4375 1 5513 966
4375 2 4376 1 6047 342
4376 2 4377 1 6987 956
4377 1 4378 1
4378 3 4379 1 6071 690 7082 184
4379 1 4380 1
4380 2 4381 1 8630 919
4381 2 4382 1 5210 244
4382 2 4383 1 7428 741
4383 1 4384 1
4384 4 4385 1 4839 19 7617 997 8817 -359
4385 2 4386 1 6922 720
4386 3 4387 1 7705 763 7815 250
4387 3 4388 1 5385 -32 8818 52
4388 2 4389 1 5005 -313
4389 3 4390 1 7066 649 9306 222
4390 2 4391 1 8401 902
4391 2 4392 1 6958 779
4392 2 4393 1 7554 446
4393 1 4394 1
4394 3 4395 1 4872 844 8774 -79
4395 2 4396 1 6328 384
4396 5 4397 1 6176 914 6481 350 8068 379 9000 613
4397 1 4398 1
4398 2 4399 1 5412 752
4399 1 4400 1
4400 2 4401 1 5203 -493
4401 2 4402 1 9123 -489
4402 2 4403 1 7248 491
4403 1 4404 1
4404 3 4405 1 6789 950 8931 468
4405 1 4406 1
4406 1 4407 1
4407 2 4408 1 8565 -481
4408 3 4409 1 7807 365 8185 444
4409 2 4410 1 8534 855
4410 2 4411 1 7717 123
4411 2 4412 1 9225 -415
4412 2 4413 1 7193 133
4413 1 4414 1
4414 3 4415 1 4919 983 9212 105
4415 3 4416 1 6641 851 8318 456
4416 1 4417 1
4417 2 4418 1 5178 -62
4418 2 4419 1 7496 882
4419 3 4420 1 7045 -317 7774 785
4420 2 4421 1 9139 704
4421 2 4422 1 8614 826
4422 1 4423 1
4423 3 4424 1 4562 676 5971 125
4424 3 4425 1 8006 151 9241 923
4425 2 4426 1 8046 96
4426 2 4427 1 7113 -214
4427 1 4428 1
4428 3 4429 1 6949 709 9723 -153
4429 3 4430 1 5615 335 9070 528
4430 2 4431 1 6469 925
4431 1 4432 1
4432 1 4433 1
4433 3 4434 1 4963 670 7615 145
4434 3 4435 1 6254 984 6588 855
4435 3 4436 1 5632 742 8997 933
4436 1 4437 1
4437 2 4438 1 4817 820
4438 2 4439 1 6194 511
4439 2 4440 1 9759 664
4440 1 4441 1
4441 1 4442 1
4442 2 4443 1 5895 262
4443 3 4444 1 4691 403 4696 -369
4444 1 4445 1
4445 1 4446 1
4446 2 4447 1 7287 -479
4447 1 4448 1
4448 1 4449 1
4449 1 4450 1
4450 2 4451 1 9014 44
4451 3 4452 1 8106 645 8232 259
4452 3 4453 1 5357 333 7370 -128
4453 3 4454 1 7176 754 8999 -156
4454 1 4455 1
4455 4 4456 1 5702 769 7636 196 8470 821
4456 1 4457 1
4457 2 4458 1 9231 647
4458 3 4459 1 6295 574 9092 979
4459 2 4460 1 7230 498
4460 3 4461 1 8180 675 8773 77
4461 3 4462 1 6925 356 9193 -250
4462 3 4463 1 5394 -362 9876 326
4463 4 4464 1 4521 -54 4975 660 9627 108
4464 1 4465 1
4465 1 4466 1
4466 1 4467 1
4467 3 4468 1 5037 658 7887 533
4468 1 4469 1
4469 2 4470 1 6117 383
4470 1 4471 1
4471 1 4472 1
4472 1 4473 1
4473 2 4474 1 7850 296
4474 1 4475 1
4475 2 4476 1 9831 985
4476 1 4477 1
4477 2 4478 1 7888 251
4478 1 4479 1
4479 4 4480 1 7489 471 7590 706 9674 661
4480 2 4481 1 9140 129
4481 2 4482 1 5428 998
4482 1 4483 1
4483 4 4484 1 5553 47 6273 63 6440 261
4484 4 4485 1 5381 774 5531 61 9153 883
4485 2 4486 1 7547 646
4486 1 4487 1
4487 2 4488 1 6794 443
4488 2 4489 1 6250 740
4489 3 4490 1 6646 896 9234 563
4490 4 4491 1 5082 978 7776 -115 9852 147
4491 2 4492 1 6776 988
4492 1 4493 1
4493 3 4494 1 9386 104 9513 497
4494 1 4495 1
4495 3 4496 1 5899 -112 8393 645
4496 4 4497 1 5644 922 6497 -255 9643 101
4497 4 4498 1 5928 556 5986 971 7002 600
4498 2 4499 1 6162 199
4499 2 4500 1 5170 17
4500 1 4501 1
4501 2 4502 1 7443 149
4502 3 4503 1 7462 350 7696 -81
4503 1 4504 1
4504 2 4505 1 8994 -338
4505 2 4506 1 9339 411
4506 1 4507 1
4507 2 4508 1 9108 109
4508 1 4509 1
4509 3 4510 1 5352 888 5360 989
4510 4 4511 1 4771 47 5870 802 8996 -373
4511 2 4512 1 8599 665
4512 4 4513 1 5993 413 6823 317 9663 -196
4513 4 4514 1 5411 191 6378 299 8302 998
4514 2 4515 1 6982 698
4515 2 4516 1 7713 347
4516 2 4517 1 9769 806
4517 1 4518 1
4518 1 4519 1
4519 1 4520 1
4520 3 4521 1 4730 612 8672 -399
4521 2 4522 1 7082 675
4522 2 4523 1 5845 -144
4523 2 4524 1 8092 949
4524 1 4525 1
4525 2 4526 1 9615 578
4526 2 4527 1 7834 232
4527 2 4528 1 8664 230
4528 8 4529 1 4544 -70 4931 351 6216 932 6310 -232 8051 993 8073 951 9506 757
4529 2 4530 1 8593 173
4530 1 4531 1
4531 1 4532 1
4532 1 4533 1
4533 1 4534 1
4534 3 4535 1 5997 752 6890 775
4535 2 4536 1 7415 312
4536 3 4537 1 4585 688 9604 19
4537 2 4538 1 5960 102
4538 2 4539 1 8748 620
4539 2 4540 1 5823 -16
4540 1 4541 1
4541 2 4542 1 8539 428
4542 3 4543 1 5894 662 9106 -420
4543 3 4544 1 4902 689 8769 967
4544 2 4545 1 9232 895
4545 3 4546 1 5594 789 6253 940
4546 1 4547 1
4547 2 4548 1 9161 719
4548 1 4549 1
4549 2 4550 1 9924 981
4550 1 4551 1
4551 2 4552 1 9414 207
4552 1 4553 1
4553 3 4554 1 5380 446 6580 -217
4554 3 4555 1 8254 626 8635 622
4555 2 4556 1 8392 47
4556 1 4557 1
4557 3 4558 1 7321 168 8448 635
4558 3 4559 1 5322 353 8482 641
4559 2 4560 1 9897 495
4560 1 4561 1
4561 3 4562 1 5497 58 9542 445
4562 3 4563 1 5114 571 8082 623
4563 4 4564 1 6891 397 7660 16 8402 -496
4564 1 4565 1
4565 3 4566 1 5398 -284 7132 907
4566 3 4567 1 4936 589 8147 996
4567 2 4568 1 8409 -147
4568 1 4569 1
4569 1 4570 1
4570 2 4571 1 4668 -47
4571 2 4572 1 8208 -452
4572 2 4573 1 5634 -59
4573 1 4574 1
4574 1 4575 1
4575 2 4576 1 8362 703
4576 1 4577 1
4577 1 4578 1
4578 3 4579 1 9285 -495 9818 -304
4579 2 4580 1 7280 -492
4580 3 4581 1 8027 -222 9737 121
4581 2 4582 1 4744 -169
4582 3 4583 1 8059 965 8638 127
4583 2 4584 1 8553 -192
4584 4 4585 1 4977 928 8401 515 9713 889
4585 1 4586 1
4586 2 4587 1 8101 711
4587 1 4588 1
4588 1 4589 1
4589 2 4590 1 7120 28
4590 2 4591 1 7303 728
4591 2 4592 1 5043 468
4592 2 4593 1 9788 -60
4593 3 4594 1 5918 122 7820 -121
4594 3 4595 1 5482 -134 7016 62
4595 2 4596 1 9389 969
4596 1 4597 1
4597 3 4598 1 8064 111 9405 653
4598 2 4599 1 6727 487
4599 1 4600 1
4600 2 4601 1 9103 -300
4601 2 4602 1 8642 878
4602 2 4603 1 6513 998
4603 2 4604 1 8248 752
4604 1 4605 1
4605 1 4606 1
4606 3 4607 1 7375 -133 9280 732
4607 2 4608 1 6822 -280
4608 1 4609 1
4609 2 4610 1 7407 20
4610 1 4611 1
4611 2 4612 1 9356 -82
4612 1 4613 1
4613 2 4614 1 6879 397
4614 3 4615 1 9410 465 9797 -354
4615 1 4616 1
4616 2 4617 1 9168 930
4617 2 4618 1 6014 714
4618 1 4619 1
4619 1 4620 1
4620 2 4621 1 6496 192
4621 1 4622 1
4622 1 4623 1
4623 2 4624 1 9060 824
4624 4 4625 1 8376 457 8545 392 8632 668
4625 2 4626 1 6321 204
4626 1 4627 1
4627 4 4628 1 6163 -439 7758 746 8684 -461
4628 2 4629 1 6649 32
4629 1 4630 1
4630 1 4631 1
4631 1 4632 1
4632 2 4633 1 7991 678
4633 3 4634 1 8563 -273 9832 283
4634 1 4635 1
4635 3 4636 1 4740 528 8289 588
4636 2 4637 1 8180 476
4637 2 4638 1 8367 103
4638 2 4639 1 8438 -344
4639 1 4640 1
4640 2 4641 1 9187 -380
4641 3 4642 1 7397 126 9379 -268
4642 2 4643 1 7761 301
4643 2 4644 1 6486 298
4644 1 4645 1
4645 1 4646 1
4646 1 4647 1
4647 2 4648 1 8308 -259
4648 2 4649 1 9005 203
4649 2 4650 1 5467 713
4650 2 4651 1 9998 549
4651 3 4652 1 9049 -157 9669 -486
4652 1 4653 1
4653 3 4654 1 6628 96 7588 265
4654 2 4655 1 6405 724
4655 4 4656 1 8973 76 9182 474 9278 764
4656 1 4657 1
4657 3 4658 1 7606 852 8982 497
4658 2 4659 1 9520 360
4659 1 4660 1
4660 2 4661 1 9027 -62
4661 3 4662 1 7539 541 9819 360
4662 3 4663 1 5792 -447 7978 365
4663 1 4664 1
4664 2 4665 1 8370 823
4665 2 4666 1 9990 364
4666 1 4667 1
4667 2 4668 1 7817 -262
4668 3 4669 1 9591 398 9783 968
4669 1 4670 1
4670 1 4671 1
4671 2 4672 1 7952 274
4672 3 4673 1 6318 116 9457 122
4673 1 4674 1
4674 2 4675 1 8090 -400
4675 2 4676 1 4778 462
4676 2 4677 1 7209 642
4677 3 4678 1 5327 69 8891 677
4678 1 4679 1
4679 5 4680 1 6078 468 6109 55 8087 178 8271 37
4680 3 4681 1 5217 -305 6233 980
4681 2 4682 1 9240 -326
4682 2 4683 1 6625 255
4683 1 4684 1
4684 2 4685 1 5368 -9
4685 2 4686 1 8761 332
4686 2 4687 1 9505 145
4687 3 4688 1 6892 370 8186 -94
4688 2 4689 1 9824 -160
4689 2 4690 1 6997 778
4690 2 4691 1 8110 372
4691 2 4692 1 8019 330
4692 3 4693 1 6100 28 7512 145
4693 2 4694 1 8769 869
4694 3 4695 1 5032 -204 5053 -228
4695 2 4696 1 6664 -496
4696 2 4697 1 9557 -269
4697 1 4698 1
4698 2 4699 1 5523 122
4699 1 4700 1
4700 2 4701 1 4753 -160
4701 2 4702 1 6723 823
4702 1 4703 1
4703 3 4704 1 5701 864 9292 -21
4704 2 4705 1 9802 807
4705 2 4706 1 9504 832
4706 3 4707 1 5300 371 5944 647
4707 3 4708 1 8290 768 8627 906
4708 1 4709 1
4709 1 4710 1
4710 1 4711 1
4711 4 4712 1 6031 794 6424 560 9943 496
4712 1 4713 1
4713 1 4714 1
4714 1 4715 1
4715 1 4716 1
4716 2 4717 1 7291 889
4717 3 4718 1 7058 534 9401 151
4718 3 4719 1 5952 -256 8086 71
4719 1 4720 1
4720 1 4721 1
4721 2 4722 1 8570 737
4722 2 4723 1 6004 599
4723 2 4724 1 5599 974
4724 1 4725 1
4725 2 4726 1 5297 103
4726 3 4727 1 7901 617 7972 -93
4727 3 4728 1 6494 274 9248 722
4728 4 4729 1 6026 957 6048 994 7784 -93
4729 1 4730 1
4730 2 4731 1 9615 -61
4731 1 4732 1
4732 3 4733 1 6178 -301 6361 999
4733 3 4734 1 5049 869 9338 -124
4734 1 4735 1
4735 2 4736 1 5289 679
4736 1 4737 1
4737 1 4738 1
4738 2 4739 1 5391 218
4739 1 4740 1
4740 3 4741 1 8060 457 9947 963
4741 5 4742 1 6413 185 7588 771 9775 141 9822 922
4742 2 4743 1 9699 111
4743 3 4744 1 6258 81 9742 874
4744 3 4745 1 5414 909 6665 575
4745 3 4746 1 6330 835 7699 935
4746 2 4747 1 6147 317
4747 1 4748 1
4748 1 4749 1
4749 2 4750 1 7864 -162
4750 2 4751 1 9739 921
4751 1 4752 1
4752 1 4753 1
4753 1 4754 1
4754 2 4755 1 9616 94
4755 3 4756 1 7399 502 8962 342
4756 2 4757 1 6152 -381
4757 4 4758 1 5225 213 5850 -152 5938 761
4758 1 4759 1
4759 2 4760 1 5905 371
4760 1 4761 1
4761 2 4762 1 7222 -460
4762 1 4763 1
4763 1 4764 1
4764 3 4765 1 8572 -418 9693 126
4765 3 4766 1 6227 287 9317 404
4766 1 4767 1
4767 3 4768 1 7257 200 8858 231
4768 2 4769 1 8646 -202
4769 1 4770 1
4770 1 4771 1
4771 1 4772 1
4772 5 4773 1 5373 97 5791 951 5913 986 9015 499
4773 3 4774 1 5889 -21 8373 250
4774 1 4775 1
4775 2 4776 1 8973 520
4776 3 4777 1 5253 650 5498 -133
4777 2 4778 1 7263 201
4778 3 4779 1 7241 558 8306 92
4779 2 4780 1 9887 880
4780 4 4781 1 6918 -176 7060 981 7821 916
4781 2 4782 1 6488 171
4782 1 4783 1
4783 2 4784 1 5704 626
4784 2 4785 1 9678 434
4785 3 4786 1 6975 952 9573 105
4786 2 4787 1 8134 797
4787 2 4788 1 5322 463
4788 1 4789 1
4789 1 4790 1
4790 2 4791 1 5888 -241
4791 2 4792 1 9123 927
4792 3 4793 1 4952 606 5168 526
4793 1 4794 1
4794 1 4795 1
4795 1 4796 1
4796 1 4797 1
4797 3 4798 1 6419 49 9597 806
4798 3 4799 1 5176 912 5462 -308
4799 3 4800 1 9215 482 9268 394
4800 1 4801 1
4801 3 4802 1 7327 451 9729 77
4802 3 4803 1 5614 -37 9332 -177
4803 1 4804 1
4804 2 4805 1 6828 912
4805 2 4806 1 5819 183
4806 2 4807 1 7478 603
4807 1 4808 1
4808 2 4809 1 9575 -198
4809 3 4810 1 5979 -88 9477 -313
4810 3 4811 1 7021 378 7023 658
4811 1 4812 1
4812 1 4813 1
4813 1 4814 1
4814 1 4815 1
4815 1 4816 1
4816 4 4817 1 6642 676 8186 197 8543 442
4817 1 4818 1
4818 1 4819 1
4819 1 4820 1
4820 3 4821 1 7624 785 7815 509
4821 1 4822 1
4822 3 4823 1 6473 90 7996 544
4823 3 4824 1 6190 116 8673 880
4824 1 4825 1
4825 1 4826 1
4826 1 4827 1
4827 2 4828 1 8346 867
4828 1 4829 1
4829 1 4830 1
4830 1 4831 1
4831 2 4832 1 6015 240
4832 2 4833 1 6391 427
4833 1 4834 1
4834 2 4835 1 5695 -34
4835 3 4836 1 4935 752 9816 484
4836 2 4837 1 8187 954
4837 4 4838 1 7466 -92 8305 185 8317 177
4838 2 4839 1 5793 917
4839 2 4840 1 6565 882
4840 3 4841 1 4872 514 9692 360
4841 2 4842 1 7804 873
4842 1 4843 1
4843 1 4844 1
4844 3 4845 1 5744 -455 9231 -292
4845 2 4846 1 7186 571
4846 2 4847 1 5721 -260
4847 1 4848 1
4848 2 4849 1 8967 893
4849 4 4850 1 6920 285 8008 123 9431 49
4850 3 4851 1 5160 380 6136 -453
4851 3 4852 1 6191 629 9131 647
4852 1 4853 1
4853 2 4854 1 7667 905
4854 1 4855 1
4855 3 4856 1 8133 -197 9650 141
4856 1 4857 1
4857 2 4858 1 5763 -81
4858 1 4859 1
4859 2 4860 1 9520 375
4860 1 4861 1
4861 2 4862 1 9403 -454
4862 2 4863 1 9334 222
4863 1 4864 1
4864 3 4865 1 5802 -468 8904 997
4865 2 4866 1 8065 621
4866 1 4867 1
4867 1 4868 1
4868 1 4869 1
4869 2 4870 1 9221 859
4870 2 4871 1 8767 -420
4871 3 4872 1 6365 537 9551 716
4872 4 4873 1 6784 635 8897 691 9467 -364
4873 3 4874 1 8875 570 8908 839
4874 2 4875 1 9244 29
4875 2 4876 1 5616 944
4876 3 4877 1 7640 -105 7717 553
4877 3 4878 1 5463 -134 5484 702
4878 1 4879 1
4879 1 4880 1
4880 2 4881 1 6009 347
4881 2 4882 1 9085 144
4882 2 4883 1 5860 -354
4883 1 4884 1
4884 1 4885 1
4885 2 4886 1 8131 27
4886 2 4887 1 9959 275
4887 2 4888 1 6597 920
4888 1 4889 1
4889 2 4890 1 7304 530
4890 3 4891 1 5806 863 9391 501
4891 2 4892 1 7307 255
4892 1 4893 1
4893 3 4894 1 6006 878 9800 -88
4894 2 4895 1 9782 901
4895 5 4896 1 5307 -314 8151 746 8483 12 8980 760
4896 1 4897 1
4897 1 4898 1
4898 2 4899 1 7422 -144
4899 3 4900 1 7208 693 8019 743
4900 3 4901 1 9147 417 9183 659
4901 2 4902 1 6230 -238
4902 1 4903 1
4903 2 4904 1 5951 358
4904 2 4905 1 9392 377
4905 2 4906 1 6199 213
4906 3 4907 1 5109 118 7150 694
4907 3 4908 1 6973 -170 8031 -57
4908 1 4909 1
4909 2 4910 1 9520 632
4910 4 4911 1 6782 137 8301 -291 8644 969
4911 2 4912 1 4935 275
4912 3 4913 1 6749 592 8647 60
4913 1 4914 1
4914 1 4915 1
4915 2 4916 1 6859 935
4916 1 4917 1
4917 1 4918 1
4918 1 4919 1
4919 2 4920 1 7585 293
4920 4 4921 1 5085 52 5614 459 7861 -225
4921 2 4922 1 6041 -92
4922 3 4923 1 8148 871 9951 -83
4923 2 4924 1 5412 -81
4924 1 4925 1
4925 2 4926 1 8788 -259
4926 3 4927 1 8626 506 9938 50
4927 2 4928 1 6416 -196
4928 2 4929 1 9801 920
4929 2 4930 1 6464 296
4930 2 4931 1 9094 -143
4931 2 4932 1 7805 -124
4932 2 4933 1 8659 409
4933 3 4934 1 5551 145 6019 730
4934 3 4935 1 7336 710 9365 413
4935 3 4936 1 7091 974 7310 850
4936 2 4937 1 9474 -183
4937 2 4938 1 8337 -316
4938 3 4939 1 6570 338 7423 910
4939 3 4940 1 5787 885 7425 147
4940 1 4941 1
4941 1 4942 1
4942 1 4943 1
4943 4 4944 1 5602 145 6528 863 8670 -418
4944 2 4945 1 9051 147
4945 3 4946 1 6177 923 9947 446
4946 1 4947 1
4947 2 4948 1 6031 166
4948 2 4949 1 9954 466
4949 2 4950 1 5650 -427
4950 1 4951 1
4951 1 4952 1
4952 3 4953 1 6091 767 7794 885
4953 1 4954 1
4954 3 4955 1 8580 -480 9791 -446
4955 1 4956 1
4956 2 4957 1 6511 935
4957 1 4958 1
4958 1 4959 1
4959 1 4960 1
4960 2 4961 1 8460 -297
4961 4 4962 1 5121 595 6211 243 7946 568
4962 1 4963 1
4963 1 4964 1
4964 3 4965 1 5357 -439 9621 722
4965 3 4966 1 6240 794 9909 346
4966 1 4967 1
4967 2 4968 1 6623 502
4968 2 4969 1 9550 182
4969 1 4970 1
4970 2 4971 1 5024 59
4971 2 4972 1 6877 -319
4972 1 4973 1
4973 1 4974 1
4974 1 4975 1
4975 3 4976 1 7390 933 8069 631
4976 1 4977 1
4977 2 4978 1 7376 790
4978 1 4979 1
4979 1 4980 1
4980 2 4981 1 5433 347
4981 2 4982 1 7408 -285
4982 2 4983 1 7058 436
4983 1 4984 1
4984 3 4985 1 8049 151 9277 669
4985 1 4986 1
4986 3 4987 1 7878 915 9841 598
4987 2 4988 1 7315 501
4988 1 4989 1
4989 2 4990 1 6935 657
4990 2 4991 1 8738 641
4991 2 4992 1 6945 386
4992 2 4993 1 7428 984
4993 2 4994 1 7560 278
4994 1 4995 1
4995 4 4996 1 8628 974 9551 220 9927 -200
4996 1 4997 1
4997 1 4998 1
4998 2 4999 1 8019 641
4999 1 5000 1
5000 3 5001 1 6012 339 9637 541
5001 5 5002 1 7130 147 7598 21 9124 112 9955 550
5002 1 5003 1
5003 5 5004 1 5172 -394 5348 996 5621 81 5999 794
5004 3 5005 1 7308 86 9418 719
5005 2 5006 1 5333 555
5006 1 5007 1
5007 1 5008 1
5008 2 5009 1 9733 916
5009 2 5010 1 8232 38
5010 3 5011 1 5059 -470 8451 -266
5011 1 5012 1
5012 2 5013 1 7979 935
5013 1 5014 1
5014 2 5015 1 5743 -481
5015 2 5016 1 9039 -291
5016 3 5017 1 9290 356 9997 62
5017 2 5018 1 6489 418
5018 2 5019 1 5866 667
5019 1 5020 1
5020 5 5021 1 7998 510 8388 -119 8626 968 9304 -445
5021 3 5022 1 8187 654 9875 972
5022 1 5023 1
5023 2 5024 1 9907 684
5024 4 5025 1 7462 183 8143 326 8388 798
5025 2 5026 1 5474 -159
5026 3 5027 1 8235 522 8458 465
5027 2 5028 1 5625 858
5028 3 5029 1 8611 515 9672 698
5029 1 5030 1
5030 2 5031 1 9408 425
5031 1 5032 1
5032 4 5033 1 5628 459 6289 431 6864 -494
5033 3 5034 1 6292 26 9614 787
5034 2 5035 1 7034 619
5035 1 5036 1
5036 3 5037 1 7390 -418 8017 642
5037 1 5038 1
5038 2 5039 1 6435 736
5039 1 5040 1
5040 2 5041 1 6560 -331
5041 1 5042 1
5042 3 5043 1 8397 877 9941 76
5043 2 5044 1 6363 561
5044 2 5045 1 7430 341
5045 4 5046 1 8371 314 8421 443 9970 69
5046 2 5047 1 8379 560
5047 2 5048 1 7062 -56
5048 1 5049 1
5049 3 5050 1 7525 -465 9183 931
5050 1 5051 1
5051 1 5052 1
5052 3 5053 1 9354 301 9912 288
5053 1 5054 1
5054 2 5055 1 7803 -99
5055 3 5056 1 6307 -208 8140 663
5056 2 5057 1 9991 -200
5057 2 5058 1 9071 859
5058 1 5059 1
5059 1 5060 1
5060 1 5061 1
5061 2 5062 1 6860 297
5062 1 5063 1
5063 2 5064 1 8331 -367
5064 3 5065 1 6713 662 9618 775
5065 2 5066 1 9842 544
5066 1 5067 1
5067 4 5068 1 6552 -267 7060 214 8282 -147
5068 3 5069 1 7144 292 9920 966
5069 2 5070 1 8452 215
5070 2 5071 1 7738 367
5071 2 5072 1 8232 882
5072 3 5073 1 6998 971 8280 570
5073 3 5074 1 7943 334 8304 447
5074 2 5075 1 9126 539
5075 2 5076 1 6359 403
5076 1 5077 1
5077 1 5078 1
5078 2 5079 1 6367 98
5079 1 5080 1
5080 1 5081 1
5081 3 5082 1 8794 -440 9863 -176
5082 1 5083 1
5083 4 5084 1 8709 -75 9504 -110 9781 311
5084 4 5085 1 5363 69 8551 842 8676 753
5085 2 5086 1 7909 350
5086 2 5087 1 7975 669
5087 1 5088 1
5088 2 5089 1 7390 927
5089 2 5090 1 5579 868
5090 1 5091 1
5091 1 5092 1
5092 2 5093 1 6691 -71
5093 2 5094 1 7452 65
5094 1 5095 1
5095 2 5096 1 5944 441
5096 1 5097 1
5097 1 5098 1
5098 1 5099 1
5099 2 5100 1 8642 251
5100 4 5101 1 5600 193 6183 -247 8858 720
5101 3 5102 1 8948 974 9110 764
5102 1 5103 1
5103 1 5104 1
5104 3 5105 1 6819 -138 9029 936
5105 2 5106 1 9827 424
5106 3 5107 1 7975 883 9576 805
5107 4 5108 1 5527 7 8041 442 8570 53
5108 2 5109 1 9403 62
5109 3 5110 1 8162 -104 8678 811
5110 3 5111 1 5960 465 7746 -354
5111 1 5112 1
5112 2 5113 1 8636 372
5113 4 5114 1 6073 -330 7854 -70 9703 -338
5114 1 5115 1
5115 2 5116 1 8856 966
5116 2 5117 1 7397 -103
5117 2 5118 1 9895 662
5118 4 5119 1 7450 226 7894 871 9629 728
5119 2 5120 1 5397 -378
5120 3 5121 1 7986 -11 9664 36
5121 2 5122 1 7124 392
5122 2 5123 1 9248 402
5123 3 5124 1 5900 465 5915 887
5124 1 5125 1
5125 1 5126 1
5126 1 5127 1
5127 3 5128 1 6152 177 6782 146
5128 2 5129 1 9394 86
5129 1 5130 1
5130 2 5131 1 7970 877
5131 1 5132 1
5132 4 5133 1 5167 87 5497 400 6529 835
5133 2 5134 1 5708 916
5134 3 5135 1 5480 835 8067 196
5135 2 5136 1 9867 -211
5136 2 5137 1 9223 614
5137 1 5138 1
5138 2 5139 1 8734 350
5139 1 5140 1
5140 5 5141 1 5952 -415 6250 195 6495 34 6796 891
5141 1 5142 1
5142 1 5143 1
5143 3 5144 1 9849 -365 9950 99
5144 1 5145 1
5145 1 5146 1
5146 2 5147 1 7813 807
5147 2 5148 1 7869 395
5148 1 5149 1
5149 2 5150 1 8209 -136
5150 3 5151 1 5541 -486 8373 -397
5151 1 5152 1
5152 2 5153 1 8430 543
5153 5 5154 1 7123 -102 7480 620 7624 848 7903 982
5154 1 5155 1
5155 1 5156 1
5156 1 5157 1
5157 1 5158 1
5158 2 5159 1 9693 526
5159 5 5160 1 5404 45 5448 717 7100 299 9567 -353
5160 1 5161 1
5161 1 5162 1
5162 2 5163 1 5675 151
5163 3 5164 1 6788 785 9288 -327
5164 1 5165 1
5165 1 5166 1
5166 1 5167 1
5167 1 5168 1
5168 2 5169 1 8235 894
5169 2 5170 1 9631 1
5170 2 5171 1 9890 -56
5171 2 5172 1 5644 979
5172 2 5173 1 8304 798
5173 2 5174 1 5748 717
5174 1 5175 1
5175 3 5176 1 6001 555 8271 -122
5176 4 5177 1 6007 -339 6437 113 8848 830
5177 2 5178 1 5556 686
5178 7 5179 1 6894 169 7615 -253 7735 805 7889 123 9140 431 9613 1000
5179 2 5180 1 9781 658
5180 3 5181 1 5635 988 9292 -136
5181 2 5182 1 8943 98
5182 1 5183 1
5183 2 5184 1 7124 -463
5184 1 5185 1
5185 2 5186 1 8920 -169
5186 2 5187 1 6174 -189
5187 4 5188 1 6895 171 9068 294 9832 -33
5188 4 5189 1 5876 436 7719 438 8113 -7
5189 1 5190 1
5190 2 5191 1 9040 -262
5191 3 5192 1 8019 640 8558 520
5192 1 5193 1
5193 2 5194 1 7902 88
5194 3 5195 1 5706 172 9575 473
5195 1 5196 1
5196 1 5197 1
5197 1 5198 1
5198 4 5199 1 8238 982 8273 916 9895 924
5199 2 5200 1 6118 268
5200 2 5201 1 6968 564
5201 4 5202 1 7733 622 8486 -202 9491 962
5202 3 5203 1 5913 796 7437 864
5203 4 5204 1 6461 353 8774 782 9014 -37
5204 1 5205 1
5205 3 5206 1 6169 872 6393 -443
5206 1 5207 1
5207 1 5208 1
5208 2 5209 1 5546 -165
5209 2 5210 1 8492 -397
5210 2 5211 1 8333 582
5211 1 5212 1
5212 2 5213 1 8233 441
5213 2 5214 1 8764 36
5214 1 5215 1
5215 1 5216 1
5216 1 5217 1
5217 1 5218 1
5218 1 5219 1
5219 1 5220 1
5220 2 5221 1 9884 45
5221 3 5222 1 8693 -120 9654 -192
5222 1 5223 1
5223 1 5224 1
5224 2 5225 1 6403 136
5225 4 5226 1 5384 -403 8611 957 8973 29
5226 2 5227 1 6352 502
5227 1 5228 1
5228 2 5229 1 5541 204
5229 4 5230 1 6339 -152 7304 80 8876 464
5230 4 5231 1 5929 606 7025 399 9566 870
5231 1 5232 1
5232 1 5233 1
5233 3 5234 1 6429 605 6927 854
5234 1 5235 1
5235 2 5236 1 6627 533
5236 1 5237 1
5237 1 5238 1
5238 2 5239 1 5557 10
5239 2 5240 1 6047 487
5240 2 5241 1 7316 26
5241 1 5242 1
5242 2 5243 1 6792 637
5243 2 5244 1 7949 128
5244 1 5245 1
5245 3 5246 1 7288 687 8379 123
5246 1 5247 1
5247 3 5248 1 8328 -353 9062 571
5248 1 5249 1
5249 6 5250 1 5812 499 6815 158 6985 76 8310 665 8929 454
5250 2 5251 1 7185 844
5251 1 5252 1
5252 2 5253 1 5902 441
5253 2 5254 1 8284 703
5254 1 5255 1
5255 2 5256 1 5581 612
5256 2 5257 1 5780 803
5257 1 5258 1
5258 2 5259 1 9511 970
5259 1 5260 1
5260 1 5261 1
5261 2 5262 1 7032 449
5262 3 5263 1 7825 252 8279 472
5263 2 5264 1 6285 -153
5264 1 5265 1
5265 3 5266 1 6317 644 6683 -25
5266 1 5267 1
5267 3 5268 1 5481 653 9713 947
5268 2 5269 1 8476 246
5269 2 5270 1 8893 558
5270 1 5271 1
5271 1 5272 1
5272 1 5273 1
5273 2 5274 1 6142 31
5274 2 5275 1 5914 53
5275 1 5276 1
5276 2 5277 1 6117 624
5277 1 5278 1
5278 1 5279 1
5279 2 5280 1 9018 873
5280 3 5281 1 5857 527 6883 365
5281 1 5282 1
5282 4 5283 1 7377 -464 7417 -26 7425 368
5283 3 5284 1 6867 259 7438 527
5284 2 5285 1 9443 263
5285 1 5286 1
5286 1 5287 1
5287 3 5288 1 5635 105 6518 111
5288 1 5289 1
5289 1 5290 1
5290 2 5291 1 9269 -243
5291 1 5292 1
5292 2 5293 1 5595 29
5293 3 5294 1 6685 724 6716 -381
5294 1 5295 1
5295 1 5296 1
5296 2 5297 1 6755 244
5297 2 5298 1 9738 667
5298 2 5299 1 8816 871
5299 1 5300 1
5300 1 5301 1
5301 2 5302 1 8391 831
5302 3 5303 1 5779 858 7450 255
5303 3 5304 1 5764 389 7772 648
5304 2 5305 1 5936 33
5305 2 5306 1 6173 790
5306 2 5307 1 8608 762
5307 2 5308 1 7513 120
5308 2 5309 1 6388 785
5309 1 5310 1
5310 1 5311 1
5311 3 5312 1 6002 604 7383 521
5312 1 5313 1
5313 1 5314 1
5314 2 5315 1 5699 498
5315 3 5316 1 5823 25 8533 937
5316 4 5317 1 7605 639 8185 -37 9582 112
5317 1 5318 1
5318 1 5319 1
5319 4 5320 1 5738 560 7399 591 9782 420
5320 3 5321 1 6918 -481 9378 607
5321 2 5322 1 9033 713
5322 2 5323 1 6257 857
5323 2 5324 1 6385 604
5324 2 5325 1 6564 10
5325 3 5326 1 7472 570 9551 259
5326 3 5327 1 7689 894 7749 398
5327 2 5328 1 7688 202
5328 2 5329 1 8596 -427
5329 2 5330 1 6594 -124
5330 2 5331 1 9865 -130
5331 2 5332 1 6105 -306
5332 4 5333 1 7846 414 8509 899 9212 37
5333 1 5334 1
5334 2 5335 1 8268 266
5335 2 5336 1 6878 -441
5336 3 5337 1 6297 996 8768 899
5337 2 5338 1 7592 -173
5338 1 5339 1
5339 1 5340 1
5340 3 5341 1 7059 321 7163 189
5341 2 5342 1 8871 -331
5342 2 5343 1 9601 648
5343 2 5344 1 9506 863
5344 1 5345 1
5345 2 5346 1 9996 -425
5346 2 5347 1 5719 209
5347 3 5348 1 7121 130 8518 -451
5348 3 5349 1 5636 701 7301 995
5349 2 5350 1 6626 461
5350 3 5351 1 8112 371 9504 -317
5351 1 5352 1
5352 2 5353 1 6535 363
5353 2 5354 1 6733 730
5354 2 5355 1 5806 -45
5355 2 5356 1 6703 904
5356 2 5357 1 5498 763
5357 1 5358 1
5358 2 5359 1 9767 350
5359 1 5360 1
5360 1 5361 1
5361 2 5362 1 8756 79
5362 2 5363 1 9917 373
5363 1 5364 1
5364 1 5365 1
5365 2 5366 1 5627 483
5366 2 5367 1 5424 874
5367 3 5368 1 7957 73 8647 343
5368 4 5369 1 5489 954 7640 -495 8178 719
5369 1 5370 1
5370 3 5371 1 6544 -72 6999 146
5371 2 5372 1 6160 850
5372 1 5373 1
5373 2 5374 1 8053 65
5374 2 5375 1 6998 516
5375 2 5376 1 9217 410
5376 2 5377 1 9205 459
5377 2 5378 1 7057 564
5378 1 5379 1
5379 1 5380 1
5380 2 5381 1 8671 577
5381 5 5382 1 6942 45 7686 394 8451 516 9416 763
5382 2 5383 1 6921 200
5383 1 5384 1
5384 3 5385 1 5778 472 6682 498
5385 1 5386 1
5386 2 5387 1 8898 810
5387 2 5388 1 6413 -244
5388 2 5389 1 9831 956
5389 2 5390 1 7962 979
5390 4 5391 1 7899 825 8772 621 9106 634
5391 4 5392 1 7385 -220 7660 -148 8134 -178
5392 1 5393 1
5393 5 5394 1 5847 933 7214 -375 8157 355 8586 688
5394 2 5395 1 8898 302
5395 1 5396 1
5396 2 5397 1 7611 702
5397 1 5398 1
5398 3 5399 1 5836 509 7021 989
5399 3 5400 1 7288 -369 9338 -366
5400 2 5401 1 8902 -159
5401 1 5402 1
5402 1 5403 1
5403 1 5404 1
5404 2 5405 1 9787 9
5405 1 5406 1
5406 1 5407 1
5407 2 5408 1 7210 593
5408 2 5409 1 8927 892
5409 3 5410 1 8924 -240 8994 373
5410 2 5411 1 7096 -482
5411 2 5412 1 7832 475
5412 1 5413 1
5413 2 5414 1 8769 63
5414 1 5415 1
5415 1 5416 1
5416 2 5417 1 7978 -69
5417 1 5418 1
5418 1 5419 1
5419 1 5420 1
5420 1 5421 1
5421 2 5422 1 9949 600
5422 1 5423 1
5423 1 5424 1
5424 3 5425 1 6761 -193 6938 -496
5425 2 5426 1 9819 210
5426 2 5427 1 8751 -243
5427 1 5428 1
5428 2 5429 1 6374 858
5429 3 5430 1 7448 367 9692 358
5430 2 5431 1 5768 222
5431 4 5432 1 6206 917 9868 -458 9888 -214
5432 2 5433 1 7234 -387
5433 3 5434 1 6799 942 9724 453
5434 1 5435 1
5435 3 5436 1 8401 585 8629 344
5436 1 5437 1
5437 2 5438 1 9846 519
5438 2 5439 1 6246 315
5439 3 5440 1 6979 474 7210 -37
5440 1 5441 1
5441 2 5442 1 5686 994
5442 2 5443 1 6009 534
5443 4 5444 1 8194 368 8862 367 9660 -187
5444 4 5445 1 6563 221 7400 -18 8336 166
5445 1 5446 1
5446 3 5447 1 7449 -273 8158 -24
5447 1 5448 1
5448 1 5449 1
5449 2 5450 1 8265 842
5450 1 5451 1
5451 1 5452 1
5452 5 5453 1 5485 576 7470 933 8170 592 9136 628
5453 3 5454 1 6535 929 9188 190
5454 4 5455 1 7004 75 8007 -241 8621 727
5455 4 5456 1 6457 306 8452 637 9168 -368
5456 2 5457 1 7118 831
5457 3 5458 1 5892 75 8164 -263
5458 2 5459 1 9043 -135
5459 3 5460 1 6376 849 6695 981
5460 4 5461 1 5531 -290 7474 906 7672 151
5461 1 5462 1
5462 2 5463 1 8681 562
5463 3 5464 1 6539 -350 7689 671
5464 1 5465 1
5465 2 5466 1 6346 784
5466 2 5467 1 6229 97
5467 2 5468 1 8569 193
5468 3 5469 1 6989 185 8295 152
5469 2 5470 1 7359 -470
5470 3 5471 1 7593 27 8059 70
5471 1 5472 1
5472 3 5473 1 8791 24 9509 654
5473 2 5474 1 6290 788
5474 2 5475 1 8270 940
5475 2 5476 1 5996 659
5476 3 5477 1 8626 -460 9098 944
5477 2 5478 1 5913 980
5478 1 5479 1
5479 2 5480 1 9179 421
5480 1 5481 1
5481 3 5482 1 9559 518 9651 649
5482 1 5483 1
5483 8 5484 1 5810 228 6617 298 6624 54 6761 -344 7414 319 9507 100 9837 -214
5484 1 5485 1
5485 3 5486 1 6444 460 8304 -239
5486 5 5487 1 5629 895 6999 370 7637 801 7651 932
5487 1 5488 1
5488 1 5489 1
5489 1 5490 1
5490 1 5491 1
5491 2 5492 1 8611 -173
5492 1 5493 1
5493 2 5494 1 6577 397
5494 3 5495 1 6394 760 7770 544
5495 2 5496 1 7346 313
5496 2 5497 1 8709 781
5497 1 5498 1
5498 4 5499 1 5877 595 6730 226 8857 920
5499 5 5500 1 5926 581 8741 -345 8976 846 9791 259
5500 1 5501 1
5501 2 5502 1 8534 501
5502 2 5503 1 9477 659
5503 4 5504 1 5672 -87 6600 726 7171 627
5504 2 5505 1 6142 261
5505 2 5506 1 8997 994
5506 2 5507 1 9458 515
5507 2 5508 1 9367 -263
5508 2 5509 1 9466 71
5509 3 5510 1 8119 497 9114 165
5510 2 5511 1 7128 526
5511 1 5512 1
5512 1 5513 1
5513 2 5514 1 5926 -465
5514 2 5515 1 8788 619
5515 1 5516 1
5516 2 5517 1 7579 158
5517 2 5518 1 8274 -45
5518 2 5519 1 8421 102
5519 3 5520 1 6780 65 8867 -228
5520 2 5521 1 8447 640
5521 1 5522 1
5522 2 5523 1 8477 485
5523 5 5524 1 5550 562 5692 163 9022 712 9101 735
5524 1 5525 1
5525 1 5526 1
5526 2 5527 1 6085 574
5527 2 5528 1 5868 305
5528 1 5529 1
5529 2 5530 1 8005 233
5530 1 5531 1
5531 2 5532 1 6904 398
5532 1 5533 1
5533 1 5534 1
5534 1 5535 1
5535 2 5536 1 6047 -21
5536 2 5537 1 6296 107
5537 5 5538 1 6479 132 6577 956 8365 667 8931 514
5538 2 5539 1 5877 183
5539 1 5540 1
5540 1 5541 1
5541 3 5542 1 7910 874 8056 -345
5542 2 5543 1 5681 211
5543 3 5544 1 6216 876 7109 223
5544 2 5545 1 8935 32
5545 4 5546 1 6268 824 6835 430 9019 284
5546 2 5547 1 7119 855
5547 4 5548 1 6089 821 6862 276 8802 705
5548 1 5549 1
5549 3 5550 1 7227 962 8749 102
5550 2 5551 1 9264 432
5551 4 5552 1 6433 755 7579 526 9438 481
5552 1 5553 1
5553 1 5554 1
5554 2 5555 1 6335 969
5555 3 5556 1 7934 583 9726 38
5556 3 5557 1 6811 951 8555 723
5557 3 5558 1 6772 677 7969 906
5558 1 5559 1
5559 3 5560 1 7895 613 7906 301
5560 1 5561 1
5561 3 5562 1 6205 846 8585 914
5562 1 5563 1
5563 3 5564 1 7571 19 9050 490
5564 4 5565 1 5832 353 7495 766 8040 203
5565 1 5566 1
5566 3 5567 1 7556 191 8852 633
5567 1 5568 1
5568 4 5569 1 6167 399 6514 915 8617 836
5569 2 5570 1 6953 32
5570 1 5571 1
5571 2 5572 1 8588 437
5572 1 5573 1
5573 1 5574 1
5574 1 5575 1
5575 1 5576 1
5576 1 5577 1
5577 3 5578 1 5597 156 6053 866
5578 2 5579 1 9893 -203
5579 1 5580 1
5580 3 5581 1 5714 875 6940 -175
5581 1 5582 1
5582 2 5583 1 6106 383
5583 4 5584 1 8233 41 9117 926 9276 648
5584 1 5585 1
5585 1 5586 1
5586 1 5587 1
5587 5 5588 1 5873 497 6083 -331 9884 -414 9938 239
5588 1 5589 1
5589 3 5590 1 8953 373 9518 -247
5590 3 5591 1 7031 -262 9716 961
5591 3 5592 1 6207 499 8429 169
5592 2 5593 1 9552 313
5593 3 5594 1 9104 514 9105 369
5594 1 5595 1
5595 3 5596 1 7809 308 8679 991
5596 2 5597 1 7398 -429
5597 2 5598 1 8663 47
5598 1 5599 1
5599 2 5600 1 7027 415
5600 2 5601 1 8597 430
5601 1 5602 1
5602 1 5603 1
5603 2 5604 1 7328 470
5604 1 5605 1
5605 3 5606 1 7041 615 8759 -366
5606 3 5607 1 6702 823 8977 228
5607 1 5608 1
5608 2 5609 1 9784 981
5609 2 5610 1 8494 914
5610 2 5611 1 7731 112
5611 1 5612 1
5612 3 5613 1 5824 56 9589 834
5613 2 5614 1 7566 829
5614 5 5615 1 7135 121 7264 367 7679 194 9808 962
5615 3 5616 1 8534 960 9320 398
5616 2 5617 1 6880 716
5617 3 5618 1 6433 504 8681 -417
5618 2 5619 1 8145 -32
5619 1 5620 1
5620 2 5621 1 7254 928
5621 2 5622 1 7714 672
5622 1 5623 1
5623 1 5624 1
5624 4 5625 1 6210 992 6534 951 8746 125
5625 1 5626 1
5626 4 5627 1 6886 430 7788 88 8098 360
5627 2 5628 1 8225 546
5628 3 5629 1 7119 139 9790 901
5629 1 5630 1
5630 1 5631 1
5631 1 5632 1
5632 1 5633 1
5633 2 5634 1 9678 -176
5634 4 5635 1 6044 733 8327 19 8361 798
5635 1 5636 1
5636 2 5637 1 8304 -420
5637 2 5638 1 7204 126
5638 1 5639 1
5639 2 5640 1 7554 152
5640 1 5641 1
5641 1 5642 1
5642 1 5643 1
5643 4 5644 1 5863 995 6285 609 8317 864
5644 2 5645 1 7624 529
5645 4 5646 1 6467 715 7239 -303 8993 -166
5646 2 5647 1 7811 -406
5647 1 5648 1
5648 3 5649 1 6360 135 9467 694
5649 3 5650 1 9042 1 9955 -278
5650 1 5651 1
5651 1 5652 1
5652 3 5653 1 5832 331 6024 859
5653 3 5654 1 5860 920 8547 773
5654 1 5655 1
5655 4 5656 1 5683 -427 6710 -400 9584 -81
5656 1 5657 1
5657 1 5658 1
5658 1 5659 1
5659 3 5660 1 5865 -61 7336 165
5660 2 5661 1 6033 572
5661 1 5662 1
5662 1 5663 1
5663 2 5664 1 9055 119
5664 2 5665 1 8648 430
5665 2 5666 1 6917 269
5666 2 5667 1 8879 68
5667 3 5668 1 6393 187 9312 400
5668 4 5669 1 7838 440 9050 575 9391 910
5669 1 5670 1
5670 5 5671 1 6416 271 6520 881 6581 993 9296 -13
5671 3 5672 1 7905 -33 9407 181
5672 2 5673 1 5792 522
5673 2 5674 1 8800 57
5674 2 5675 1 9015 540
5675 1 5676 1
5676 4 5677 1 6271 -441 6686 30 8156 605
5677 1 5678 1
5678 2 5679 1 9582 987
5679 1 5680 1
5680 2 5681 1 8545 876
5681 3 5682 1 8538 846 9384 519
5682 1 5683 1
5683 2 5684 1 7176 392
5684 1 5685 1
5685 2 5686 1 8385 871
5686 2 5687 1 6331 -417
5687 3 5688 1 9412 253 9788 472
5688 2 5689 1 9124 788
5689 2 5690 1 6977 750
5690 2 5691 1 8014 621
5691 2 5692 1 9272 430
5692 3 5693 1 6874 31 9215 592
5693 1 5694 1
5694 2 5695 1 7288 641
5695 4 5696 1 6860 977 8180 382 8869 413
5696 2 5697 1 7939 433
5697 2 5698 1 6402 119
5698 2 5699 1 7247 607
5699 2 5700 1 7652 703
5700 2 5701 1 9271 39
5701 1 5702 1
5702 1 5703 1
5703 2 5704 1 8719 620
5704 1 5705 1
5705 1 5706 1
5706 1 5707 1
5707 2 5708 1 9829 864
5708 2 5709 1 8513 629
5709 2 5710 1 7289 812
5710 1 5711 1
5711 2 5712 1 5809 41
5712 4 5713 1 6082 350 8270 871 9755 182
5713 2 5714 1 5722 252
5714 2 5715 1 5879 998
5715 2 5716 1 5747 66
5716 3 5717 1 6944 900 8521 557
5717 2 5718 1 8729 214
5718 1 5719 1
5719 1 5720 1
5720 3 5721 1 6296 232 9328 -324
5721 5 5722 1 5920 834 8601 360 9583 629 9794 907
5722 1 5723 1
5723 1 5724 1
5724 5 5725 1 6769 886 6906 760 7766 588 9682 -407
5725 1 5726 1
5726 1 5727 1
5727 1 5728 1
5728 2 5729 1 8409 -169
5729 2 5730 1 6041 15
5730 1 5731 1
5731 3 5732 1 7421 265 8881 260
5732 2 5733 1 6278 373
5733 2 5734 1 6313 90
5734 2 5735 1 6671 241
5735 1 5736 1
5736 1 5737 1
5737 1 5738 1
5738 5 5739 1 6145 330 8322 403 8716 645 9675 109
5739 2 5740 1 8008 963
5740 4 5741 1 7557 720 8303 141 9045 827
5741 1 5742 1
5742 2 5743 1 6396 448
5743 2 5744 1 8615 31
5744 2 5745 1 9810 830
5745 1 5746 1
5746 2 5747 1 8104 895
5747 1 5748 1
5748 2 5749 1 9329 17
5749 2 5750 1 7066 433
5750 2 5751 1 6483 803
5751 2 5752 1 9168 592
5752 2 5753 1 8184 -241
5753 4 5754 1 7367 151 8144 -305 9204 430
5754 3 5755 1 6086 -58 9372 793
5755 2 5756 1 8413 609
5756 1 5757 1
5757 1 5758 1
5758 4 5759 1 6211 908 7814 867 9485 96
5759 1 5760 1
5760 1 5761 1
5761 2 5762 1 6003 193
5762 2 5763 1 9427 883
5763 4 5764 1 9496 980 9664 26 9880 286
5764 2 5765 1 5880 -320
5765 1 5766 1
5766 2 5767 1 6035 103
5767 2 5768 1 8180 598
5768 2 5769 1 7779 -309
5769 2 5770 1 7943 384
5770 2 5771 1 6937 -1
5771 3 5772 1 6020 285 7693 34
5772 6 5773 1 6338 -86 6956 918 6988 766 6991 718 9270 118
5773 1 5774 1
5774 1 5775 1
5775 2 5776 1 7382 933
5776 2 5777 1 7966 225
5777 1 5778 1
5778 2 5779 1 6945 548
5779 2 5780 1 5963 633
5780 1 5781 1
5781 2 5782 1 8284 -94
5782 2 5783 1 8855 -37
5783 2 5784 1 8864 168
5784 2 5785 1 8485 259
5785 1 5786 1
5786 3 5787 1 8478 315 9759 561
5787 1 5788 1
5788 3 5789 1 6558 864 8934 -497
5789 1 5790 1
5790 3 5791 1 5985 -45 7255 870
5791 1 5792 1
5792 3 5793 1 6008 -419 6150 -487
5793 3 5794 1 7977 623 8315 -177
5794 2 5795 1 7245 -224
5795 3 5796 1 9173 325 9730 257
5796 2 5797 1 9208 -197
5797 1 5798 1
5798 4 5799 1 8848 813 8956 818 9102 -55
5799 2 5800 1 8388 -75
5800 1 5801 1
5801 1 5802 1
5802 3 5803 1 6597 741 8827 476
5803 2 5804 1 7342 411
5804 4 5805 1 5931 571 7617 -270 8944 126
5805 1 5806 1
5806 5 5807 1 7122 118 7154 891 7951 -305 9509 889
5807 2 5808 1 7030 -473
5808 3 5809 1 6795 24 8351 118
5809 4 5810 1 8943 147 9199 -377 9708 711
5810 3 5811 1 5920 -485 9251 251
5811 3 5812 1 6459 154 9590 136
5812 2 5813 1 6750 777
5813 2 5814 1 8016 -56
5814 3 5815 1 6316 673 6712 711
5815 2 5816 1 8724 942
5816 2 5817 1 9992 896
5817 2 5818 1 6002 748
5818 3 5819 1 6085 -477 6317 279
5819 1 5820 1
5820 2 5821 1 6888 513
5821 3 5822 1 7725 -342 8641 658
5822 2 5823 1 7849 816
5823 3 5824 1 6812 480 8833 824
5824 2 5825 1 7175 140
5825 2 5826 1 7356 549
5826 1 5827 1
5827 2 5828 1 7907 841
5828 2 5829 1 8189 172
5829 1 5830 1
5830 1 5831 1
5831 2 5832 1 7374 737
5832 1 5833 1
5833 1 5834 1
5834 1 5835 1
5835 1 5836 1
5836 1 5837 1
5837 2 5838 1 8504 252
5838 2 5839 1 6120 486
5839 3 5840 1 7089 713 8213 -413
5840 2 5841 1 5974 -6
5841 3 5842 1 8346 894 9295 44
5842 1 5843 1
5843 1 5844 1
5844 1 5845 1
5845 2 5846 1 9900 42
5846 1 5847 1
5847 3 5848 1 9606 139 9715 606
5848 2 5849 1 8542 742
5849 5 5850 1 5933 368 7075 234 9440 722 9815 530
5850 2 5851 1 6084 403
5851 1 5852 1
5852 3 5853 1 6403 830 6547 511
5853 2 5854 1 6303 457
5854 2 5855 1 6876 505
5855 2 5856 1 7979 59
5856 4 5857 1 6050 -498 8733 43 9094 632
5857 3 5858 1 6699 858 9342 715
5858 1 5859 1
5859 2 5860 1 9389 -451
5860 2 5861 1 7765 135
5861 2 5862 1 8488 -361
5862 2 5863 1 7012 256
5863 4 5864 1 8674 497 8773 955 9813 205
5864 1 5865 1
5865 2 5866 1 7770 12
5866 1 5867 1
5867 2 5868 1 6838 58
5868 2 5869 1 8506 462
5869 5 5870 1 6083 531 6942 710 7074 55 9726 -232
5870 3 5871 1 6421 -339 7106 475
5871 2 5872 1 9012 940
5872 2 5873 1 7395 813
5873 1 5874 1
5874 1 5875 1
5875 1 5876 1
5876 2 5877 1 7314 347
5877 4 5878 1 6175 311 6934 847 8051 938
5878 3 5879 1 6073 404 6659 286
5879 1 5880 1
5880 2 5881 1 9156 25
5881 1 5882 1
5882 1 5883 1
5883 1 5884 1
5884 1 5885 1
5885 1 5886 1
5886 3 5887 1 8272 -397 8850 250
5887 4 5888 1 6612 -146 6934 -409 9730 -25
5888 2 5889 1 7355 -18
5889 2 5890 1 9740 318
5890 1 5891 1
5891 1 5892 1
5892 1 5893 1
5893 2 5894 1 8539 615
5894 1 5895 1
5895 4 5896 1 7952 85 8959 -238 9580 145
5896 1 5897 1
5897 3 5898 1 8278 87 8983 20
5898 1 5899 1
5899 2 5900 1 6601 857
5900 2 5901 1 9122 558
5901 2 5902 1 7048 77
5902 2 5903 1 8531 963
5903 1 5904 1
5904 3 5905 1 7652 -285 9086 344
5905 1 5906 1
5906 2 5907 1 5951 649
5907 2 5908 1 7221 210
5908 1 5909 1
5909 2 5910 1 6784 298
5910 2 5911 1 9930 899
5911 2 5912 1 7517 512
5912 2 5913 1 7183 569
5913 1 5914 1
5914 2 5915 1 7373 208
5915 2 5916 1 8593 710
5916 2 5917 1 9639 838
5917 1 5918 1
5918 2 5919 1 6362 980
5919 5 5920 1 5931 691 6549 21 9659 887 9761 833
5920 2 5921 1 9672 359
5921 2 5922 1 6900 102
5922 3 5923 1 9286 -448 9425 735
5923 2 5924 1 6652 -200
5924 1 5925 1
5925 1 5926 1
5926 1 5927 1
5927 1 5928 1
5928 1 5929 1
5929 1 5930 1
5930 1 5931 1
5931 3 5932 1 6190 -400 7427 138
5932 3 5933 1 7727 568 9730 -173
5933 1 5934 1
5934 5 5935 1 7163 102 9171 662 9436 -69 9921 844
5935 4 5936 1 5997 81 6012 -158 9837 -396
5936 1 5937 1
5937 3 5938 1 6561 -77 8961 578
5938 1 5939 1
5939 1 5940 1
5940 1 5941 1
5941 1 5942 1
5942 2 5943 1 7731 711
5943 2 5944 1 9041 741
5944 2 5945 1 9611 -104
5945 4 5946 1 6359 959 7446 939 8397 -369
5946 2 5947 1 8301 298
5947 2 5948 1 7485 799
5948 2 5949 1 9590 121
5949 3 5950 1 7990 287 9490 681
5950 1 5951 1
5951 2 5952 1 6739 40
5952 1 5953 1
5953 2 5954 1 7749 54
5954 1 5955 1
5955 1 5956 1
5956 2 5957 1 6808 -500
5957 2 5958 1 6702 684
5958 1 5959 1
5959 1 5960 1
5960 2 5961 1 6850 919
5961 2 5962 1 6624 82
5962 1 5963 1
5963 2 5964 1 7479 168
5964 1 5965 1
5965 1 5966 1
5966 3 5967 1 7516 203 9495 -46
5967 1 5968 1
5968 2 5969 1 9864 82
5969 1 5970 1
5970 1 5971 1
5971 2 5972 1 9978 189
5972 1 5973 1
5973 1 5974 1
5974 3 5975 1 6633 877 6726 162
5975 2 5976 1 9635 564
5976 2 5977 1 7014 842
5977 1 5978 1
5978 2 5979 1 6456 286
5979 2 5980 1 7361 -37
5980 1 5981 1
5981 1 5982 1
5982 2 5983 1 8510 635
5983 1 5984 1
5984 2 5985 1 6563 904
5985 3 5986 1 7409 850 8552 -349
5986 3 5987 1 9312 535 9340 466
5987 1 5988 1
5988 2 5989 1 9716 366
5989 1 5990 1
5990 2 5991 1 7279 643
5991 1 5992 1
5992 2 5993 1 6743 -421
5993 2 5994 1 7232 475
5994 2 5995 1 7810 289
5995 1 5996 1
5996 2 5997 1 8414 49
5997 1 5998 1
5998 3 5999 1 6546 -311 6667 86
5999 1 6000 1
6000 1 6001 1
6001 1 6002 1
6002 3 6003 1 8222 831 8444 -290
6003 3 6004 1 7828 -14 9251 1000
6004 2 6005 1 9683 771
6005 2 6006 1 7075 164
6006 4 6007 1 6686 375 8127 660 9480 392
6007 4 6008 1 7661 -139 8349 722 9069 594
6008 3 6009 1 6796 -265 8694 414
6009 1 6010 1
6010 2 6011 1 7887 693
6011 4 6012 1 6014 -140 6070 744 8358 345
6012 1 6013 1
6013 1 6014 1
6014 4 6015 1 6894 257 9380 724 9563 391
6015 2 6016 1 8286 881
6016 1 6017 1
6017 3 6018 1 8347 932 8562 670
6018 2 6019 1 8520 -479
6019 3 6020 1 6380 548 9798 814
6020 1 6021 1
6021 2 6022 1 6226 645
6022 1 6023 1
6023 2 6024 1 8373 53
6024 4 6025 1 7617 889 8812 715 9526 24
6025 1 6026 1
6026 3 6027 1 6472 132 9374 729
6027 1 6028 1
6028 2 6029 1 8767 602
6029 4 6030 1 6230 706 6498 790 7497 601
6030 1 6031 1
6031 1 6032 1
6032 1 6033 1
6033 1 6034 1
6034 2 6035 1 6580 85
6035 2 6036 1 7617 260
6036 1 6037 1
6037 3 6038 1 8112 -246 9043 842
6038 2 6039 1 6266 817
6039 2 6040 1 6304 546
6040 3 6041 1 6163 258 8583 58
6041 2 6042 1 7878 58
6042 3 6043 1 6965 854 7998 496
6043 3 6044 1 7398 748 8960 -205
6044 1 6045 1
6045 1 6046 1
6046 2 6047 1 8728 831
6047 1 6048 1
6048 4 6049 1 6507 173 6860 921 9545 361
6049 3 6050 1 8365 289 9494 337
6050 2 6051 1 8870 -480
6051 3 6052 1 9449 858 9924 471
6052 1 6053 1
6053 3 6054 1 6277 221 6955 395
6054 1 6055 1
6055 3 6056 1 6580 149 7249 633
6056 2 6057 1 9204 151
6057 1 6058 1
6058 1 6059 1
6059 2 6060 1 7908 -160
6060 4 6061 1 6566 59 6664 317 6716 -422
6061 1 6062 1
6062 1 6063 1
6063 2 6064 1 9258 572
6064 2 6065 1 7441 267
6065 2 6066 1 6837 -496
6066 2 6067 1 9726 938
6067 2 6068 1 9517 502
6068 1 6069 1
6069 1 6070 1
6070 1 6071 1
6071 2 6072 1 8159 334
6072 1 6073 1
6073 1 6074 1
6074 2 6075 1 6560 392
6075 3 6076 1 7550 -197 7647 850
6076 3 6077 1 8662 716 9871 626
6077 2 6078 1 6603 644
6078 1 6079 1
6079 1 6080 1
6080 2 6081 1 9399 212
6081 2 6082 1 6393 245
6082 2 6083 1 9454 470
6083 1 6084 1
6084 3 6085 1 8026 -201 9264 983
6085 2 6086 1 9431 371
6086 1 6087 1
6087 3 6088 1 9002 114 9387 346
6088 2 6089 1 9850 728
6089 3 6090 1 8507 621 9488 487
6090 2 6091 1 6489 953
6091 2 6092 1 9248 373
6092 2 6093 1 9249 -353
6093 1 6094 1
6094 3 6095 1 7346 368 9163 420
6095 1 6096 1
6096 4 6097 1 6353 -394 8537 167 8821 -181
6097 1 6098 1
6098 2 6099 1 6403 7
6099 1 6100 1
6100 2 6101 1 8696 664
6101 4 6102 1 8214 187 9341 841 9916 244
6102 3 6103 1 6228 412 8416 879
6103 2 6104 1 9771 514
6104 3 6105 1 7029 723 9874 704
6105 1 6106 1
6106 3 6107 1 6885 897 8307 -362
6107 1 6108 1
6108 2 6109 1 9002 395
6109 1 6110 1
6110 2 6111 1 6878 910
6111 1 6112 1
6112 2 6113 1 7908 749
6113 3 6114 1 8116 71 8209 890
6114 2 6115 1 6780 6
6115 1 6116 1
6116 3 6117 1 6966 432 9742 906
6117 2 6118 1 6995 462
6118 1 6119 1
6119 1 6120 1
6120 2 6121 1 7921 445
6121 3 6122 1 8375 597 9589 -74
6122 4 6123 1 6830 194 9368 128 9584 758
6123 3 6124 1 8862 730 9806 554
6124 2 6125 1 7649 949
6125 3 6126 1 7129 207 7493 235
6126 1 6127 1
6127 1 6128 1
6128 3 6129 1 8513 -60 9730 -30
6129 1 6130 1
6130 1 6131 1
6131 2 6132 1 7692 155
6132 2 6133 1 9418 525
6133 1 6134 1
6134 1 6135 1
6135 1 6136 1
6136 1 6137 1
6137 1 6138 1
6138 2 6139 1 9127 426
6139 1 6140 1
6140 2 6141 1 7341 -72
6141 2 6142 1 6983 271
6142 2 6143 1 9161 482
6143 1 6144 1
6144 3 6145 1 7075 -205 8572 718
6145 2 6146 1 7729 260
6146 2 6147 1 8509 759
6147 3 6148 1 8582 136 9899 242
6148 2 6149 1 9255 -471
6149 2 6150 1 9084 750
6150 2 6151 1 6905 96
6151 2 6152 1 7603 870
6152 1 6153 1
6153 2 6154 1 9708 901
6154 1 6155 1
6155 1 6156 1
6156 3 6157 1 9200 272 9607 -368
6157 4 6158 1 6536 360 7146 665 7896 583
6158 2 6159 1 9904 832
6159 1 6160 1
6160 3 6161 1 7523 690 9030 885
6161 3 6162 1 6293 -40 6296 156
6162 2 6163 1 8052 149
6163 5 6164 1 6238 -94 6405 677 7754 765 7987 907
6164 3 6165 1 8262 95 8719 250
6165 1 6166 1
6166 2 6167 1 7720 769
6167 2 6168 1 8135 185
6168 6 6169 1 6361 88 7041 126 7541 251 8303 937 8914 -287
6169 3 6170 1 6698 801 9699 -190
6170 1 6171 1
6171 2 6172 1 7073 -385
6172 1 6173 1
6173 1 6174 1
6174 3 6175 1 9242 -96 9486 533
6175 3 6176 1 6843 674 9190 825
6176 4 6177 1 8981 -456 9610 838 9658 -293
6177 3 6178 1 9453 724 9962 429
6178 1 6179 1
6179 1 6180 1
6180 2 6181 1 8806 -321
6181 1 6182 1
6182 1 6183 1
6183 2 6184 1 7866 -378
6184 2 6185 1 9762 -365
6185 4 6186 1 6862 -56 7093 653 8997 685
6186 3 6187 1 8075 251 8125 526
6187 3 6188 1 7267 -264 7427 67
6188 1 6189 1
6189 2 6190 1 9196 753
6190 2 6191 1 6590 525
6191 2 6192 1 7187 504
6192 1 6193 1
6193 2 6194 1 6732 -418
6194 2 6195 1 9204 759
6195 2 6196 1 9607 66
6196 2 6197 1 8447 754
6197 4 6198 1 6315 763 6523 209 8014 -340
6198 4 6199 1 8227 673 8682 -174 9914 765
6199 2 6200 1 9145 938
6200 1 6201 1
6201 2 6202 1 7979 196
6202 2 6203 1 6991 583
6203 2 6204 1 7606 -20
6204 2 6205 1 8356 762
6205 1 6206 1
6206 2 6207 1 7709 673
6207 1 6208 1
6208 2 6209 1 9514 716
6209 2 6210 1 8863 748
6210 3 6211 1 7517 102 7812 395
6211 1 6212 1
6212 1 6213 1
6213 2 6214 1 9835 -21
6214 2 6215 1 9653 581
6215 3 6216 1 7266 -5 8608 -298
6216 3 6217 1 7702 421 8237 136
6217 2 6218 1 8971 165
6218 4 6219 1 9005 241 9706 78 9884 163
6219 1 6220 1
6220 1 6221 1
6221 2 6222 1 7185 952
6222 2 6223 1 8413 931
6223 2 6224 1 7911 443
6224 3 6225 1 7043 -455 8731 506
6225 2 6226 1 6264 732
6226 1 6227 1
6227 1 6228 1
6228 1 6229 1
6229 2 6230 1 7687 673
6230 1 6231 1
6231 2 6232 1 6333 -476
6232 2 6233 1 6269 124
6233 1 6234 1
6234 3 6235 1 7215 84 7806 613
6235 2 6236 1 7829 382
6236 1 6237 1
6237 3 6238 1 6908 454 7493 554
6238 1 6239 1
6239 4 6240 1 6438 625 8020 -87 8574 -428
6240 2 6241 1 7059 299
6241 2 6242 1 9157 337
6242 5 6243 1 6312 775 7546 89 8082 877 8557 468
6243 2 6244 1 7661 1000
6244 3 6245 1 8991 483 9959 299
6245 2 6246 1 9221 -419
6246 1 6247 1
6247 1 6248 1
6248 1 6249 1
6249 1 6250 1
6250 2 6251 1 8155 215
6251 3 6252 1 8823 758 9280 199
6252 1 6253 1
6253 1 6254 1
6254 1 6255 1
6255 3 6256 1 8491 832 9971 817
6256 2 6257 1 6654 389
6257 2 6258 1 9134 369
6258 2 6259 1 9280 298
6259 1 6260 1
6260 3 6261 1 7650 291 9560 37
6261 2 6262 1 9619 -55
6262 3 6263 1 8403 410 9878 580
6263 1 6264 1
6264 1 6265 1
6265 2 6266 1 6989 98
6266 2 6267 1 8421 50
6267 1 6268 1
6268 1 6269 1
6269 1 6270 1
6270 1 6271 1
6271 1 6272 1
6272 1 6273 1
6273 2 6274 1 9498 361
6274 2 6275 1 9077 337
6275 3 6276 1 8608 579 9849 974
6276 2 6277 1 6706 50
6277 1 6278 1
6278 2 6279 1 7887 11
6279 1 6280 1
6280 2 6281 1 8600 350
6281 3 6282 1 6904 342 8580 -254
6282 4 6283 1 7673 648 8658 731 9030 -153
6283 2 6284 1 7251 155
6284 2 6285 1 7462 -37
6285 2 6286 1 8112 -2
6286 2 6287 1 6488 263
6287 2 6288 1 7005 -181
6288 2 6289 1 9620 795
6289 2 6290 1 6519 385
6290 2 6291 1 8806 383
6291 1 6292 1
6292 1 6293 1
6293 2 6294 1 9342 686
6294 2 6295 1 8668 947
6295 2 6296 1 6529 724
6296 1 6297 1
6297 3 6298 1 6755 775 7684 468
6298 1 6299 1
6299 2 6300 1 6580 -120
6300 3 6301 1 7093 816 7728 -126
6301 2 6302 1 9377 -374
6302 1 6303 1
6303 2 6304 1 9055 726
6304 4 6305 1 6418 57 6656 359 8962 76
6305 2 6306 1 7908 -60
6306 1 6307 1
6307 2 6308 1 9309 295
6308 1 6309 1
6309 1 6310 1
6310 2 6311 1 9451 732
6311 3 6312 1 7353 212 8465 753
6312 3 6313 1 8177 679 9706 447
6313 4 6314 1 7248 804 7720 774 8830 152
6314 2 6315 1 7871 422
6315 1 6316 1
6316 2 6317 1 9636 833
6317 2 6318 1 8842 241
6318 3 6319 1 9073 218 9938 604
6319 1 6320 1
6320 4 6321 1 6625 298 7041 -41 9909 739
6321 3 6322 1 7513 701 9390 586
6322 1 6323 1
6323 4 6324 1 9210 -461 9222 858 9781 707
6324 2 6325 1 9960 297
6325 1 6326 1
6326 2 6327 1 7099 539
6327 1 6328 1
6328 1 6329 1
6329 4 6330 1 6513 -302 6760 313 8271 -442
6330 1 6331 1
6331 3 6332 1 7317 308 8446 295
6332 1 6333 1
6333 2 6334 1 6744 930
6334 2 6335 1 7541 349
6335 1 6336 1
6336 1 6337 1
6337 1 6338 1
6338 2 6339 1 8726 -319
6339 2 6340 1 8558 8
6340 1 6341 1
6341 3 6342 1 6489 675 6571 442
6342 3 6343 1 8494 731 8586 30
6343 3 6344 1 7194 14 8201 413
6344 1 6345 1
6345 2 6346 1 8037 69
6346 4 6347 1 6564 56 8115 700 9413 854
6347 3 6348 1 7480 866 7890 985
6348 2 6349 1 7084 414
6349 2 6350 1 7178 781
6350 3 6351 1 8375 -2 9525 776
6351 2 6352 1 8511 788
6352 1 6353 1
6353 1 6354 1
6354 1 6355 1
6355 3 6356 1 6362 322 8303 394
6356 2 6357 1 7679 176
6357 2 6358 1 9394 966
6358 2 6359 1 6808 -281
6359 2 6360 1 7583 529
6360 3 6361 1 8300 792 9496 795
6361 1 6362 1
6362 4 6363 1 7815 48 7984 683 8242 -281
6363 2 6364 1 7491 -270
6364 1 6365 1
6365 3 6366 1 7389 427 9273 624
6366 1 6367 1
6367 2 6368 1 8661 -380
6368 3 6369 1 7866 140 8848 -83
6369 4 6370 1 8031 429 8082 75 8354 829
6370 3 6371 1 6551 120 8528 -312
6371 2 6372 1 9016 900
6372 2 6373 1 8194 831
6373 3 6374 1 8000 383 9519 374
6374 2 6375 1 9429 572
6375 3 6376 1 6457 -425 6850 18
6376 1 6377 1
6377 2 6378 1 9679 850
6378 2 6379 1 9663 472
6379 1 6380 1
6380 3 6381 1 6772 -402 8500 962
6381 1 6382 1
6382 2 6383 1 7690 316
6383 1 6384 1
6384 3 6385 1 7778 770 8255 -35
6385 3 6386 1 8341 782 9035 187
6386 2 6387 1 7511 727
6387 2 6388 1 9503 692
6388 1 6389 1
6389 2 6390 1 9621 591
6390 2 6391 1 6444 857
6391 2 6392 1 8138 849
6392 2 6393 1 7027 129
6393 1 6394 1
6394 3 6395 1 7481 680 7623 340
6395 3 6396 1 7183 86 7600 810
6396 1 6397 1
6397 1 6398 1
6398 2 6399 1 7031 1
6399 2 6400 1 6529 339
6400 2 6401 1 7222 360
6401 2 6402 1 7968 716
6402 2 6403 1 8656 463
6403 2 6404 1 8709 -464
6404 2 6405 1 8959 354
6405 2 6406 1 9075 126
6406 1 6407 1
6407 2 6408 1 6930 304
6408 1 6409 1
6409 2 6410 1 9230 945
6410 3 6411 1 7045 4 7204 441
6411 2 6412 1 9522 499
6412 3 6413 1 7517 167 9112 678
6413 3 6414 1 7822 745 9754 855
6414 1 6415 1
6415 2 6416 1 6646 107
6416 3 6417 1 9180 650 9551 857
6417 1 6418 1
6418 2 6419 1 7345 966
6419 1 6420 1
6420 1 6421 1
6421 2 6422 1 9751 119
6422 1 6423 1
6423 2 6424 1 8502 696
6424 1 6425 1
6425 1 6426 1
6426 1 6427 1
6427 2 6428 1 8762 -352
6428 1 6429 1
6429 2 6430 1 9464 830
6430 1 6431 1
6431 1 6432 1
6432 3 6433 1 6915 276 9571 -155
6433 2 6434 1 8990 4
6434 2 6435 1 8089 400
6435 3 6436 1 8472 86 8686 -106
6436 4 6437 1 7536 444 8881 609 9857 763
6437 4 6438 1 7952 566 8111 535 8330 -422
6438 3 6439 1 6701 64 8291 546
6439 2 6440 1 7681 439
6440 3 6441 1 8620 780 9825 313
6441 1 6442 1
6442 1 6443 1
6443 2 6444 1 6824 497
6444 2 6445 1 7822 644
6445 1 6446 1
6446 3 6447 1 7951 356 8469 683
6447 1 6448 1
6448 3 6449 1 8046 856 9166 285
6449 2 6450 1 7929 -420
6450 3 6451 1 8804 -413 9189 -331
6451 2 6452 1 7722 63
6452 1 6453 1
6453 3 6454 1 7174 934 9915 464
6454 2 6455 1 7841 301
6455 2 6456 1 8518 553
6456 1 6457 1
6457 4 6458 1 6646 587 7867 429 9508 908
6458 4 6459 1 8726 370 9560 -394 9563 232
6459 2 6460 1 9767 508
6460 1 6461 1
6461 2 6462 1 8279 697
6462 1 6463 1
6463 1 6464 1
6464 2 6465 1 7283 671
6465 1 6466 1
6466 1 6467 1
6467 2 6468 1 7298 112
6468 1 6469 1
6469 2 6470 1 7517 962
6470 1 6471 1
6471 1 6472 1
6472 1 6473 1
6473 1 6474 1
6474 2 6475 1 8229 -240
6475 2 6476 1 9956 176
6476 2 6477 1 6846 340
6477 2 6478 1 7812 365
6478 2 6479 1 7169 622
6479 1 6480 1
6480 1 6481 1
6481 1 6482 1
6482 3 6483 1 8275 997 9507 718
6483 2 6484 1 7017 746
6484 3 6485 1 8253 -426 9036 -69
6485 1 6486 1
6486 2 6487 1 6903 631
6487 5 6488 1 7106 806 7611 106 7993 847 8543 175
6488 2 6489 1 9088 231
6489 1 6490 1
6490 1 6491 1
6491 1 6492 1
6492 1 6493 1
6493 2 6494 1 9085 672
6494 2 6495 1 8866 -375
6495 2 6496 1 7486 863
6496 2 6497 1 7034 989
6497 3 6498 1 7494 280 9078 517
6498 2 6499 1 8773 674
6499 3 6500 1 7709 374 9261 397
6500 1 6501 1
6501 1 6502 1
6502 1 6503 1
6503 1 6504 1
6504 2 6505 1 6901 -76
6505 1 6506 1
6506 2 6507 1 9413 248
6507 1 6508 1
6508 5 6509 1 6747 541 6781 784 7496 246 8472 968
6509 1 6510 1
6510 1 6511 1
6511 2 6512 1 6868 838
6512 2 6513 1 8194 551
6513 1 6514 1
6514 2 6515 1 6830 747
6515 1 6516 1
6516 2 6517 1 9153 602
6517 2 6518 1 6793 -382
6518 2 6519 1 9099 954
6519 1 6520 1
6520 3 6521 1 6554 237 6739 294
6521 2 6522 1 9111 689
6522 5 6523 1 6947 678 8039 369 8333 649 9163 846
6523 1 6524 1
6524 2 6525 1 8991 335
6525 2 6526 1 7688 396
6526 1 6527 1
6527 2 6528 1 9536 812
6528 1 6529 1
6529 5 6530 1 7036 284 7161 -477 8639 691 9398 632
6530 1 6531 1
6531 2 6532 1 8260 482
6532 4 6533 1 7358 28 8670 707 9574 -293
6533 1 6534 1
6534 1 6535 1
6535 2 6536 1 8692 977
6536 3 6537 1 7445 11 8235 396
6537 2 6538 1 7551 207
6538 1 6539 1
6539 4 6540 1 7518 570 8753 365 9593 486
6540 1 6541 1
6541 2 6542 1 6585 149
6542 1 6543 1
6543 3 6544 1 7838 446 9564 -99
6544 4 6545 1 7202 134 8605 721 8971 578
6545 2 6546 1 9482 817
6546 3 6547 1 7426 892 8112 490
6547 1 6548 1
6548 2 6549 1 8905 621
6549 6 6550 1 6908 -355 8186 -283 8270 -397 8874 941 9363 -241
6550 1 6551 1
6551 3 6552 1 6733 -130 7916 464
6552 2 6553 1 7509 381
6553 2 6554 1 7098 796
6554 2 6555 1 6871 795
6555 2 6556 1 7364 -376
6556 3 6557 1 8383 -77 8956 265
6557 2 6558 1 9118 175
6558 1 6559 1
6559 2 6560 1 6843 897
6560 1 6561 1
6561 3 6562 1 9061 609 9429 831
6562 2 6563 1 7510 894
6563 1 6564 1
6564 1 6565 1
6565 2 6566 1 7983 421
6566 1 6567 1
6567 1 6568 1
6568 1 6569 1
6569 2 6570 1 6822 -342
6570 2 6571 1 9219 942
6571 1 6572 1
6572 2 6573 1 9012 169
6573 3 6574 1 6681 -249 9759 -315
6574 2 6575 1 9743 568
6575 1 6576 1
6576 2 6577 1 8178 68
6577 3 6578 1 8771 530 9188 853
6578 1 6579 1
6579 2 6580 1 9072 -147
6580 1 6581 1
6581 1 6582 1
6582 2 6583 1 9930 635
6583 3 6584 1 7086 913 8106 355
6584 2 6585 1 8088 194
6585 1 6586 1
6586 2 6587 1 7351 133
6587 1 6588 1
6588 2 6589 1 6659 832
6589 2 6590 1 9853 391
6590 3 6591 1 9272 530 9593 452
6591 1 6592 1
6592 1 6593 1
6593 1 6594 1
6594 3 6595 1 8846 865 9988 743
6595 2 6596 1 9248 -46
6596 2 6597 1 7877 69
6597 3 6598 1 8314 929 9497 984
6598 2 6599 1 7696 104
6599 4 6600 1 6705 -81 7486 228 7743 371
6600 2 6601 1 7723 364
6601 3 6602 1 8478 331 9722 847
6602 1 6603 1
6603 1 6604 1
6604 1 6605 1
6605 1 6606 1
6606 2 6607 1 8150 954
6607 2 6608 1 6681 296
6608 4 6609 1 7060 -373 7497 717 9195 107
6609 4 6610 1 7432 -404 8103 165 8498 178
6610 1 6611 1
6611 3 6612 1 7148 117 9977 -51
6612 2 6613 1 6749 -140
6613 3 6614 1 7159 -388 8920 154
6614 3 6615 1 7210 234 9933 -202
6615 3 6616 1 7216 535 7831 257
6616 1 6617 1
6617 4 6618 1 8704 -301 9484 865 9821 529
6618 3 6619 1 8232 330 8514 887
6619 1 6620 1
6620 2 6621 1 9462 -409
6621 2 6622 1 8800 26
6622 6 6623 1 8252 -499 8362 725 8837 632 9394 383 9964 4
6623 1 6624 1
6624 1 6625 1
6625 3 6626 1 7471 707 9353 805
6626 2 6627 1 7687 581
6627 5 6628 1 7450 245 7983 29 8319 631 9898 61
6628 4 6629 1 6710 545 6881 440 7072 189
6629 1 6630 1
6630 4 6631 1 6823 30 8446 -319 9002 538
6631 3 6632 1 6792 995 8658 115
6632 3 6633 1 9352 -414 9944 34
6633 3 6634 1 6804 610 9842 374
6634 3 6635 1 9428 476 9535 31
6635 1 6636 1
6636 3 6637 1 7085 445 8895 795
6637 2 6638 1 8320 -333
6638 2 6639 1 7544 720
6639 3 6640 1 7241 823 7282 60
6640 2 6641 1 8737 952
6641 3 6642 1 7309 -458 9057 173
6642 1 6643 1
6643 4 6644 1 9077 -432 9269 570 9284 79
6644 1 6645 1
6645 2 6646 1 7477 128
6646 1 6647 1
6647 2 6648 1 7620 505
6648 2 6649 1 7312 183
6649 2 6650 1 9885 506
6650 3 6651 1 7371 716 8580 772
6651 2 6652 1 8993 725
6652 2 6653 1 6864 -148
6653 2 6654 1 8042 528
6654 3 6655 1 7407 -383 9688 -107
6655 3 6656 1 7605 174 8174 238
6656 1 6657 1
6657 2 6658 1 9629 -431
6658 3 6659 1 7914 445 8010 25
6659 1 6660 1
6660 2 6661 1 6877 566
6661 2 6662 1 6786 273
6662 1 6663 1
6663 2 6664 1 9596 790
6664 1 6665 1
6665 1 6666 1
6666 1 6667 1
6667 1 6668 1
6668 1 6669 1
6669 3 6670 1 7198 151 7635 593
6670 2 6671 1 9269 313
6671 1 6672 1
6672 1 6673 1
6673 1 6674 1
6674 1 6675 1
6675 3 6676 1 8193 28 9066 -287
6676 3 6677 1 9181 766 9638 965
6677 1 6678 1
6678 1 6679 1
6679 1 6680 1
6680 2 6681 1 7481 355
6681 2 6682 1 9705 -6
6682 2 6683 1 7065 -17
6683 1 6684 1
6684 2 6685 1 9643 584
6685 2 6686 1 8253 -91
6686 1 6687 1
6687 2 6688 1 8356 484
6688 2 6689 1 8855 462
6689 2 6690 1 8734 131
6690 3 6691 1 7944 163 9701 -449
6691 2 6692 1 7454 352
6692 2 6693 1 7450 987
6693 3 6694 1 7797 107 9513 149
6694 3 6695 1 6818 472 9494 255
6695 2 6696 1 7307 93
6696 2 6697 1 8745 444
6697 3 6698 1 6751 266 9103 469
6698 1 6699 1
6699 2 6700 1 8323 834
6700 2 6701 1 9405 46
6701 1 6702 1
6702 1 6703 1
6703 1 6704 1
6704 3 6705 1 8625 435 8768 555
6705 3 6706 1 7614 117 7651 197
6706 4 6707 1 7337 617 8948 157 9189 217
6707 1 6708 1
6708 3 6709 1 6822 -182 8713 800
6709 1 6710 1
6710 2 6711 1 7536 154
6711 3 6712 1 7369 344 8680 -197
6712 3 6713 1 6900 823 6913 756
6713 2 6714 1 7915 168
6714 2 6715 1 7292 287
6715 2 6716 1 7315 586
6716 4 6717 1 6951 6 7613 579 8786 302
6717 2 6718 1 8792 371
6718 1 6719 1
6719 2 6720 1 7356 -325
6720 2 6721 1 7421 300
6721 3 6722 1 7699 -491 8149 265
6722 2 6723 1 8732 992
6723 3 6724 1 8213 -32 9411 831
6724 1 6725 1
6725 2 6726 1 9458 59
6726 2 6727 1 8532 152
6727 3 6728 1 7585 489 9228 62
6728 2 6729 1 8324 -498
6729 2 6730 1 7305 53
6730 3 6731 1 8936 -322 8992 237
6731 3 6732 1 8218 736 8838 398
6732 1 6733 1
6733 2 6734 1 8733 -256
6734 2 6735 1 9154 316
6735 2 6736 1 7203 313
6736 1 6737 1
6737 2 6738 1 8186 698
6738 3 6739 1 9045 467 9046 351
6739 2 6740 1 9632 185
6740 2 6741 1 7760 -446
6741 2 6742 1 8425 130
6742 2 6743 1 8097 -451
6743 2 6744 1 7302 808
6744 2 6745 1 7359 455
6745 1 6746 1
6746 2 6747 1 7750 973
6747 1 6748 1
6748 1 6749 1
6749 3 6750 1 8155 982 9421 -412
6750 5 6751 1 8109 -459 8381 753 8648 656 9804 477
6751 1 6752 1
6752 2 6753 1 7986 377
6753 3 6754 1 6968 455 8733 310
6754 1 6755 1
6755 3 6756 1 6863 507 8022 -54
6756 1 6757 1
6757 3 6758 1 7791 -26 8650 940
6758 1 6759 1
6759 3 6760 1 8441 595 9890 135
6760 1 6761 1
6761 1 6762 1
6762 6 6763 1 7728 894 8486 -163 8755 224 9495 352 9899 141
6763 1 6764 1
6764 4 6765 1 7112 46 9224 77 9548 268
6765 1 6766 1
6766 3 6767 1 8115 -439 9015 450
6767 1 6768 1
6768 1 6769 1
6769 3 6770 1 7833 280 9506 735
6770 3 6771 1 8757 225 9486 137
6771 1 6772 1
6772 1 6773 1
6773 2 6774 1 8580 296
6774 2 6775 1 9889 345
6775 1 6776 1
6776 2 6777 1 8921 218
6777 1 6778 1
6778 2 6779 1 9952 568
6779 2 6780 1 9112 656
6780 1 6781 1
6781 2 6782 1 8587 -390
6782 1 6783 1
6783 3 6784 1 7188 -440 9536 873
6784 2 6785 1 9183 747
6785 2 6786 1 9172 -18
6786 2 6787 1 7283 177
6787 1 6788 1
6788 1 6789 1
6789 2 6790 1 7176 341
6790 1 6791 1
6791 2 6792 1 8345 269
6792 4 6793 1 7440 508 8346 124 9205 665
6793 2 6794 1 8165 -389
6794 1 6795 1
6795 2 6796 1 8888 914
6796 3 6797 1 9053 225 9809 97
6797 1 6798 1
6798 3 6799 1 8748 776 9475 -77
6799 1 6800 1
6800 3 6801 1 7359 694 8291 -109
6801 2 6802 1 7421 -250
6802 1 6803 1
6803 2 6804 1 8084 -362
6804 1 6805 1
6805 1 6806 1
6806 1 6807 1
6807 3 6808 1 6986 284 7159 -231
6808 4 6809 1 7389 157 8527 36 9966 427
6809 1 6810 1
6810 5 6811 1 7019 -407 8100 830 8694 969 9827 346
6811 1 6812 1
6812 1 6813 1
6813 2 6814 1 9269 552
6814 3 6815 1 9279 322 9430 284
6815 2 6816 1 9617 351
6816 3 6817 1 7991 662 9285 -129
6817 4 6818 1 8566 440 9011 343 9169 -474
6818 4 6819 1 8111 594 9141 -46 9899 207
6819 1 6820 1
6820 1 6821 1
6821 1 6822 1
6822 1 6823 1
6823 1 6824 1
6824 2 6825 1 6916 736
6825 1 6826 1
6826 2 6827 1 9525 399
6827 1 6828 1
6828 4 6829 1 7802 -280 8121 398 9726 368
6829 1 6830 1
6830 2 6831 1 9636 775
6831 1 6832 1
6832 2 6833 1 7334 658
6833 1 6834 1
6834 4 6835 1 8011 513 8510 955 8783 655
6835 2 6836 1 7038 645
6836 2 6837 1 9227 360
6837 2 6838 1 8231 696
6838 2 6839 1 7139 941
6839 3 6840 1 6983 -21 8487 673
6840 2 6841 1 7160 33
6841 5 6842 1 7181 198 7233 663 7650 -256 9449 240
6842 3 6843 1 8495 984 9179 463
6843 2 6844 1 8066 930
6844 2 6845 1 9823 972
6845 1 6846 1
6846 2 6847 1 8284 667
6847 2 6848 1 7494 911
6848 3 6849 1 7819 503 8168 -280
6849 1 6850 1
6850 2 6851 1 8073 -165
6851 3 6852 1 7402 -213 9495 863
6852 2 6853 1 7353 519
6853 3 6854 1 8748 274 9375 732
6854 3 6855 1 8802 649 9506 985
6855 1 6856 1
6856 1 6857 1
6857 5 6858 1 8783 212 9043 398 9200 514 9277 43
6858 3 6859 1 7114 950 9142 749
6859 1 6860 1
6860 3 6861 1 7925 307 8186 363
6861 2 6862 1 9868 778
6862 3 6863 1 7081 711 9579 640
6863 1 6864 1
6864 1 6865 1
6865 1 6866 1
6866 1 6867 1
6867 3 6868 1 6959 124 8183 125
6868 5 6869 1 8109 859 8316 116 8603 -172 8662 469
6869 2 6870 1 7837 -123
6870 2 6871 1 7512 53
6871 4 6872 1 7528 22 8263 944 8427 168
6872 4 6873 1 7692 938 8065 750 9207 -300
6873 1 6874 1
6874 1 6875 1
6875 1 6876 1
6876 1 6877 1
6877 4 6878 1 7509 153 8852 264 8953 676
6878 1 6879 1
6879 2 6880 1 9188 -239
6880 1 6881 1
6881 2 6882 1 7392 660
6882 3 6883 1 7845 703 8015 93
6883 3 6884 1 8702 677 9439 854
6884 1 6885 1
6885 1 6886 1
6886 3 6887 1 7350 840 8619 390
6887 2 6888 1 8989 579
6888 2 6889 1 9145 447
6889 3 6890 1 8155 -309 9443 840
6890 2 6891 1 8217 741
6891 1 6892 1
6892 1 6893 1
6893 2 6894 1 8116 160
6894 4 6895 1 6909 935 7767 -231 9440 141
6895 1 6896 1
6896 2 6897 1 8905 134
6897 2 6898 1 8391 -88
6898 3 6899 1 8952 -252 9357 791
6899 1 6900 1
6900 2 6901 1 8759 700
6901 4 6902 1 7671 545 8075 915 9778 946
6902 1 6903 1
6903 2 6904 1 8100 840
6904 1 6905 1
6905 1 6906 1
6906 3 6907 1 8415 -45 9821 540
6907 1 6908 1
6908 2 6909 1 9850 969
6909 2 6910 1 9122 211
6910 2 6911 1 9728 977
6911 2 6912 1 8329 813
6912 4 6913 1 8851 -246 9430 -482 9700 135
6913 1 6914 1
6914 1 6915 1
6915 2 6916 1 9689 119
6916 4 6917 1 6979 467 7516 -274 8188 338
6917 3 6918 1 7787 33 8424 916
6918 5 6919 1 7040 918 7512 600 9411 942 9513 645
6919 2 6920 1 8308 64
6920 1 6921 1
6921 2 6922 1 8112 437
6922 2 6923 1 8436 40
6923 1 6924 1
6924 2 6925 1 9940 280
6925 1 6926 1
6926 2 6927 1 8432 498
6927 1 6928 1
6928 3 6929 1 6997 129 7980 -68
6929 3 6930 1 7386 658 8430 647
6930 2 6931 1 8135 615
6931 2 6932 1 9342 479
6932 1 6933 1
6933 4 6934 1 8372 279 9254 976 9273 961
6934 2 6935 1 7128 550
6935 1 6936 1
6936 2 6937 1 9243 -16
6937 1 6938 1
6938 2 6939 1 9941 -393
6939 1 6940 1
6940 2 6941 1 7553 -465
6941 4 6942 1 7350 570 8424 293 8880 121
6942 3 6943 1 8344 210 9165 981
6943 4 6944 1 8657 194 9564 870 9729 283
6944 2 6945 1 8058 540
6945 3 6946 1 9000 380 9731 733
6946 3 6947 1 7674 28 9978 358
6947 2 6948 1 7057 922
6948 3 6949 1 8151 838 8851 -140
6949 3 6950 1 8655 610 9590 -157
6950 1 6951 1
6951 2 6952 1 8855 279
6952 1 6953 1
6953 3 6954 1 9236 -415 9817 -161
6954 2 6955 1 7831 705
6955 4 6956 1 7001 760 7457 95 9583 803
6956 3 6957 1 7173 743 7401 547
6957 1 6958 1
6958 2 6959 1 9249 551
6959 2 6960 1 8303 37
6960 2 6961 1 8256 243
6961 2 6962 1 9731 766
6962 1 6963 1
6963 2 6964 1 9446 455
6964 2 6965 1 8268 661
6965 2 6966 1 7057 131
6966 3 6967 1 8057 636 9750 359
6967 2 6968 1 7804 268
6968 2 6969 1 7090 -439
6969 2 6970 1 8941 891
6970 3 6971 1 7381 868 8449 752
6971 2 6972 1 7999 -452
6972 1 6973 1
6973 1 6974 1
6974 1 6975 1
6975 3 6976 1 7144 270 7598 225
6976 1 6977 1
6977 2 6978 1 8367 328
6978 1 6979 1
6979 2 6980 1 9509 467
6980 2 6981 1 9712 112
6981 1 6982 1
6982 1 6983 1
6983 3 6984 1 8470 555 8867 -318
6984 1 6985 1
6985 3 6986 1 9584 591 9631 757
6986 1 6987 1
6987 2 6988 1 8264 37
6988 3 6989 1 9287 -108 9714 793
6989 3 6990 1 7030 -58 7381 787
6990 1 6991 1
6991 1 6992 1
6992 2 6993 1 9355 618
6993 1 6994 1
6994 3 6995 1 7443 214 8780 -312
6995 1 6996 1
6996 2 6997 1 8664 295
6997 3 6998 1 7502 663 8074 -213
6998 2 6999 1 7430 -109
6999 1 7000 1
7000 1 7001 1
7001 2 7002 1 7165 883
7002 1 7003 1
7003 2 7004 1 8250 26
7004 1 7005 1
7005 1 7006 1
7006 1 7007 1
7007 2 7008 1 8505 347
7008 3 7009 1 7581 423 9197 -409
7009 3 7010 1 7624 662 9781 -92
7010 1 7011 1
7011 2 7012 1 7847 98
7012 2 7013 1 9197 -342
7013 2 7014 1 7662 781
7014 2 7015 1 8093 83
7015 1 7016 1
7016 1 7017 1
7017 2 7018 1 9827 329
7018 2 7019 1 7572 -76
7019 1 7020 1
7020 5 7021 1 7161 978 8250 769 8397 416 9575 -173
7021 3 7022 1 7843 -9 8398 339
7022 1 7023 1
7023 1 7024 1
7024 1 7025 1
7025 2 7026 1 8291 743
7026 2 7027 1 9949 279
7027 2 7028 1 9736 925
7028 1 7029 1
7029 1 7030 1
7030 3 7031 1 7544 -221 9743 594
7031 4 7032 1 8379 3 9240 722 9864 -91
7032 3 7033 1 7862 432 9582 -26
7033 4 7034 1 7306 -87 8402 264 8872 618
7034 2 7035 1 8921 -480
7035 1 7036 1
7036 1 7037 1
7037 1 7038 1
7038 2 7039 1 9289 715
7039 2 7040 1 8877 358
7040 1 7041 1
7041 3 7042 1 7665 687 8752 613
7042 1 7043 1
7043 2 7044 1 7899 825
7044 2 7045 1 7481 -127
7045 3 7046 1 9079 410 9299 445
7046 4 7047 1 7519 -498 8805 724 9204 -62
7047 1 7048 1
7048 2 7049 1 8930 -287
7049 3 7050 1 7517 -461 9134 671
7050 2 7051 1 7334 -465
7051 2 7052 1 7589 89
7052 2 7053 1 9382 108
7053 2 7054 1 7458 963
7054 2 7055 1 8449 -261
7055 1 7056 1
7056 1 7057 1
7057 2 7058 1 9204 787
7058 1 7059 1
7059 2 7060 1 9323 872
7060 4 7061 1 8333 508 8773 -436 8865 169
7061 1 7062 1
7062 3 7063 1 9191 806 9342 -319
7063 2 7064 1 7172 340
7064 1 7065 1
7065 3 7066 1 7905 291 9083 -449
7066 2 7067 1 8131 -109
7067 1 7068 1
7068 1 7069 1
7069 1 7070 1
7070 2 7071 1 9686 776
7071 2 7072 1 8705 744
7072 3 7073 1 8377 -64 9993 -427
7073 2 7074 1 8225 443
7074 4 7075 1 8171 254 9649 591 9937 953
7075 2 7076 1 8807 -81
7076 2 7077 1 7290 -276
7077 3 7078 1 7513 960 9239 351
7078 1 7079 1
7079 2 7080 1 9867 300
7080 2 7081 1 7817 223
7081 1 7082 1
7082 1 7083 1
7083 2 7084 1 8567 -235
7084 1 7085 1
7085 2 7086 1 8698 -150
7086 3 7087 1 7638 947 9872 655
7087 1 7088 1
7088 2 7089 1 9058 -361
7089 2 7090 1 8128 309
7090 2 7091 1 7719 -348
7091 1 7092 1
7092 2 7093 1 9857 616
7093 1 7094 1
7094 2 7095 1 9767 569
7095 3 7096 1 7211 594 9868 958
7096 2 7097 1 9115 741
7097 2 7098 1 7513 856
7098 2 7099 1 7506 -8
7099 4 7100 1 8115 898 8884 373 9033 -433
7100 4 7101 1 7102 -58 8944 58 9601 -487
7101 1 7102 1
7102 4 7103 1 7140 -447 8777 26 9075 -31
7103 3 7104 1 7108 701 8365 -134
7104 5 7105 1 8453 907 8898 424 9338 -432 9428 341
7105 2 7106 1 7134 552
7106 2 7107 1 8883 729
7107 1 7108 1
7108 5 7109 1 7638 318 7747 169 7855 356 9998 275
7109 2 7110 1 7227 -121
7110 1 7111 1
7111 3 7112 1 7663 -43 9860 264
7112 2 7113 1 8511 730
7113 1 7114 1
7114 3 7115 1 7338 347 8488 232
7115 2 7116 1 7333 29
7116 3 7117 1 8004 704 9837 886
7117 1 7118 1
7118 2 7119 1 7313 793
7119 2 7120 1 7776 571
7120 1 7121 1
7121 3 7122 1 8871 528 9394 682
7122 3 7123 1 7775 602 8533 -102
7123 3 7124 1 8369 270 8884 787
7124 3 7125 1 7538 567 8060 584
7125 3 7126 1 7586 -356 8693 489
7126 1 7127 1
7127 2 7128 1 9854 475
7128 3 7129 1 8095 171 9264 741
7129 1 7130 1
7130 2 7131 1 7636 906
7131 2 7132 1 9117 808
7132 3 7133 1 9169 900 9391 338
7133 2 7134 1 7724 523
7134 2 7135 1 9987 613
7135 3 7136 1 8862 -57 9595 83
7136 3 7137 1 9379 693 9920 -28
7137 1 7138 1
7138 1 7139 1
7139 1 7140 1
7140 2 7141 1 8292 929
7141 2 7142 1 7883 240
7142 1 7143 1
7143 3 7144 1 7809 211 9980 -443
7144 3 7145 1 8109 812 9751 48
7145 1 7146 1
7146 1 7147 1
7147 4 7148 1 8785 966 9557 457 9730 132
7148 3 7149 1 7704 -340 7834 883
7149 1 7150 1
7150 1 7151 1
7151 2 7152 1 9925 101
7152 3 7153 1 8198 172 9019 177
7153 2 7154 1 9705 739
7154 2 7155 1 9572 -415
7155 1 7156 1
7156 1 7157 1
7157 2 7158 1 9821 106
7158 2 7159 1 8766 757
7159 2 7160 1 7329 -387
7160 1 7161 1
7161 2 7162 1 8283 100
7162 1 7163 1
7163 2 7164 1 9848 244
7164 3 7165 1 7247 428 7442 124
7165 1 7166 1
7166 1 7167 1
7167 1 7168 1
7168 3 7169 1 8533 756 8833 -127
7169 1 7170 1
7170 2 7171 1 9690 517
7171 1 7172 1
7172 1 7173 1
7173 5 7174 1 7222 -193 8493 959 9382 160 9485 738
7174 1 7175 1
7175 1 7176 1
7176 2 7177 1 7348 215
7177 2 7178 1 9995 288
7178 2 7179 1 8720 -237
7179 2 7180 1 7939 814
7180 1 7181 1
7181 1 7182 1
7182 3 7183 1 8133 -152 9501 681
7183 2 7184 1 8491 268
7184 1 7185 1
7185 2 7186 1 7978 44
7186 2 7187 1 9276 807
7187 1 7188 1
7188 1 7189 1
7189 4 7190 1 8219 231 8807 -415 8898 284
7190 3 7191 1 9124 -481 9125 134
7191 2 7192 1 9181 566
7192 1 7193 1
7193 1 7194 1
7194 1 7195 1
7195 2 7196 1 9166 601
7196 2 7197 1 9668 862
7197 1 7198 1
7198 1 7199 1
7199 3 7200 1 8276 918 8840 140
7200 3 7201 1 7938 -133 8558 41
7201 2 7202 1 7927 750
7202 3 7203 1 7955 836 8990 -97
7203 2 7204 1 8263 873
7204 1 7205 1
7205 6 7206 1 7272 697 7521 949 8491 658 9008 708 9244 325
7206 3 7207 1 9573 864 9697 744
7207 1 7208 1
7208 6 7209 1 8171 649 9012 -219 9290 791 9427 474 9982 -484
7209 2 7210 1 8276 126
7210 3 7211 1 7744 -46 9377 -487
7211 3 7212 1 8827 790 9778 -60
7212 2 7213 1 9850 261
7213 3 7214 1 7989 704 8214 715
7214 3 7215 1 8291 996 9073 -314
7215 2 7216 1 9857 700
7216 2 7217 1 8671 472
7217 1 7218 1
7218 2 7219 1 8661 -296
7219 3 7220 1 8360 -318 9711 305
7220 1 7221 1
7221 2 7222 1 9997 -248
7222 2 7223 1 9363 -468
7223 1 7224 1
7224 1 7225 1
7225 2 7226 1 7668 128
7226 2 7227 1 8112 836
7227 3 7228 1 7777 616 9240 129
7228 3 7229 1 8550 851 9045 435
7229 5 7230 1 8570 442 8704 397 9600 991 9781 551
7230 3 7231 1 7392 924 8448 129
7231 3 7232 1 8864 -416 9465 665
7232 2 7233 1 8030 421
7233 2 7234 1 8804 -67
7234 2 7235 1 9655 163
7235 1 7236 1
7236 1 7237 1
7237 1 7238 1
7238 2 7239 1 8803 977
7239 1 7240 1
7240 1 7241 1
7241 2 7242 1 9596 -8
7242 2 7243 1 7633 -293
7243 3 7244 1 8056 -483 9695 -212
7244 2 7245 1 7519 321
7245 2 7246 1 7995 105
7246 1 7247 1
7247 3 7248 1 9161 983 9922 99
7248 1 7249 1
7249 1 7250 1
7250 3 7251 1 7829 982 8390 518
7251 1 7252 1
7252 3 7253 1 7711 531 8071 637
7253 1 7254 1
7254 2 7255 1 8214 167
7255 2 7256 1 9398 188
7256 3 7257 1 8261 -344 8859 501
7257 1 7258 1
7258 2 7259 1 9666 -207
7259 1 7260 1
7260 1 7261 1
7261 1 7262 1
7262 2 7263 1 7888 412
7263 1 7264 1
7264 2 7265 1 8909 -14
7265 2 7266 1 8278 51
7266 1 7267 1
7267 2 7268 1 9017 -160
7268 3 7269 1 9594 801 9731 276
7269 3 7270 1 9119 570 9776 370
7270 2 7271 1 9970 975
7271 1 7272 1
7272 3 7273 1 7321 288 7652 -9
7273 2 7274 1 9293 976
7274 3 7275 1 7288 145 9826 -16
7275 1 7276 1
7276 1 7277 1
7277 3 7278 1 8742 302 9872 -368
7278 1 7279 1
7279 2 7280 1 9152 738
7280 4 7281 1 7703 431 8065 311 9443 678
7281 2 7282 1 9118 144
7282 2 7283 1 9402 482
7283 2 7284 1 8298 -448
7284 3 7285 1 8747 351 9036 383
7285 1 7286 1
7286 2 7287 1 7921 810
7287 1 7288 1
7288 1 7289 1
7289 1 7290 1
7290 2 7291 1 9394 952
7291 1 7292 1
7292 1 7293 1
7293 1 7294 1
7294 2 7295 1 8912 -138
7295 1 7296 1
7296 3 7297 1 7973 132 9392 605
7297 3 7298 1 7484 -344 8111 243
7298 1 7299 1
7299 2 7300 1 9813 53
7300 1 7301 1
7301 3 7302 1 7918 671 8878 226
7302 2 7303 1 9510 204
7303 2 7304 1 7677 -406
7304 3 7305 1 7372 331 7426 990
7305 1 7306 1
7306 1 7307 1
7307 2 7308 1 8427 -485
7308 2 7309 1 8527 858
7309 1 7310 1
7310 4 7311 1 7857 -484 7878 888 8130 320
7311 4 7312 1 8045 -46 8587 -93 9383 -411
7312 3 7313 1 7497 359 8121 22
7313 1 7314 1
7314 1 7315 1
7315 2 7316 1 8479 651
7316 1 7317 1
7317 2 7318 1 8673 70
7318 2 7319 1 9371 674
7319 2 7320 1 8385 58
7320 4 7321 1 7716 809 8519 478 9762 263
7321 4 7322 1 7873 689 9536 -404 9893 815
7322 2 7323 1 8802 -11
7323 1 7324 1
7324 4 7325 1 8112 164 9559 790 9822 285
7325 4 7326 1 8116 635 8231 778 8306 576
7326 2 7327 1 7670 427
7327 3 7328 1 9479 618 9943 420
7328 1 7329 1
7329 1 7330 1
7330 1 7331 1
7331 2 7332 1 9793 533
7332 2 7333 1 9362 -58
7333 1 7334 1
7334 2 7335 1 7512 526
7335 1 7336 1
7336 2 7337 1 8256 501
7337 1 7338 1
7338 1 7339 1
7339 2 7340 1 9300 305
7340 2 7341 1 8671 204
7341 2 7342 1 7629 423
7342 3 7343 1 7956 192 9563 995
7343 2 7344 1 7557 24
7344 1 7345 1
7345 1 7346 1
7346 1 7347 1
7347 1 7348 1
7348 2 7349 1 9460 -413
7349 2 7350 1 8886 242
7350 2 7351 1 9895 -447
7351 2 7352 1 7980 735
7352 2 7353 1 9422 602
7353 1 7354 1
7354 1 7355 1
7355 1 7356 1
7356 3 7357 1 8911 870 9559 554
7357 3 7358 1 9196 965 9460 355
7358 2 7359 1 8758 572
7359 1 7360 1
7360 1 7361 1
7361 1 7362 1
7362 3 7363 1 7640 41 8198 -451
7363 1 7364 1
7364 1 7365 1
7365 3 7366 1 8806 -277 8965 765
7366 2 7367 1 9429 -281
7367 2 7368 1 8803 -338
7368 1 7369 1
7369 2 7370 1 8954 616
7370 2 7371 1 8028 72
7371 3 7372 1 7547 -282 9132 -15
7372 3 7373 1 8592 258 9484 -321
7373 1 7374 1
7374 1 7375 1
7375 6 7376 1 7536 826 8161 673 8390 160 8437 308 8771 79
7376 1 7377 1
7377 1 7378 1
7378 2 7379 1 8210 981
7379 3 7380 1 7783 447 8969 689
7380 1 7381 1
7381 1 7382 1
7382 3 7383 1 7497 -333 9839 783
7383 2 7384 1 9056 508
7384 1 7385 1
7385 4 7386 1 7524 717 8498 339 9127 -353
7386 2 7387 1 7986 926
7387 3 7388 1 7875 -74 9011 523
7388 2 7389 1 9549 -15
7389 2 7390 1 8647 -496
7390 1 7391 1
7391 7 7392 1 7601 53 9064 875 9173 131 9718 15 9988 364 9995 -177
7392 1 7393 1
7393 1 7394 1
7394 1 7395 1
7395 2 7396 1 9924 645
7396 1 7397 1
7397 2 7398 1 9175 288
7398 2 7399 1 9131 -381
7399 3 7400 1 7818 774 7831 546
7400 2 7401 1 9886 -67
7401 1 7402 1
7402 2 7403 1 8180 -206
7403 1 7404 1
7404 2 7405 1 7638 702
7405 2 7406 1 8348 605
7406 2 7407 1 8104 17
7407 3 7408 1 8519 404 9374 548
7408 1 7409 1
7409 4 7410 1 7838 236 9904 125 9985 173
7410 3 7411 1 8020 428 8863 -377
7411 1 7412 1
7412 4 7413 1 7931 271 9206 564 9676 345
7413 1 7414 1
7414 1 7415 1
7415 3 7416 1 9507 312 9728 129
7416 3 7417 1 7580 775 9171 575
7417 2 7418 1 8695 578
7418 2 7419 1 9586 189
7419 3 7420 1 8880 610 9380 -8
7420 2 7421 1 8796 182
7421 3 7422 1 7902 758 8875 242
7422 1 7423 1
7423 2 7424 1 9404 637
7424 3 7425 1 8351 972 8443 375
7425 2 7426 1 8840 337
7426 4 7427 1 9298 -397 9697 -495 9937 577
7427 1 7428 1
7428 2 7429 1 9346 550
7429 1 7430 1
7430 2 7431 1 9805 980
7431 2 7432 1 7475 115
7432 1 7433 1
7433 2 7434 1 7790 -111
7434 1 7435 1
7435 3 7436 1 8241 461 9969 378
7436 4 7437 1 8480 451 8605 647 9393 -332
7437 2 7438 1 8674 16
7438 3 7439 1 8680 207 9107 640
7439 2 7440 1 8964 133
7440 3 7441 1 8112 262 9393 516
7441 1 7442 1
7442 1 7443 1
7443 1 7444 1
7444 3 7445 1 8840 914 9631 685
7445 1 7446 1
7446 1 7447 1
7447 3 7448 1 7958 549 9619 63
7448 2 7449 1 7576 965
7449 5 7450 1 7470 257 8429 603 8484 357 9443 -25
7450 1 7451 1
7451 2 7452 1 8342 15
7452 2 7453 1 9185 947
7453 1 7454 1
7454 2 7455 1 9584 333
7455 3 7456 1 8112 771 9447 -312
7456 3 7457 1 8380 785 9927 -24
7457 1 7458 1
7458 3 7459 1 9578 607 9719 649
7459 1 7460 1
7460 1 7461 1
7461 2 7462 1 8771 139
7462 3 7463 1 9672 829 9884 409
7463 4 7464 1 7641 96 9075 610 9591 600
7464 3 7465 1 8012 -322 8985 705
7465 1 7466 1
7466 2 7467 1 9459 321
7467 1 7468 1
7468 2 7469 1 7798 817
7469 2 7470 1 7630 622
7470 2 7471 1 8090 -77
7471 1 7472 1
7472 2 7473 1 8972 400
7473 3 7474 1 8416 226 9320 366
7474 1 7475 1
7475 1 7476 1
7476 2 7477 1 8326 -93
7477 1 7478 1
7478 2 7479 1 9847 721
7479 3 7480 1 7998 -431 9079 -199
7480 2 7481 1 9137 -462
7481 2 7482 1 9893 677
7482 2 7483 1 8988 156
7483 1 7484 1
7484 3 7485 1 7897 522 9528 28
7485 3 7486 1 7990 119 9767 217
7486 2 7487 1 8623 864
7487 3 7488 1 8693 185 8759 853
7488 2 7489 1 8434 -82
7489 1 7490 1
7490 3 7491 1 9043 397 9132 146
7491 1 7492 1
7492 1 7493 1
7493 1 7494 1
7494 2 7495 1 7899 -230
7495 3 7496 1 7515 -416 8527 178
7496 1 7497 1
7497 1 7498 1
7498 2 7499 1 9481 946
7499 5 7500 1 7898 562 8168 185 8582 -299 9437 -288
7500 2 7501 1 8474 922
7501 3 7502 1 7581 -21 9151 957
7502 2 7503 1 9586 837
7503 1 7504 1
7504 1 7505 1
7505 1 7506 1
7506 2 7507 1 7929 835
7507 1 7508 1
7508 4 7509 1 8574 553 8667 528 8943 173
7509 1 7510 1
7510 3 7511 1 9347 492 9526 -381
7511 2 7512 1 8876 671
7512 1 7513 1
7513 1 7514 1
7514 4 7515 1 7765 -68 8614 874 9501 199
7515 3 7516 1 8522 554 9711 884
7516 3 7517 1 7612 302 8747 251
7517 1 7518 1
7518 2 7519 1 9480 888
7519 2 7520 1 9071 94
7520 3 7521 1 7694 285 8856 -79
7521 2 7522 1 8755 68
7522 4 7523 1 7547 451 7562 -433 9344 -444
7523 2 7524 1 8356 -365
7524 1 7525 1
7525 2 7526 1 9352 -80
7526 2 7527 1 8822 -47
7527 4 7528 1 7619 107 8160 415 9929 966
7528 1 7529 1
7529 1 7530 1
7530 2 7531 1 7765 219
7531 2 7532 1 8634 415
7532 3 7533 1 7573 547 9166 232
7533 1 7534 1
7534 1 7535 1
7535 4 7536 1 8755 761 9650 349 9786 858
7536 2 7537 1 7885 879
7537 2 7538 1 8555 544
7538 2 7539 1 9620 920
7539 3 7540 1 8384 -440 9184 368
7540 2 7541 1 8392 897
7541 2 7542 1 9898 373
7542 2 7543 1 8344 -354
7543 3 7544 1 8638 248 9137 -171
7544 3 7545 1 8182 107 9431 591
7545 2 7546 1 8374 388
7546 2 7547 1 8867 188
7547 1 7548 1
7548 2 7549 1 7800 882
7549 1 7550 1
7550 2 7551 1 8331 30
7551 2 7552 1 8803 649
7552 1 7553 1
7553 1 7554 1
7554 1 7555 1
7555 1 7556 1
7556 2 7557 1 9080 812
7557 1 7558 1
7558 1 7559 1
7559 1 7560 1
7560 1 7561 1
7561 2 7562 1 7794 -387
7562 2 7563 1 8320 184
7563 1 7564 1
7564 2 7565 1 8614 93
7565 1 7566 1
7566 1 7567 1
7567 2 7568 1 8759 511
7568 1 7569 1
7569 2 7570 1 9445 331
7570 4 7571 1 7756 534 8043 159 9812 235
7571 2 7572 1 8717 -384
7572 1 7573 1
7573 4 7574 1 8078 891 8914 907 9697 -347
7574 2 7575 1 9943 940
7575 1 7576 1
7576 1 7577 1
7577 1 7578 1
7578 1 7579 1
7579 3 7580 1 8090 488 9705 700
7580 3 7581 1 8021 426 8973 311
7581 3 7582 1 7977 368 8851 63
7582 1 7583 1
7583 2 7584 1 8712 301
7584 1 7585 1
7585 2 7586 1 8281 373
7586 1 7587 1
7587 3 7588 1 8770 -452 8773 722
7588 2 7589 1 9255 475
7589 4 7590 1 8398 438 8612 612 9735 80
7590 1 7591 1
7591 2 7592 1 8952 472
7592 1 7593 1
7593 2 7594 1 9188 -266
7594 3 7595 1 9305 805 9398 240
7595 3 7596 1 8098 653 8790 -236
7596 1 7597 1
7597 2 7598 1 9317 872
7598 3 7599 1 7685 564 8387 -11
7599 1 7600 1
7600 2 7601 1 9728 699
7601 3 7602 1 7928 901 8178 -270
7602 1 7603 1
7603 1 7604 1
7604 2 7605 1 7661 638
7605 3 7606 1 7815 490 9708 -15
7606 1 7607 1
7607 2 7608 1 9689 998
7608 3 7609 1 8028 493 9095 485
7609 1 7610 1
7610 2 7611 1 7894 886
7611 2 7612 1 8692 563
7612 2 7613 1 7721 573
7613 2 7614 1 7675 -393
7614 1 7615 1
7615 3 7616 1 7795 819 8307 788
7616 1 7617 1
7617 2 7618 1 8182 366
7618 4 7619 1 7709 162 8507 973 8751 232
7619 2 7620 1 7949 727
7620 3 7621 1 7863 -272 9777 242
7621 2 7622 1 7680 692
7622 3 7623 1 7902 911 9734 646
7623 1 7624 1
7624 4 7625 1 8308 56 8964 -327 9506 888
7625 1 7626 1
7626 2 7627 1 9502 800
7627 1 7628 1
7628 2 7629 1 9785 717
7629 2 7630 1 9057 -333
7630 1 7631 1
7631 3 7632 1 8640 271 9111 839
7632 4 7633 1 7694 -377 9039 447 9355 -59
7633 2 7634 1 8586 607
7634 3 7635 1 7818 717 8032 849
7635 2 7636 1 7797 -179
7636 2 7637 1 8475 934
7637 2 7638 1 7844 -462
7638 5 7639 1 7893 82 8223 700 8476 857 9932 25
7639 1 7640 1
7640 2 7641 1 8880 -333
7641 2 7642 1 7930 180
7642 2 7643 1 8490 616
7643 3 7644 1 8924 260 9247 -106
7644 3 7645 1 8610 706 9235 742
7645 3 7646 1 9085 440 9157 223
7646 3 7647 1 7803 -407 8283 244
7647 2 7648 1 9069 182
7648 1 7649 1
7649 3 7650 1 7686 933 8180 95
7650 1 7651 1
7651 2 7652 1 9345 302
7652 2 7653 1 7986 670
7653 1 7654 1
7654 1 7655 1
7655 1 7656 1
7656 1 7657 1
7657 2 7658 1 9917 647
7658 4 7659 1 7969 993 8041 -13 8466 649
7659 1 7660 1
7660 1 7661 1
7661 3 7662 1 8841 391 9117 410
7662 2 7663 1 9131 887
7663 1 7664 1
7664 2 7665 1 8303 613
7665 3 7666 1 8230 822 9298 395
7666 2 7667 1 8415 -429
7667 2 7668 1 9489 450
7668 2 7669 1 8786 164
7669 4 7670 1 8586 817 8787 201 9086 795
7670 3 7671 1 8443 623 9538 722
7671 2 7672 1 8297 114
7672 3 7673 1 7841 989 9778 -342
7673 3 7674 1 8983 396 9839 106
7674 4 7675 1 8634 785 8906 187 9688 -304
7675 3 7676 1 8508 938 9478 77
7676 3 7677 1 9181 781 9283 250
7677 1 7678 1
7678 2 7679 1 9316 340
7679 1 7680 1
7680 2 7681 1 7852 21
7681 1 7682 1
7682 3 7683 1 8260 320 9448 -223
7683 1 7684 1
7684 1 7685 1
7685 1 7686 1
7686 2 7687 1 9648 117
7687 2 7688 1 9721 571
7688 4 7689 1 7793 797 8576 -12 8757 132
7689 1 7690 1
7690 2 7691 1 8108 662
7691 1 7692 1
7692 3 7693 1 8318 -189 8918 -124
7693 1 7694 1
7694 1 7695 1
7695 1 7696 1
7696 2 7697 1 9727 974
7697 2 7698 1 9691 82
7698 1 7699 1
7699 2 7700 1 8498 748
7700 1 7701 1
7701 1 7702 1
7702 1 7703 1
7703 2 7704 1 8371 975
7704 2 7705 1 8722 285
7705 1 7706 1
7706 3 7707 1 7714 234 8787 470
7707 3 7708 1 9031 625 9672 698
7708 1 7709 1
7709 1 7710 1
7710 1 7711 1
7711 2 7712 1 9019 214
7712 3 7713 1 8690 -111 9746 828
7713 1 7714 1
7714 1 7715 1
7715 2 7716 1 8724 -361
7716 2 7717 1 7866 763
7717 4 7718 1 8176 272 8923 45 9393 109
7718 2 7719 1 8674 502
7719 2 7720 1 8171 746
7720 2 7721 1 8431 441
7721 1 7722 1
7722 1 7723 1
7723 3 7724 1 8558 935 9857 657
7724 1 7725 1
7725 2 7726 1 8873 854
7726 3 7727 1 7825 42 9856 751
7727 4 7728 1 8630 -199 8812 400 9965 -31
7728 1 7729 1
7729 1 7730 1
7730 1 7731 1
7731 3 7732 1 8071 651 8506 781
7732 2 7733 1 8528 -274
7733 2 7734 1 9017 -211
7734 3 7735 1 8352 790 8976 -154
7735 2 7736 1 9640 734
7736 1 7737 1
7737 1 7738 1
7738 2 7739 1 9446 477
7739 2 7740 1 8814 -228
7740 4 7741 1 8070 170 8114 674 9639 180
7741 1 7742 1
7742 2 7743 1 9815 272
7743 2 7744 1 9151 913
7744 2 7745 1 8390 635
7745 2 7746 1 9909 805
7746 1 7747 1
7747 3 7748 1 8323 -18 9813 825
7748 3 7749 1 9392 211 9639 841
7749 1 7750 1
7750 1 7751 1
7751 2 7752 1 9298 -486
7752 1 7753 1
7753 1 7754 1
7754 4 7755 1 9002 -8 9140 -199 9287 732
7755 1 7756 1
7756 2 7757 1 9026 433
7757 1 7758 1
7758 2 7759 1 9194 497
7759 1 7760 1
7760 1 7761 1
7761 1 7762 1
7762 3 7763 1 8926 76 9051 241
7763 2 7764 1 9744 -154
7764 2 7765 1 8637 798
7765 2 7766 1 9324 624
7766 2 7767 1 8866 492
7767 1 7768 1
7768 5 7769 1 7788 431 8678 377 8973 924 9572 227
7769 2 7770 1 9899 199
7770 1 7771 1
7771 1 7772 1
7772 1 7773 1
7773 1 7774 1
7774 3 7775 1 8318 567 9175 -175
7775 2 7776 1 8147 555
7776 2 7777 1 8537 283
7777 3 7778 1 9611 620 9659 587
7778 1 7779 1
7779 1 7780 1
7780 3 7781 1 7887 48 8930 986
7781 1 7782 1
7782 3 7783 1 9354 805 9845 672
7783 2 7784 1 8926 870
7784 3 7785 1 8381 544 9057 56
7785 4 7786 1 8124 12 8552 -219 9630 -183
7786 2 7787 1 9694 -162
7787 1 7788 1
7788 2 7789 1 9140 928
7789 1 7790 1
7790 2 7791 1 9171 955
7791 1 7792 1
7792 2 7793 1 7995 898
7793 2 7794 1 9250 627
7794 2 7795 1 9075 997
7795 2 7796 1 8125 808
7796 4 7797 1 8161 290 9078 -414 9198 498
7797 1 7798 1
7798 1 7799 1
7799 1 7800 1
7800 7 7801 1 8317 966 8544 284 8815 742 8834 502 9592 653 9619 849
7801 2 7802 1 9407 978
7802 2 7803 1 8066 174
7803 1 7804 1
7804 1 7805 1
7805 2 7806 1 9119 721
7806 4 7807 1 7906 418 7936 988 8378 909
7807 1 7808 1
7808 3 7809 1 8193 315 9805 265
7809 2 7810 1 8770 -21
7810 2 7811 1 7951 632
7811 2 7812 1 9219 874
7812 2 7813 1 9424 434
7813 1 7814 1
7814 2 7815 1 8691 558
7815 5 7816 1 7960 26 8036 142 8174 825 8187 863
7816 2 7817 1 8819 722
7817 2 7818 1 8195 6
7818 1 7819 1
7819 1 7820 1
7820 3 7821 1 9069 384 9443 5
7821 2 7822 1 9279 185
7822 3 7823 1 8591 810 8975 59
7823 2 7824 1 8649 42
7824 1 7825 1
7825 1 7826 1
7826 3 7827 1 8975 181 9785 251
7827 1 7828 1
7828 2 7829 1 8335 306
7829 2 7830 1 9027 129
7830 2 7831 1 9247 -220
7831 1 7832 1
7832 2 7833 1 9915 898
7833 2 7834 1 9233 332
7834 1 7835 1
7835 2 7836 1 8077 706
7836 2 7837 1 7998 992
7837 1 7838 1
7838 1 7839 1
7839 1 7840 1
7840 1 7841 1
7841 1 7842 1
7842 1 7843 1
7843 3 7844 1 8246 178 9303 -70
7844 2 7845 1 9384 745
7845 1 7846 1
7846 2 7847 1 9556 632
7847 1 7848 1
7848 2 7849 1 8770 -206
7849 1 7850 1
7850 1 7851 1
7851 1 7852 1
7852 1 7853 1
7853 3 7854 1 9753 201 9879 -92
7854 2 7855 1 8821 363
7855 2 7856 1 7890 984
7856 2 7857 1 8355 459
7857 4 7858 1 8041 999 9102 84 9479 66
7858 2 7859 1 9805 781
7859 2 7860 1 8770 455
7860 1 7861 1
7861 4 7862 1 8335 361 8412 16 8890 369
7862 2 7863 1 9566 390
7863 1 7864 1
7864 2 7865 1 9182 325
7865 3 7866 1 9007 502 9997 45
7866 3 7867 1 8989 193 9323 -248
7867 1 7868 1
7868 2 7869 1 9105 55
7869 4 7870 1 8921 553 9302 381 9870 806
7870 1 7871 1
7871 2 7872 1 8345 20
7872 3 7873 1 9286 -90 9668 908
7873 4 7874 1 8785 540 8807 714 9204 407
7874 1 7875 1
7875 1 7876 1
7876 2 7877 1 8795 156
7877 4 7878 1 8204 384 8806 773 9091 563
7878 2 7879 1 9027 648
7879 1 7880 1
7880 1 7881 1
7881 1 7882 1
7882 1 7883 1
7883 2 7884 1 9147 816
7884 2 7885 1 7928 196
7885 2 7886 1 8252 212
7886 3 7887 1 8995 177 9752 620
7887 1 7888 1
7888 2 7889 1 9728 396
7889 1 7890 1
7890 1 7891 1
7891 4 7892 1 8755 109 9475 425 9712 -40
7892 1 7893 1
7893 1 7894 1
7894 1 7895 1
7895 1 7896 1
7896 1 7897 1
7897 1 7898 1
7898 3 7899 1 9268 900 9348 997
7899 2 7900 1 8542 61
7900 1 7901 1
7901 2 7902 1 8334 186
7902 1 7903 1
7903 3 7904 1 8236 901 8797 871
7904 1 7905 1
7905 1 7906 1
7906 1 7907 1
7907 1 7908 1
7908 1 7909 1
7909 3 7910 1 7940 771 9800 940
7910 1 7911 1
7911 1 7912 1
7912 1 7913 1
7913 1 7914 1
7914 1 7915 1
7915 1 7916 1
7916 2 7917 1 8869 -265
7917 1 7918 1
7918 3 7919 1 8233 -269 9888 534
7919 1 7920 1
7920 2 7921 1 8061 -135
7921 1 7922 1
7922 3 7923 1 8471 -308 9610 940
7923 3 7924 1 9419 925 9492 362
7924 2 7925 1 8651 -417
7925 3 7926 1 9050 967 9973 816
7926 1 7927 1
7927 2 7928 1 9005 147
7928 1 7929 1
7929 2 7930 1 8485 308
7930 1 7931 1
7931 5 7932 1 8944 95 9402 106 9760 371 9993 106
7932 2 7933 1 9236 253
7933 2 7934 1 9929 154
7934 2 7935 1 9552 505
7935 2 7936 1 9073 440
7936 2 7937 1 9912 895
7937 2 7938 1 8216 251
7938 4 7939 1 8331 102 8421 436 9977 719
7939 4 7940 1 8248 648 8277 699 9598 220
7940 3 7941 1 9432 773 9747 783
7941 1 7942 1
7942 1 7943 1
7943 2 7944 1 9049 187
7944 2 7945 1 9595 267
7945 1 7946 1
7946 2 7947 1 8736 215
7947 4 7948 1 8097 -364 8924 405 9342 -56
7948 3 7949 1 8021 838 8815 798
7949 2 7950 1 8883 120
7950 2 7951 1 9927 -138
7951 2 7952 1 9807 877
7952 1 7953 1
7953 1 7954 1
7954 2 7955 1 8254 640
7955 1 7956 1
7956 1 7957 1
7957 3 7958 1 8966 232 9249 460
7958 2 7959 1 8178 598
7959 3 7960 1 8668 472 9632 184
7960 2 7961 1 8640 -186
7961 1 7962 1
7962 1 7963 1
7963 2 7964 1 8131 -288
7964 2 7965 1 8191 68
7965 2 7966 1 9283 66
7966 4 7967 1 8792 -450 9745 597 9823 862
7967 1 7968 1
7968 2 7969 1 9056 318
7969 2 7970 1 8523 727
7970 1 7971 1
7971 1 7972 1
7972 4 7973 1 8359 -143 8626 296 9292 -66
7973 1 7974 1
7974 1 7975 1
7975 3 7976 1 8490 687 8629 662
7976 3 7977 1 9906 25 9955 165
7977 2 7978 1 8493 89
7978 2 7979 1 9949 527
7979 1 7980 1
7980 2 7981 1 8478 -146
7981 1 7982 1
7982 1 7983 1
7983 2 7984 1 9504 937
7984 2 7985 1 9770 442
7985 4 7986 1 8093 176 8542 122 9363 974
7986 3 7987 1 8759 269 9047 -473
7987 2 7988 1 9488 463
7988 4 7989 1 8179 336 8888 211 9425 18
7989 2 7990 1 8904 -177
7990 3 7991 1 8307 757 9081 -18
7991 2 7992 1 8460 387
7992 2 7993 1 9325 -235
7993 3 7994 1 9219 434 9432 -427
7994 1 7995 1
7995 2 7996 1 8752 -428
7996 1 7997 1
7997 2 7998 1 9977 857
7998 2 7999 1 9500 182
7999 1 8000 1
8000 2 8001 1 9109 624
8001 1 8002 1
8002 5 8003 1 8156 914 8197 951 8436 294 8945 624
8003 3 8004 1 8994 25 9165 -370
8004 4 8005 1 8423 868 9402 941 9810 241
8005 1 8006 1
8006 2 8007 1 9844 771
8007 1 8008 1
8008 2 8009 1 8178 365
8009 3 8010 1 8671 158 9876 47
8010 2 8011 1 8041 -353
8011 2 8012 1 8539 923
8012 2 8013 1 8777 293
8013 2 8014 1 9511 788
8014 1 8015 1
8015 3 8016 1 8292 354 8470 523
8016 4 8017 1 8125 698 8632 670 8842 -332
8017 1 8018 1
8018 2 8019 1 9868 211
8019 1 8020 1
8020 2 8021 1 9584 190
8021 2 8022 1 9856 179
8022 1 8023 1
8023 3 8024 1 8059 -13 9657 -462
8024 2 8025 1 8043 249
8025 2 8026 1 8411 838
8026 4 8027 1 8099 634 8740 456 9765 -48
8027 1 8028 1
8028 3 8029 1 9124 384 9517 271
8029 1 8030 1
8030 1 8031 1
8031 1 8032 1
8032 2 8033 1 8199 113
8033 1 8034 1
8034 3 8035 1 8580 -32 8583 39
8035 1 8036 1
8036 1 8037 1
8037 1 8038 1
8038 1 8039 1
8039 1 8040 1
8040 3 8041 1 8442 330 8657 -42
8041 1 8042 1
8042 3 8043 1 8924 564 9920 541
8043 1 8044 1
8044 1 8045 1
8045 1 8046 1
8046 1 8047 1
8047 2 8048 1 8368 420
8048 4 8049 1 8719 748 8743 -101 9339 -28
8049 1 8050 1
8050 1 8051 1
8051 2 8052 1 9441 58
8052 2 8053 1 8709 -218
8053 3 8054 1 9083 166 9857 275
8054 4 8055 1 8906 442 9721 466 9888 353
8055 2 8056 1 8593 869
8056 1 8057 1
8057 1 8058 1
8058 1 8059 1
8059 4 8060 1 8400 -174 8851 48 9983 724
8060 3 8061 1 8126 492 8127 569
8061 2 8062 1 9704 -130
8062 1 8063 1
8063 3 8064 1 8722 643 8982 49
8064 2 8065 1 9318 102
8065 3 8066 1 8518 -187 9705 731
8066 2 8067 1 8151 -235
8067 1 8068 1
8068 2 8069 1 9696 916
8069 1 8070 1
8070 1 8071 1
8071 4 8072 1 8483 239 8806 940 8934 -153
8072 1 8073 1
8073 2 8074 1 9665 935
8074 1 8075 1
8075 3 8076 1 9187 461 9455 21
8076 1 8077 1
8077 1 8078 1
8078 1 8079 1
8079 1 8080 1
8080 2 8081 1 8795 -250
8081 2 8082 1 8569 393
8082 2 8083 1 8865 865
8083 2 8084 1 9991 726
8084 2 8085 1 8147 -186
8085 2 8086 1 8493 -26
8086 6 8087 1 8360 21 8524 911 8628 -163 9048 29 9672 86
8087 2 8088 1 8890 707
8088 1 8089 1
8089 1 8090 1
8090 2 8091 1 9362 504
8091 1 8092 1
8092 2 8093 1 8298 376
8093 2 8094 1 8381 92
8094 3 8095 1 8178 90 9518 425
8095 2 8096 1 8097 333
8096 1 8097 1
8097 3 8098 1 8741 -23 8755 251
8098 2 8099 1 9845 668
8099 2 8100 1 9092 750
8100 2 8101 1 8467 839
8101 4 8102 1 8299 57 8455 979 9962 656
8102 3 8103 1 9110 557 9640 312
8103 2 8104 1 9034 421
8104 2 8105 1 9303 826
8105 3 8106 1 8464 407 9772 342
8106 2 8107 1 8176 560
8107 1 8108 1
8108 5 8109 1 8354 465 9445 29 9851 449 9990 378
8109 1 8110 1
8110 2 8111 1 9196 737
8111 3 8112 1 8828 937 9304 280
8112 2 8113 1 8542 941
8113 1 8114 1
8114 1 8115 1
8115 2 8116 1 8752 417
8116 2 8117 1 9751 129
8117 1 8118 1
8118 2 8119 1 8284 543
8119 5 8120 1 8735 7 8925 4 9273 577 9439 739
8120 1 8121 1
8121 1 8122 1
8122 1 8123 1
8123 2 8124 1 8310 569
8124 1 8125 1
8125 2 8126 1 9629 518
8126 1 8127 1
8127 2 8128 1 9753 296
8128 1 8129 1
8129 2 8130 1 9637 347
8130 2 8131 1 8446 848
8131 2 8132 1 9666 436
8132 1 8133 1
8133 1 8134 1
8134 2 8135 1 8445 244
8135 1 8136 1
8136 2 8137 1 9641 505
8137 3 8138 1 8719 150 9499 -136
8138 3 8139 1 8654 133 9305 352
8139 1 8140 1
8140 1 8141 1
8141 1 8142 1
8142 2 8143 1 8148 -34
8143 1 8144 1
8144 3 8145 1 8272 -239 8826 -361
8145 2 8146 1 8211 621
8146 1 8147 1
8147 1 8148 1
8148 2 8149 1 8772 -417
8149 2 8150 1 8800 51
8150 1 8151 1
8151 1 8152 1
8152 1 8153 1
8153 3 8154 1 8927 -391 9396 758
8154 2 8155 1 9848 300
8155 1 8156 1
8156 3 8157 1 8720 553 8849 -447
8157 3 8158 1 9264 304 9276 361
8158 1 8159 1
8159 2 8160 1 8788 167
8160 3 8161 1 9340 125 9374 375
8161 2 8162 1 9269 -424
8162 2 8163 1 8736 420
8163 3 8164 1 8701 -335 9090 597
8164 1 8165 1
8165 1 8166 1
8166 1 8167 1
8167 1 8168 1
8168 3 8169 1 9321 205 9535 -215
8169 2 8170 1 9904 -445
8170 1 8171 1
8171 3 8172 1 8861 -280 9912 -209
8172 2 8173 1 9408 260
8173 1 8174 1
8174 2 8175 1 8693 -190
8175 3 8176 1 8820 806 8918 368
8176 2 8177 1 8893 -275
8177 1 8178 1
8178 1 8179 1
8179 1 8180 1
8180 2 8181 1 8849 -158
8181 3 8182 1 8912 923 9891 220
8182 2 8183 1 9660 30
8183 2 8184 1 9834 271
8184 2 8185 1 9605 959
8185 1 8186 1
8186 3 8187 1 8649 349 8926 645
8187 1 8188 1
8188 2 8189 1 8432 -233
8189 1 8190 1
8190 3 8191 1 8196 225 9227 76
8191 2 8192 1 8810 781
8192 1 8193 1
8193 2 8194 1 8778 -405
8194 2 8195 1 9693 322
8195 2 8196 1 9931 381
8196 1 8197 1
8197 5 8198 1 8481 603 8864 861 9223 483 9403 437
8198 1 8199 1
8199 1 8200 1
8200 1 8201 1
8201 3 8202 1 9526 674 9761 155
8202 3 8203 1 9681 703 9990 13
8203 1 8204 1
8204 2 8205 1 9068 989
8205 3 8206 1 8323 285 9806 956
8206 4 8207 1 8230 164 9530 77 9590 745
8207 1 8208 1
8208 2 8209 1 9925 200
8209 2 8210 1 9692 16
8210 2 8211 1 9651 -423
8211 2 8212 1 8557 331
8212 2 8213 1 8380 93
8213 2 8214 1 8356 244
8214 1 8215 1
8215 2 8216 1 9161 982
8216 2 8217 1 9494 471
8217 2 8218 1 9002 405
8218 1 8219 1
8219 3 8220 1 8269 613 9435 352
8220 2 8221 1 8354 -7
8221 2 8222 1 9370 -182
8222 1 8223 1
8223 1 8224 1
8224 3 8225 1 8583 -27 9695 226
8225 2 8226 1 9979 965
8226 4 8227 1 8583 886 9039 574 9143 -102
8227 1 8228 1
8228 2 8229 1 9419 284
8229 1 8230 1
8230 1 8231 1
8231 1 8232 1
8232 2 8233 1 8472 564
8233 1 8234 1
8234 3 8235 1 8523 766 9492 707
8235 1 8236 1
8236 4 8237 1 8247 419 8557 -440 8778 765
8237 1 8238 1
8238 2 8239 1 9479 222
8239 2 8240 1 9959 -436
8240 2 8241 1 9284 439
8241 2 8242 1 9226 161
8242 1 8243 1
8243 4 8244 1 8340 -246 9293 654 9641 406
8244 4 8245 1 8785 766 8893 396 9675 235
8245 1 8246 1
8246 1 8247 1
8247 2 8248 1 9628 -229
8248 1 8249 1
8249 1 8250 1
8250 1 8251 1
8251 3 8252 1 9573 -199 9864 515
8252 1 8253 1
8253 2 8254 1 8819 15
8254 2 8255 1 9513 847
8255 3 8256 1 8983 421 9516 64
8256 2 8257 1 9556 988
8257 2 8258 1 8515 501
8258 2 8259 1 9447 620
8259 3 8260 1 8485 143 8988 273
8260 4 8261 1 8871 83 9169 -409 9189 950
8261 4 8262 1 8526 -118 8696 869 8956 950
8262 1 8263 1
8263 2 8264 1 9214 738
8264 2 8265 1 9414 -304
8265 3 8266 1 9434 638 9898 322
8266 2 8267 1 8291 244
8267 1 8268 1
8268 2 8269 1 9435 90
8269 4 8270 1 8921 127 9493 -301 9606 699
8270 1 8271 1
8271 3 8272 1 8774 3 9461 -179
8272 4 8273 1 8829 446 9258 -282 9914 837
8273 2 8274 1 9994 -99
8274 2 8275 1 8502 416
8275 1 8276 1
8276 1 8277 1
8277 1 8278 1
8278 1 8279 1
8279 2 8280 1 9328 952
8280 1 8281 1
8281 2 8282 1 9404 -202
8282 1 8283 1
8283 3 8284 1 8822 746 9883 851
8284 3 8285 1 8904 883 9807 -110
8285 1 8286 1
8286 3 8287 1 8313 536 9329 -73
8287 1 8288 1
8288 2 8289 1 8528 -363
8289 1 8290 1
8290 2 8291 1 9123 508
8291 2 8292 1 8447 307
8292 2 8293 1 9336 -116
8293 2 8294 1 9217 -107
8294 2 8295 1 8677 43
8295 2 8296 1 9730 518
8296 1 8297 1
8297 1 8298 1
8298 1 8299 1
8299 1 8300 1
8300 2 8301 1 9966 473
8301 2 8302 1 8702 -170
8302 2 8303 1 9901 993
8303 1 8304 1
8304 1 8305 1
8305 3 8306 1 9065 -460 9666 496
8306 1 8307 1
8307 2 8308 1 8316 -371
8308 1 8309 1
8309 1 8310 1
8310 3 8311 1 8695 527 9157 -192
8311 4 8312 1 8662 663 8700 -395 9713 419
8312 1 8313 1
8313 2 8314 1 9133 449
8314 2 8315 1 9942 896
8315 2 8316 1 9771 636
8316 1 8317 1
8317 1 8318 1
8318 3 8319 1 9297 -487 9443 907
8319 2 8320 1 9347 709
8320 4 8321 1 8324 602 9346 392 9934 86
8321 2 8322 1 9837 102
8322 1 8323 1
8323 1 8324 1
8324 1 8325 1
8325 1 8326 1
8326 3 8327 1 8579 182 9197 509
8327 1 8328 1
8328 6 8329 1 8666 855 8768 421 9009 543 9268 388 9945 79
8329 2 8330 1 9451 971
8330 3 8331 1 8364 401 9704 323
8331 1 8332 1
8332 1 8333 1
8333 3 8334 1 8645 666 9240 358
8334 2 8335 1 8900 -402
8335 1 8336 1
8336 1 8337 1
8337 1 8338 1
8338 1 8339 1
8339 3 8340 1 9532 -252 9757 233
8340 1 8341 1
8341 1 8342 1
8342 3 8343 1 9068 206 9470 316
8343 1 8344 1
8344 1 8345 1
8345 1 8346 1
8346 5 8347 1 8827 -395 8837 502 9557 223 9803 -195
8347 2 8348 1 9807 364
8348 3 8349 1 9530 671 9599 718
8349 1 8350 1
8350 2 8351 1 9786 696
8351 1 8352 1
8352 1 8353 1
8353 2 8354 1 8406 569
8354 3 8355 1 9242 573 9933 885
8355 2 8356 1 9936 641
8356 2 8357 1 8829 378
8357 2 8358 1 9245 471
8358 2 8359 1 9096 641
8359 2 8360 1 9641 37
8360 2 8361 1 8442 -175
8361 1 8362 1
8362 1 8363 1
8363 2 8364 1 8490 -84
8364 1 8365 1
8365 2 8366 1 8514 238
8366 1 8367 1
8367 2 8368 1 9167 -84
8368 4 8369 1 8776 51 9306 977 9448 249
8369 4 8370 1 8381 84 9164 291 9699 679
8370 2 8371 1 9404 -331
8371 1 8372 1
8372 2 8373 1 9697 16
8373 1 8374 1
8374 2 8375 1 8573 337
8375 1 8376 1
8376 2 8377 1 9691 111
8377 4 8378 1 8948 510 9041 438 9614 -110
8378 1 8379 1
8379 2 8380 1 8933 481
8380 1 8381 1
8381 1 8382 1
8382 3 8383 1 8524 816 8955 -231
8383 1 8384 1
8384 1 8385 1
8385 2 8386 1 9351 -453
8386 1 8387 1
8387 2 8388 1 8588 644
8388 3 8389 1 8998 203 9128 944
8389 1 8390 1
8390 2 8391 1 9523 600
8391 5 8392 1 8729 188 9237 583 9539 803 9793 -86
8392 3 8393 1 8552 504 9070 34
8393 2 8394 1 9617 343
8394 1 8395 1
8395 2 8396 1 9504 763
8396 2 8397 1 8658 115
8397 2 8398 1 9761 -118
8398 1 8399 1
8399 2 8400 1 9469 -104
8400 1 8401 1
8401 2 8402 1 9427 356
8402 2 8403 1 9696 986
8403 3 8404 1 9968 946 9973 -259
8404 4 8405 1 8754 165 9564 -21 9837 700
8405 4 8406 1 8518 556 9015 769 9303 732
8406 1 8407 1
8407 1 8408 1
8408 3 8409 1 9084 707 9571 482
8409 1 8410 1
8410 2 8411 1 8764 868
8411 1 8412 1
8412 1 8413 1
8413 4 8414 1 8617 415 9491 850 9610 768
8414 2 8415 1 9392 506
8415 1 8416 1
8416 1 8417 1
8417 5 8418 1 8527 -314 9184 984 9695 800 9750 -74
8418 2 8419 1 9345 469
8419 2 8420 1 9970 831
8420 4 8421 1 8519 -481 8536 727 8987 -52
8421 2 8422 1 9648 549
8422 2 8423 1 9449 904
8423 3 8424 1 8447 68 8855 152
8424 1 8425 1
8425 3 8426 1 8661 841 9720 899
8426 1 8427 1
8427 1 8428 1
8428 1 8429 1
8429 2 8430 1 8898 -9
8430 2 8431 1 8697 -385
8431 4 8432 1 8893 498 9326 -98 9599 724
8432 2 8433 1 8956 792
8433 3 8434 1 8801 134 9311 795
8434 1 8435 1
8435 3 8436 1 8671 488 8810 -307
8436 2 8437 1 8934 223
8437 2 8438 1 8613 385
8438 1 8439 1
8439 1 8440 1
8440 1 8441 1
8441 3 8442 1 9007 -211 9715 847
8442 2 8443 1 9368 854
8443 3 8444 1 8757 343 8898 411
8444 1 8445 1
8445 1 8446 1
8446 4 8447 1 8696 334 8723 754 9113 660
8447 1 8448 1
8448 2 8449 1 9349 857
8449 2 8450 1 9963 237
8450 1 8451 1
8451 2 8452 1 9719 -148
8452 1 8453 1
8453 2 8454 1 9727 176
8454 2 8455 1 8563 983
8455 2 8456 1 8498 459
8456 1 8457 1
8457 3 8458 1 8960 357 9109 403
8458 2 8459 1 9624 623
8459 1 8460 1
8460 1 8461 1
8461 1 8462 1
8462 1 8463 1
8463 3 8464 1 9845 -22 9913 340
8464 3 8465 1 8515 35 8926 240
8465 1 8466 1
8466 4 8467 1 8745 -113 8948 233 9468 756
8467 3 8468 1 8788 -145 9548 981
8468 2 8469 1 9096 202
8469 1 8470 1
8470 2 8471 1 9813 -319
8471 4 8472 1 8535 103 9120 777 9149 260
8472 2 8473 1 9531 523
8473 1 8474 1
8474 1 8475 1
8475 1 8476 1
8476 1 8477 1
8477 3 8478 1 9154 542 9324 567
8478 3 8479 1 8642 710 9362 770
8479 2 8480 1 9298 657
8480 2 8481 1 9379 838
8481 2 8482 1 9863 -318
8482 2 8483 1 8756 45
8483 1 8484 1
8484 4 8485 1 8970 384 8997 412 9886 350
8485 1 8486 1
8486 3 8487 1 8961 659 9820 928
8487 2 8488 1 9369 73
8488 1 8489 1
8489 2 8490 1 9408 332
8490 1 8491 1
8491 1 8492 1
8492 3 8493 1 8858 241 9931 659
8493 4 8494 1 8849 297 8979 -339 9106 -168
8494 2 8495 1 8835 -134
8495 1 8496 1
8496 1 8497 1
8497 2 8498 1 9605 974
8498 2 8499 1 9462 -251
8499 1 8500 1
8500 1 8501 1
8501 1 8502 1
8502 2 8503 1 9926 345
8503 2 8504 1 9466 606
8504 2 8505 1 8528 395
8505 2 8506 1 8854 905
8506 2 8507 1 8965 -495
8507 2 8508 1 8736 -396
8508 2 8509 1 8833 397
8509 2 8510 1 9371 216
8510 1 8511 1
8511 2 8512 1 9205 885
8512 3 8513 1 8994 707 9722 -49
8513 1 8514 1
8514 2 8515 1 9154 830
8515 2 8516 1 9350 203
8516 2 8517 1 9102 266
8517 1 8518 1
8518 1 8519 1
8519 1 8520 1
8520 3 8521 1 9159 243 9176 -386
8521 4 8522 1 9066 378 9359 -485 9702 348
8522 3 8523 1 9419 126 9975 986
8523 3 8524 1 8915 813 9665 804
8524 4 8525 1 9027 314 9473 -166 9542 796
8525 2 8526 1 9390 -423
8526 2 8527 1 8693 -211
8527 1 8528 1
8528 3 8529 1 8612 164 8820 830
8529 3 8530 1 8637 39 9175 -171
8530 1 8531 1
8531 1 8532 1
8532 2 8533 1 8930 690
8533 2 8534 1 8555 847
8534 4 8535 1 8734 574 8805 537 9306 -430
8535 2 8536 1 9475 347
8536 1 8537 1
8537 2 8538 1 8742 786
8538 1 8539 1
8539 3 8540 1 8949 227 9740 499
8540 3 8541 1 9292 851 9528 -62
8541 1 8542 1
8542 3 8543 1 9124 186 9532 363
8543 3 8544 1 8661 -361 9523 90
8544 1 8545 1
8545 1 8546 1
8546 2 8547 1 9968 775
8547 2 8548 1 9945 996
8548 2 8549 1 8563 483
8549 2 8550 1 8902 838
8550 1 8551 1
8551 2 8552 1 9687 528
8552 1 8553 1
8553 3 8554 1 9188 431 9694 538
8554 2 8555 1 9304 619
8555 1 8556 1
8556 1 8557 1
8557 1 8558 1
8558 2 8559 1 9672 -195
8559 2 8560 1 9267 813
8560 3 8561 1 8687 41 9442 623
8561 4 8562 1 9024 35 9065 871 9414 770
8562 2 8563 1 9558 372
8563 2 8564 1 9357 43
8564 4 8565 1 9274 451 9570 616 9685 92
8565 1 8566 1
8566 4 8567 1 8898 -249 9371 99 9943 94
8567 3 8568 1 9160 903 9490 -67
8568 1 8569 1
8569 2 8570 1 9525 -253
8570 1 8571 1
8571 1 8572 1
8572 2 8573 1 9895 724
8573 1 8574 1
8574 1 8575 1
8575 3 8576 1 8821 675 8958 735
8576 2 8577 1 9699 498
8577 1 8578 1
8578 2 8579 1 9518 614
8579 1 8580 1
8580 1 8581 1
8581 2 8582 1 9412 501
8582 2 8583 1 9876 246
8583 4 8584 1 8718 256 9325 872 9460 -90
8584 1 8585 1
8585 3 8586 1 8957 378 9101 233
8586 1 8587 1
8587 3 8588 1 8956 927 9126 281
8588 1 8589 1
8589 4 8590 1 8642 970 9502 449 9507 409
8590 2 8591 1 9661 203
8591 2 8592 1 9296 -308
8592 2 8593 1 9829 -36
8593 2 8594 1 9859 76
8594 2 8595 1 9038 -187
8595 2 8596 1 9085 -455
8596 1 8597 1
8597 2 8598 1 9948 475
8598 1 8599 1
8599 3 8600 1 8877 974 9287 261
8600 1 8601 1
8601 2 8602 1 9141 791
8602 1 8603 1
8603 1 8604 1
8604 2 8605 1 9618 138
8605 3 8606 1 8930 156 9770 962
8606 2 8607 1 8843 695
8607 2 8608 1 9513 620
8608 2 8609 1 9062 754
8609 4 8610 1 9325 745 9369 -417 9847 70
8610 1 8611 1
8611 1 8612 1
8612 1 8613 1
8613 2 8614 1 9696 -479
8614 4 8615 1 9027 -182 9112 840 9686 676
8615 1 8616 1
8616 1 8617 1
8617 2 8618 1 9063 330
8618 2 8619 1 8871 191
8619 4 8620 1 9138 305 9684 543 9717 259
8620 3 8621 1 8941 -443 9360 402
8621 1 8622 1
8622 3 8623 1 8828 264 9122 910
8623 1 8624 1
8624 1 8625 1
8625 1 8626 1
8626 1 8627 1
8627 2 8628 1 9081 667
8628 1 8629 1
8629 1 8630 1
8630 1 8631 1
8631 2 8632 1 8888 527
8632 4 8633 1 8876 -299 8881 208 9603 244
8633 1 8634 1
8634 2 8635 1 9045 88
8635 2 8636 1 9285 210
8636 1 8637 1
8637 3 8638 1 8814 877 9541 407
8638 1 8639 1
8639 3 8640 1 9203 672 9456 429
8640 5 8641 1 8949 136 9256 415 9597 -47 9669 26
8641 4 8642 1 9180 519 9741 387 9897 -420
8642 2 8643 1 9920 83
8643 1 8644 1
8644 1 8645 1
8645 3 8646 1 9188 577 9885 409
8646 1 8647 1
8647 2 8648 1 9036 266
8648 2 8649 1 9450 743
8649 2 8650 1 9003 661
8650 1 8651 1
8651 1 8652 1
8652 2 8653 1 9790 92
8653 3 8654 1 8823 736 9406 -230
8654 1 8655 1
8655 1 8656 1
8656 2 8657 1 9464 391
8657 2 8658 1 8856 512
8658 1 8659 1
8659 1 8660 1
8660 1 8661 1
8661 3 8662 1 8953 273 9826 307
8662 1 8663 1
8663 2 8664 1 9809 -337
8664 2 8665 1 9429 267
8665 3 8666 1 8757 286 9302 334
8666 3 8667 1 8790 -499 9839 631
8667 3 8668 1 9352 236 9680 103
8668 3 8669 1 9611 -224 9804 51
8669 5 8670 1 8933 360 8990 761 9134 13 9786 -181
8670 3 8671 1 8872 412 8938 161
8671 4 8672 1 9054 680 9440 791 9911 -237
8672 1 8673 1
8673 1 8674 1
8674 2 8675 1 9953 87
8675 2 8676 1 9105 -308
8676 1 8677 1
8677 2 8678 1 8994 859
8678 2 8679 1 9670 194
8679 2 8680 1 9807 -224
8680 1 8681 1
8681 1 8682 1
8682 1 8683 1
8683 1 8684 1
8684 1 8685 1
8685 1 8686 1
8686 3 8687 1 9480 228 9691 967
8687 1 8688 1
8688 2 8689 1 9097 886
8689 3 8690 1 9543 178 9956 112
8690 3 8691 1 9367 90 9850 991
8691 3 8692 1 8931 -119 9086 739
8692 1 8693 1
8693 2 8694 1 9352 -413
8694 2 8695 1 9617 984
8695 1 8696 1
8696 3 8697 1 8795 254 9894 288
8697 2 8698 1 9677 730
8698 3 8699 1 9013 581 9913 715
8699 4 8700 1 8815 663 9830 632 9997 61
8700 2 8701 1 9324 329
8701 2 8702 1 9911 559
8702 2 8703 1 9671 279
8703 2 8704 1 9981 137
8704 3 8705 1 9162 382 9991 -233
8705 1 8706 1
8706 2 8707 1 9476 199
8707 2 8708 1 9541 -191
8708 4 8709 1 8849 40 9111 915 9353 591
8709 3 8710 1 8820 892 8828 192
8710 2 8711 1 9489 227
8711 1 8712 1
8712 2 8713 1 9640 250
8713 2 8714 1 9348 172
8714 2 8715 1 9683 718
8715 5 8716 1 8970 291 9273 -42 9680 85 9825 96
8716 1 8717 1
8717 1 8718 1
8718 1 8719 1
8719 2 8720 1 9982 286
8720 2 8721 1 9676 -95
8721 3 8722 1 8775 231 9388 476
8722 2 8723 1 9899 360
8723 3 8724 1 9182 818 9729 867
8724 3 8725 1 8730 301 9243 -325
8725 3 8726 1 8839 866 9124 740
8726 2 8727 1 9097 838
8727 2 8728 1 8938 421
8728 1 8729 1
8729 3 8730 1 9024 41 9641 481
8730 3 8731 1 9346 563 9828 521
8731 1 8732 1
8732 3 8733 1 9175 725 9987 780
8733 1 8734 1
8734 2 8735 1 9533 676
8735 2 8736 1 9287 694
8736 2 8737 1 9637 585
8737 1 8738 1
8738 1 8739 1
8739 2 8740 1 8844 -61
8740 2 8741 1 8824 253
8741 1 8742 1
8742 3 8743 1 9187 -227 9840 649
8743 1 8744 1
8744 2 8745 1 9101 582
8745 1 8746 1
8746 3 8747 1 9235 38 9411 717
8747 3 8748 1 9158 627 9309 -432
8748 2 8749 1 9881 -428
8749 1 8750 1
8750 1 8751 1
8751 1 8752 1
8752 2 8753 1 9293 76
8753 2 8754 1 9611 537
8754 1 8755 1
8755 2 8756 1 9177 938
8756 2 8757 1 8988 736
8757 1 8758 1
8758 1 8759 1
8759 2 8760 1 9599 260
8760 5 8761 1 8806 -441 8955 336 9361 883 9813 525
8761 3 8762 1 8827 -302 9045 593
8762 3 8763 1 9061 600 9990 798
8763 3 8764 1 8819 693 9922 384
8764 1 8765 1
8765 2 8766 1 9882 737
8766 1 8767 1
8767 2 8768 1 8982 239
8768 2 8769 1 9798 -373
8769 2 8770 1 9600 851
8770 3 8771 1 8936 378 9717 874
8771 3 8772 1 9167 -129 9737 743
8772 2 8773 1 9762 478
8773 1 8774 1
8774 2 8775 1 9090 509
8775 3 8776 1 8921 135 9711 274
8776 1 8777 1
8777 3 8778 1 9299 284 9520 540
8778 1 8779 1
8779 1 8780 1
8780 5 8781 1 9036 -340 9110 815 9276 247 9681 -418
8781 1 8782 1
8782 2 8783 1 9117 537
8783 3 8784 1 9485 229 9947 680
8784 3 8785 1 9050 -300 9273 380
8785 1 8786 1
8786 2 8787 1 9810 520
8787 2 8788 1 9882 71
8788 2 8789 1 9662 -461
8789 2 8790 1 9217 225
8790 2 8791 1 9684 391
8791 4 8792 1 8881 48 9243 590 9515 303
8792 1 8793 1
8793 1 8794 1
8794 2 8795 1 9589 -146
8795 2 8796 1 9247 946
8796 3 8797 1 8913 952 9459 351
8797 4 8798 1 9094 -348 9179 545 9278 465
8798 2 8799 1 9502 352
8799 2 8800 1 8854 93
8800 2 8801 1 9765 488
8801 1 8802 1
8802 3 8803 1 8967 790 9428 578
8803 1 8804 1
8804 1 8805 1
8805 3 8806 1 9049 894 9953 528
8806 4 8807 1 8944 703 9068 657 9924 721
8807 2 8808 1 9667 -69
8808 2 8809 1 9628 361
8809 3 8810 1 9204 -370 9613 -176
8810 2 8811 1 9398 176
8811 3 8812 1 9417 871 9465 274
8812 3 8813 1 9013 -15 9504 730
8813 2 8814 1 8844 483
8814 1 8815 1
8815 1 8816 1
8816 3 8817 1 9343 348 9533 368
8817 1 8818 1
8818 1 8819 1
8819 2 8820 1 8957 957
8820 4 8821 1 9244 792 9621 845 9904 382
8821 1 8822 1
8822 1 8823 1
8823 1 8824 1
8824 2 8825 1 9401 624
8825 1 8826 1
8826 2 8827 1 9818 853
8827 1 8828 1
8828 2 8829 1 9240 224
8829 3 8830 1 9080 866 9303 269
8830 3 8831 1 9390 213 9777 596
8831 5 8832 1 8854 206 8863 174 9171 470 9982 895
8832 1 8833 1
8833 3 8834 1 9336 547 9591 -77
8834 3 8835 1 9517 762 9956 952
8835 1 8836 1
8836 1 8837 1
8837 2 8838 1 9577 957
8838 2 8839 1 9298 66
8839 2 8840 1 9925 278
8840 1 8841 1
8841 3 8842 1 9201 623 9326 472
8842 3 8843 1 8982 509 9928 80
8843 2 8844 1 9291 557
8844 1 8845 1
8845 1 8846 1
8846 2 8847 1 9134 402
8847 3 8848 1 9068 129 9151 -138
8848 3 8849 1 9372 397 9758 11
8849 1 8850 1
8850 1 8851 1
8851 4 8852 1 8993 -57 9668 409 9941 980
8852 4 8853 1 8995 353 9453 961 9881 61
8853 4 8854 1 8971 492 9000 791 9797 2
8854 3 8855 1 8935 -369 9837 884
8855 1 8856 1
8856 3 8857 1 9907 708 9932 739
8857 4 8858 1 8859 -238 9455 304 9812 948
8858 2 8859 1 9701 971
8859 1 8860 1
8860 1 8861 1
8861 3 8862 1 9183 732 9650 -424
8862 2 8863 1 9864 -436
8863 4 8864 1 9221 593 9608 429 9690 -126
8864 1 8865 1
8865 3 8866 1 8924 -496 9153 880
8866 2 8867 1 9768 -438
8867 1 8868 1
8868 6 8869 1 9037 628 9069 -41 9228 458 9626 286 9948 851
8869 1 8870 1
8870 1 8871 1
8871 1 8872 1
8872 2 8873 1 9104 373
8873 1 8874 1
8874 1 8875 1
8875 1 8876 1
8876 4 8877 1 8914 461 8985 402 9564 -59
8877 1 8878 1
8878 2 8879 1 9583 611
8879 2 8880 1 9435 912
8880 1 8881 1
8881 2 8882 1 9031 63
8882 2 8883 1 8988 -39
8883 2 8884 1 9561 30
8884 1 8885 1
8885 1 8886 1
8886 3 8887 1 8923 632 9002 165
8887 3 8888 1 9288 270 9652 -431
8888 5 8889 1 9083 246 9191 181 9365 752 9436 283
8889 2 8890 1 9145 989
8890 2 8891 1 9421 -444
8891 1 8892 1
8892 2 8893 1 9437 887
8893 2 8894 1 9272 -374
8894 3 8895 1 9105 -308 9305 621
8895 2 8896 1 9942 149
8896 2 8897 1 9846 -384
8897 1 8898 1
8898 2 8899 1 9998 -15
8899 2 8900 1 9704 632
8900 3 8901 1 8916 622 9185 615
8901 2 8902 1 9127 480
8902 2 8903 1 9369 542
8903 3 8904 1 8969 654 9971 -313
8904 2 8905 1 9223 456
8905 2 8906 1 9937 25
8906 1 8907 1
8907 3 8908 1 9627 -343 9766 895
8908 4 8909 1 9051 199 9449 22 9487 613
8909 1 8910 1
8910 2 8911 1 9070 226
8911 3 8912 1 8981 551 9130 409
8912 1 8913 1
8913 2 8914 1 9042 -37
8914 4 8915 1 8970 490 9738 -68 9886 -310
8915 2 8916 1 9508 533
8916 2 8917 1 9789 470
8917 2 8918 1 9074 193
8918 2 8919 1 9296 697
8919 1 8920 1
8920 2 8921 1 8954 -499
8921 3 8922 1 9028 102 9240 337
8922 1 8923 1
8923 4 8924 1 9035 660 9419 963 9503 607
8924 2 8925 1 9330 537
8925 1 8926 1
8926 3 8927 1 9760 520 9908 121
8927 2 8928 1 9093 -215
8928 1 8929 1
8929 2 8930 1 9462 114
8930 3 8931 1 9290 704 9564 138
8931 4 8932 1 9010 165 9379 512 9912 -205
8932 1 8933 1
8933 3 8934 1 9933 52 9938 -190
8934 1 8935 1
8935 1 8936 1
8936 4 8937 1 9347 581 9847 13 9922 763
8937 3 8938 1 9026 948 9422 304
8938 1 8939 1
8939 2 8940 1 9047 -316
8940 1 8941 1
8941 2 8942 1 9370 -74
8942 3 8943 1 9188 281 9514 561
8943 4 8944 1 9064 799 9288 342 9654 -426
8944 2 8945 1 9320 11
8945 4 8946 1 9462 65 9716 682 9831 432
8946 2 8947 1 9321 646
8947 1 8948 1
8948 1 8949 1
8949 2 8950 1 9566 -201
8950 2 8951 1 9453 7
8951 1 8952 1
8952 2 8953 1 9332 151
8953 1 8954 1
8954 3 8955 1 9902 477 9947 758
8955 2 8956 1 9974 871
8956 2 8957 1 9970 328
8957 5 8958 1 9130 828 9338 56 9743 716 9868 556
8958 2 8959 1 9779 655
8959 1 8960 1
8960 3 8961 1 9040 20 9500 148
8961 1 8962 1
8962 1 8963 1
8963 1 8964 1
8964 5 8965 1 9332 -494 9563 -237 9649 900 9982 -282
8965 1 8966 1
8966 1 8967 1
8967 1 8968 1
8968 3 8969 1 9127 -267 9314 -92
8969 2 8970 1 9918 456
8970 1 8971 1
8971 2 8972 1 9601 965
8972 2 8973 1 9308 439
8973 1 8974 1
8974 1 8975 1
8975 4 8976 1 9554 907 9772 261 9785 358
8976 1 8977 1
8977 1 8978 1
8978 2 8979 1 9185 881
8979 2 8980 1 9952 620
8980 1 8981 1
8981 2 8982 1 9520 -323
8982 2 8983 1 9777 735
8983 2 8984 1 8995 -45
8984 5 8985 1 9213 99 9232 994 9684 238 9746 248
8985 4 8986 1 9030 418 9789 346 9928 797
8986 3 8987 1 9671 748 9881 178
8987 1 8988 1
8988 2 8989 1 9557 -352
8989 3 8990 1 9575 500 9777 750
8990 3 8991 1 9091 -254 9903 308
8991 2 8992 1 9730 877
8992 2 8993 1 9036 574
8993 2 8994 1 9154 -9
8994 3 8995 1 9200 952 9990 -159
8995 2 8996 1 9320 -357
8996 2 8997 1 9739 389
8997 3 8998 1 9180 458 9765 842
8998 1 8999 1
8999 2 9000 1 9584 921
9000 5 9001 1 9176 -180 9557 -354 9570 65 9782 484
9001 1 9002 1
9002 2 9003 1 9853 468
9003 3 9004 1 9320 183 9823 218
9004 7 9005 1 9144 45 9299 971 9308 688 9368 976 9506 101 9915 -158
9005 2 9006 1 9719 782
9006 2 9007 1 9760 287
9007 1 9008 1
9008 2 9009 1 9782 527
9009 4 9010 1 9476 157 9923 785 9975 -265
9010 1 9011 1
9011 2 9012 1 9735 272
9012 2 9013 1 9358 767
9013 1 9014 1
9014 2 9015 1 9580 477
9015 1 9016 1
9016 1 9017 1
9017 3 9018 1 9031 371 9207 112
9018 3 9019 1 9240 122 9802 337
9019 2 9020 1 9198 -100
9020 3 9021 1 9248 461 9421 26
9021 3 9022 -290 9563 -315 9587 858
9022 2 9023 1 9712 570
9023 1 9024 1
9024 4 9025 1 9394 673 9847 -220 9880 891
9025 1 9026 1
9026 1 9027 1
9027 3 9028 1 9511 449 9805 178
9028 1 9029 1
9029 1 9030 1
9030 2 9031 1 9198 996
9031 1 9032 1
9032 1 9033 1
9033 4 9034 1 9341 593 9504 214 9968 105
9034 2 9035 1 9725 982
9035 1 9036 1
9036 3 9037 1 9135 272 9666 380
9037 1 9038 1
9038 1 9039 1
9039 3 9040 1 9454 329 9952 57
9040 1 9041 1
9041 3 9042 1 9703 921 9976 155
9042 2 9043 1 9600 899
9043 1 9044 1
9044 1 9045 1
9045 4 9046 1 9415 652 9656 327 9887 965
9046 2 9047 1 9553 895
9047 2 9048 1 9909 74
9048 2 9049 1 9096 150
9049 2 9050 1 9449 296
9050 2 9051 1 9188 600
9051 2 9052 1 9635 -50
9052 4 9053 1 9082 677 9414 969 9885 740
9053 3 9054 1 9135 793 9801 122
9054 1 9055 1
9055 3 9056 1 9260 909 9495 589
9056 1 9057 1
9057 3 9058 1 9357 495 9361 -29
9058 4 9059 1 9584 940 9819 339 9971 145
9059 3 9060 1 9746 644 9794 661
9060 1 9061 1
9061 2 9062 1 9435 584
9062 1 9063 1
9063 3 9064 1 9196 490 9830 -207
9064 4 9065 1 9250 906 9455 187 9492 901
9065 1 9066 1
9066 4 9067 1 9508 816 9755 971 9926 859
9067 2 9068 1 9732 -441
9068 1 9069 1
9069 2 9070 1 9672 -160
9070 1 9071 1
9071 4 9072 1 9366 -114 9723 370 9992 -315
9072 2 9073 1 9468 493
9073 1 9074 1
9074 3 9075 1 9309 654 9758 956
9075 4 9076 1 9521 813 9866 158 9869 12
9076 1 9077 1
9077 1 9078 1
9078 2 9079 1 9782 -478
9079 2 9080 1 9424 940
9080 1 9081 1
9081 2 9082 1 9278 587
9082 2 9083 1 9719 465
9083 3 9084 1 9770 744 9940 426
9084 3 9085 1 9561 302 9883 430
9085 1 9086 1
9086 4 9087 1 9319 579 9922 -444 9930 510
9087 2 9088 1 9792 658
9088 2 9089 1 9835 -28
9089 1 9090 1
9090 2 9091 1 9734 974
9091 1 9092 1
9092 3 9093 1 9433 299 9604 354
9093 3 9094 1 9167 -205 9993 543
9094 2 9095 1 9451 -208
9095 2 9096 1 9354 20
9096 2 9097 1 9128 16
9097 2 9098 1 9511 290
9098 2 9099 1 9107 629
9099 2 9100 1 9511 271
9100 4 9101 1 9116 -89 9659 434 9986 237
9101 1 9102 1
9102 1 9103 1
9103 1 9104 1
9104 2 9105 1 9309 57
9105 1 9106 1
9106 2 9107 1 9792 -371
9107 3 9108 1 9486 448 9883 560
9108 2 9109 1 9342 -26
9109 1 9110 1
9110 2 9111 1 9311 516
9111 4 9112 1 9130 267 9250 -282 9916 673
9112 2 9113 1 9344 -314
9113 2 9114 1 9770 279
9114 1 9115 1
9115 3 9116 1 9205 596 9982 591
9116 2 9117 1 9257 145
9117 1 9118 1
9118 2 9119 1 9693 948
9119 1 9120 1
9120 1 9121 1
9121 2 9122 1 9653 557
9122 2 9123 1 9775 -36
9123 3 9124 1 9376 38 9981 495
9124 2 9125 1 9179 414
9125 2 9126 1 9497 -334
9126 1 9127 1
9127 3 9128 1 9739 487 9810 787
9128 4 9129 1 9153 400 9458 -181 9633 -74
9129 1 9130 1
9130 2 9131 1 9193 -126
9131 2 9132 1 9828 627
9132 3 9133 1 9532 113 9534 286
9133 1 9134 1
9134 3 9135 1 9787 10 9874 176
9135 3 9136 1 9697 -59 9834 666
9136 2 9137 1 9633 -259
9137 3 9138 1 9679 195 9749 670
9138 2 9139 1 9183 727
9139 2 9140 1 9977 939
9140 1 9141 1
9141 1 9142 1
9142 2 9143 1 9821 -449
9143 3 9144 1 9372 647 9777 -100
9144 2 9145 1 9648 571
9145 5 9146 1 9158 980 9260 -130 9438 215 9796 -243
9146 2 9147 1 9505 464
9147 1 9148 1
9148 2 9149 1 9185 385
9149 1 9150 1
9150 1 9151 1
9151 1 9152 1
9152 3 9153 1 9662 511 9830 787
9153 1 9154 1
9154 1 9155 1
9155 1 9156 1
9156 2 9157 1 9406 970
9157 2 9158 1 9356 469
9158 1 9159 1
9159 1 9160 1
9160 2 9161 1 9256 852
9161 2 9162 1 9394 72
9162 3 9163 1 9373 788 9465 339
9163 3 9164 1 9797 816 9828 625
9164 3 9165 1 9506 650 9756 771
9165 3 9166 1 9303 943 9712 -429
9166 2 9167 1 9238 -392
9167 2 9168 1 9449 915
9168 2 9169 1 9340 637
9169 2 9170 1 9244 -201
9170 1 9171 1
9171 2 9172 1 9965 115
9172 3 9173 1 9418 873 9699 423
9173 2 9174 1 9256 486
9174 1 9175 1
9175 3 9176 1 9419 390 9582 398
9176 2 9177 1 9275 111
9177 2 9178 1 9846 -126
9178 2 9179 1 9633 648
9179 1 9180 1
9180 1 9181 1
9181 2 9182 1 9709 123
9182 1 9183 1
9183 2 9184 1 9244 86
9184 1 9185 1
9185 1 9186 1
9186 4 9187 1 9278 -240 9436 453 9606 618
9187 3 9188 1 9231 157 9846 510
9188 1 9189 1
9189 1 9190 1
9190 2 9191 1 9983 813
9191 3 9192 1 9410 -381 9520 837
9192 2 9193 1 9939 839
9193 2 9194 1 9923 308
9194 3 9195 1 9256 814 9418 -209
9195 4 9196 1 9248 24 9603 630 9914 778
9196 3 9197 1 9435 479 9476 -84
9197 2 9198 1 9405 -198
9198 1 9199 1
9199 3 9200 1 9813 973 9859 696
9200 3 9201 1 9694 -193 9954 682
9201 1 9202 1
9202 2 9203 1 9831 -334
9203 2 9204 1 9433 13
9204 3 9205 1 9591 -45 9716 320
9205 1 9206 1
9206 1 9207 1
9207 3 9208 1 9705 629 9716 833
9208 1 9209 1
9209 2 9210 1 9584 979
9210 2 9211 1 9356 287
9211 1 9212 1
9212 2 9213 1 9605 412
9213 1 9214 1
9214 2 9215 1 9805 437
9215 3 9216 1 9506 507 9865 -317
9216 2 9217 1 9296 -78
9217 1 9218 1
9218 3 9219 1 9645 140 9717 302
9219 2 9220 1 9651 198
9220 3 9221 1 9384 573 9952 345
9221 1 9222 1
9222 2 9223 1 9734 7
9223 4 9224 1 9574 -187 9782 239 9806 602
9224 1 9225 1
9225 3 9226 1 9385 345 9897 974
9226 2 9227 1 9516 908
9227 1 9228 1
9228 3 9229 1 9294 94 9599 776
9229 2 9230 1 9374 -358
9230 1 9231 1
9231 1 9232 1
9232 2 9233 1 9383 -363
9233 1 9234 1
9234 2 9235 1 9711 37
9235 1 9236 1
9236 1 9237 1
9237 2 9238 1 9443 -155
9238 5 9239 1 9296 313 9448 563 9757 662 9813 896
9239 1 9240 1
9240 2 9241 1 9286 297
9241 1 9242 1
9242 1 9243 1
9243 3 9244 1 9606 568 9907 552
9244 2 9245 1 9853 561
9245 3 9246 1 9564 -336 9599 351
9246 2 9247 1 9927 -35
9247 2 9248 1 9959 635
9248 1 9249 1
9249 3 9250 1 9799 759 9961 -115
9250 2 9251 1 9780 119
9251 1 9252 1
9252 1 9253 1
9253 2 9254 1 9860 -196
9254 2 9255 1 9675 397
9255 2 9256 1 9405 792
9256 1 9257 1
9257 1 9258 1
9258 2 9259 1 9892 938
9259 3 9260 1 9668 996 9952 991
9260 2 9261 1 9858 868
9261 1 9262 1
9262 2 9263 1 9936 582
9263 3 9264 1 9878 404 9957 848
9264 1 9265 1
9265 1 9266 1
9266 2 9267 1 9274 594
9267 3 9268 1 9786 -385 9839 731
9268 2 9269 1 9483 486
9269 2 9270 1 9603 873
9270 2 9271 1 9490 324
9271 1 9272 1
9272 2 9273 1 9552 444
9273 3 9274 1 9409 452 9869 336
9274 2 9275 1 9695 445
9275 1 9276 1
9276 1 9277 1
9277 1 9278 1
9278 3 9279 1 9412 559 9691 940
9279 3 9280 1 9582 170 9826 -149
9280 2 9281 1 9900 -78
9281 3 9282 1 9316 -406 9574 205
9282 3 9283 1 9393 59 9637 42
9283 1 9284 1
9284 2 9285 1 9714 -373
9285 3 9286 1 9726 152 9893 692
9286 2 9287 1 9821 120
9287 2 9288 1 9649 624
9288 2 9289 1 9484 205
9289 1 9290 1
9290 2 9291 1 9876 491
9291 1 9292 1
9292 2 9293 1 9822 717
9293 3 9294 1 9554 28 9930 171
9294 2 9295 1 9636 486
9295 2 9296 1 9882 65
9296 1 9297 1
9297 2 9298 1 9890 810
9298 1 9299 1
9299 1 9300 1
9300 2 9301 1 9879 699
9301 2 9302 1 9561 210
9302 2 9303 1 9382 -325
9303 1 9304 1
9304 2 9305 1 9354 213
9305 1 9306 1
9306 1 9307 1
9307 3 9308 1 9557 908 9628 -459
9308 2 9309 1 9963 94
9309 2 9310 1 9720 604
9310 3 9311 1 9866 535 9980 -129
9311 1 9312 1
9312 3 9313 1 9418 303 9858 -188
9313 5 9314 1 9379 465 9694 929 9810 301 9887 -386
9314 1 9315 1
9315 3 9316 1 9573 699 9574 -325
9316 1 9317 1
9317 1 9318 1
9318 3 9319 1 9463 222 9867 114
9319 6 9320 1 9424 281 9534 897 9595 964 9645 61 9836 544
9320 2 9321 1 9809 30
9321 3 9322 1 9482 -490 9846 343
9322 3 9323 1 9425 507 9864 159
9323 4 9324 1 9522 401 9553 -266 9733 641
9324 1 9325 1
9325 1 9326 1
9326 3 9327 1 9496 244 9916 390
9327 3 9328 1 9359 38 9370 609
9328 1 9329 1
9329 2 9330 1 9601 -397
9330 2 9331 1 9866 867
9331 3 9332 1 9460 478 9803 36
9332 3 9333 1 9805 -394 9939 650
9333 1 9334 1
9334 4 9335 1 9349 431 9413 528 9869 311
9335 5 9336 1 9720 373 9915 -244 9964 852 9965 453
9336 1 9337 1
9337 3 9338 1 9345 -285 9562 361
9338 3 9339 1 9605 275 9715 264
9339 1 9340 1
9340 1 9341 1
9341 2 9342 1 9515 486
9342 3 9343 1 9936 366 9947 127
9343 2 9344 1 9643 -62
9344 3 9345 1 9484 242 9978 945
9345 4 9346 1 9631 462 9903 680 9961 35
9346 3 9347 1 9498 915 9981 -275
9347 3 9348 1 9466 810 9619 -395
9348 3 9349 1 9424 332 9972 -140
9349 1 9350 1
9350 2 9351 1 9635 -67
9351 3 9352 1 9691 128 9965 966
9352 1 9353 1
9353 1 9354 1
9354 1 9355 1
9355 2 9356 1 9839 635
9356 2 9357 1 9588 967
9357 1 9358 1
9358 2 9359 1 9764 -102
9359 1 9360 1
9360 1 9361 1
9361 2 9362 1 9617 688
9362 2 9363 1 9748 64
9363 3 9364 1 9838 736 9857 56
9364 2 9365 1 9408 391
9365 5 9366 1 9394 367 9466 891 9567 273 9706 477
9366 1 9367 1
9367 2 9368 1 9792 866
9368 3 9369 1 9379 656 9399 420
9369 2 9370 1 9556 274
9370 2 9371 1 9589 655
9371 2 9372 1 9908 918
9372 3 9373 1 9410 -252 9493 139
9373 2 9374 1 9995 357
9374 1 9375 1
9375 4 9376 1 9524 461 9700 -444 9840 739
9376 1 9377 1
9377 3 9378 1 9727 997 9954 524
9378 1 9379 1
9379 1 9380 1
9380 3 9381 1 9695 140 9751 427
9381 4 9382 1 9496 969 9621 -90 9715 135
9382 2 9383 1 9822 294
9383 4 9384 1 9699 244 9869 595 9882 672
9384 2 9385 1 9691 940
9385 3 9386 1 9505 -143 9787 42
9386 2 9387 1 9498 704
9387 1 9388 1
9388 4 9389 1 9479 -445 9594 -31 9829 214
9389 2 9390 1 9928 21
9390 2 9391 1 9851 -309
9391 1 9392 1
9392 3 9393 1 9661 302 9940 253
9393 1 9394 1
9394 2 9395 1 9673 -21
9395 1 9396 1
9396 2 9397 1 9849 380
9397 2 9398 1 9794 409
9398 2 9399 1 9889 355
9399 1 9400 1
9400 1 9401 1
9401 2 9402 1 9416 290
9402 4 9403 1 9566 696 9782 714 9841 780
9403 2 9404 1 9937 835
9404 2 9405 1 9672 415
9405 3 9406 1 9499 444 9724 774
9406 1 9407 1
9407 1 9408 1
9408 2 9409 1 9942 659
9409 1 9410 1
9410 2 9411 1 9959 708
9411 1 9412 1
9412 2 9413 1 9897 217
9413 4 9414 1 9754 975 9907 130 9958 820
9414 1 9415 1
9415 4 9416 1 9565 313 9785 954 9870 54
9416 3 9417 1 9706 -177 9898 321
9417 1 9418 1
9418 2 9419 1 9995 307
9419 1 9420 1
9420 2 9421 1 9630 685
9421 1 9422 1
9422 1 9423 1
9423 2 9424 1 9473 -463
9424 2 9425 1 9485 608
9425 1 9426 1
9426 2 9427 1 9500 -384
9427 3 9428 1 9525 -470 9846 28
9428 1 9429 1
9429 2 9430 1 9676 742
9430 3 9431 1 9681 -61 9956 504
9431 2 9432 1 9521 663
9432 3 9433 1 9473 452 9892 569
9433 2 9434 1 9563 205
9434 2 9435 1 9812 841
9435 2 9436 1 9755 605
9436 1 9437 1
9437 1 9438 1
9438 2 9439 1 9573 574
9439 1 9440 1
9440 3 9441 1 9809 559 9836 877
9441 3 9442 1 9472 308 9700 -228
9442 2 9443 1 9459 -258
9443 1 9444 1
9444 2 9445 1 9618 -210
9445 1 9446 1
9446 3 9447 1 9551 -132 9674 -166
9447 4 9448 1 9480 -362 9539 220 9588 961
9448 2 9449 1 9471 429
9449 5 9450 1 9472 23 9502 485 9594 937 9727 484
9450 3 9451 1 9717 451 9917 109
9451 2 9452 1 9534 261
9452 3 9453 1 9739 876 9847 668
9453 2 9454 1 9800 763
9454 2 9455 1 9493 202
9455 1 9456 1
9456 1 9457 1
9457 1 9458 1
9458 3 9459 1 9675 321 9754 40
9459 4 9460 1 9601 -253 9776 304 9946 236
9460 1 9461 1
9461 1 9462 1
9462 1 9463 1
9463 1 9464 1
9464 3 9465 1 9484 837 9900 744
9465 2 9466 1 9743 537
9466 1 9467 1
9467 2 9468 1 9513 -206
9468 2 9469 1 9740 497
9469 3 9470 1 9471 644 9572 34
9470 3 9471 1 9511 976 9785 17
9471 1 9472 1
9472 1 9473 1
9473 1 9474 1
9474 3 9475 1 9626 41 9903 236
9475 3 9476 1 9816 955 9869 81
9476 3 9477 1 9683 11 9919 887
9477 1 9478 1
9478 2 9479 1 9600 933
9479 3 9480 1 9822 -401 9989 -288
9480 3 9481 1 9738 365 9994 207
9481 1 9482 1
9482 1 9483 1
9483 1 9484 1
9484 2 9485 1 9983 949
9485 4 9486 1 9532 -428 9546 -145 9786 139
9486 2 9487 1 9509 -34
9487 1 9488 1
9488 3 9489 1 9607 796 9637 631
9489 4 9490 1 9603 965 9718 -59 9821 557
9490 1 9491 1
9491 1 9492 1
9492 2 9493 1 9841 -496
9493 2 9494 1 9759 346
9494 1 9495 1
9495 1 9496 1
9496 3 9497 1 9622 -83 9656 312
9497 3 9498 1 9550 320 9910 762
9498 2 9499 1 9726 -13
9499 2 9500 1 9665 508
9500 2 9501 1 9743 -20
9501 1 9502 1
9502 3 9503 1 9543 283 9623 -9
9503 2 9504 1 9574 552
9504 2 9505 1 9955 613
9505 3 9506 1 9770 285 9884 580
9506 2 9507 1 9965 -361
9507 1 9508 1
9508 3 9509 1 9790 51 9897 467
9509 1 9510 1
9510 3 9511 1 9564 64 9683 612
9511 2 9512 1 9520 844
9512 1 9513 1
9513 3 9514 1 9555 833 9587 135
9514 2 9515 1 9992 275
9515 4 9516 1 9543 -124 9687 744 9838 355
9516 2 9517 1 9802 699
9517 3 9518 1 9827 785 9918 400
9518 4 9519 1 9531 -459 9865 425 9990 639
9519 2 9520 1 9696 877
9520 1 9521 1
9521 1 9522 1
9522 3 9523 1 9590 -325 9775 236
9523 2 9524 1 9661 572
9524 2 9525 1 9812 -407
9525 1 9526 1
9526 2 9527 1 9673 890
9527 2 9528 1 9945 368
9528 2 9529 1 9622 846
9529 2 9530 1 9879 503
9530 1 9531 1
9531 1 9532 1
9532 1 9533 1
9533 1 9534 1
9534 1 9535 1
9535 3 9536 1 9629 988 9674 411
9536 2 9537 1 9805 494
9537 1 9538 1
9538 2 9539 1 9645 613
9539 1 9540 1
9540 4 9541 1 9553 662 9745 265 9919 513
9541 2 9542 1 9564 953
9542 3 9543 1 9926 499 9978 -396
9543 1 9544 1
9544 3 9545 1 9584 879 9635 808
9545 2 9546 1 9599 227
9546 3 9547 1 9554 221 9597 777
9547 3 9548 1 9673 532 9915 -22
9548 3 9549 1 9601 757 9616 -377
9549 1 9550 1
9550 2 9551 1 9813 711
9551 2 9552 1 9969 -131
9552 2 9553 1 9953 -408
9553 1 9554 1
9554 5 9555 1 9572 630 9658 44 9964 638 9984 489
9555 2 9556 1 9645 127
9556 2 9557 1 9643 -20
9557 3 9558 1 9812 929 9960 -388
9558 2 9559 1 9563 385
9559 2 9560 1 9708 76
9560 2 9561 1 9900 -178
9561 3 9562 1 9565 288 9599 619
9562 4 9563 1 9569 549 9913 85 9931 -39
9563 1 9564 1
9564 2 9565 1 9896 17
9565 1 9566 1
9566 1 9567 1
9567 1 9568 1
9568 3 9569 1 9888 417 9907 629
9569 3 9570 1 9665 525 9822 456
9570 2 9571 1 9965 496
9571 2 9572 1 9737 504
9572 4 9573 1 9716 940 9801 -477 9909 54
9573 1 9574 1
9574 1 9575 1
9575 2 9576 1 9751 119
9576 2 9577 1 9691 822
9577 1 9578 1
9578 1 9579 1
9579 1 9580 1
9580 2 9581 1 9730 969
9581 1 9582 1
9582 3 9583 1 9752 79 9996 432
9583 2 9584 1 9627 -445
9584 2 9585 1 9657 842
9585 2 9586 1 9620 -244
9586 3 9587 1 9776 -66 9843 859
9587 2 9588 1 9821 -75
9588 3 9589 1 9656 433 9855 -176
9589 1 9590 1
9590 1 9591 1
9591 1 9592 1
9592 1 9593 1
9593 1 9594 1
9594 3 9595 1 9755 380 9974 499
9595 2 9596 1 9820 -68
9596 1 9597 1
9597 3 9598 1 9748 593 9923 -382
9598 1 9599 1
9599 1 9600 1
9600 1 9601 1
9601 2 9602 1 9618 433
9602 2 9603 1 9762 813
9603 3 9604 1 9714 663 9923 129
9604 1 9605 1
9605 2 9606 1 9981 330
9606 3 9607 1 9673 758 9825 -116
9607 5 9608 1 9612 534 9885 91 9975 -371 9983 -422
9608 3 9609 1 9837 68 9841 56
9609 2 9610 1 9765 -399
9610 3 9611 1 9829 429 9976 949
9611 2 9612 1 9653 241
9612 2 9613 1 9808 88
9613 1 9614 1
9614 2 9615 1 9638 860
9615 1 9616 1
9616 3 9617 1 9712 754 9789 92
9617 2 9618 1 9985 236
9618 3 9619 1 9882 374 9979 926
9619 2 9620 1 9863 361
9620 2 9621 1 9883 313
9621 3 9622 1 9731 743 9760 -216
9622 3 9623 1 9671 317 9833 15
9623 1 9624 1
9624 2 9625 1 9908 570
9625 2 9626 1 9792 170
9626 4 9627 1 9638 609 9787 500 9987 886
9627 2 9628 1 9988 744
9628 1 9629 1
9629 2 9630 1 9803 -172
9630 1 9631 1
9631 1 9632 1
9632 1 9633 1
9633 1 9634 1
9634 3 9635 1 9725 330 9780 531
9635 2 9636 1 9982 5
9636 2 9637 1 9849 177
9637 4 9638 1 9671 -143 9679 819 9869 840
9638 4 9639 1 9650 417 9705 387 9816 -261
9639 2 9640 1 9941 830
9640 1 9641 1
9641 3 9642 1 9753 405 9808 425
9642 2 9643 1 9959 -182
9643 3 9644 1 9702 789 9798 949
9644 2 9645 1 9951 737
9645 2 9646 1 9968 61
9646 1 9647 1
9647 1 9648 1
9648 4 9649 1 9668 -62 9678 958 9924 105
9649 1 9650 1
9650 1 9651 1
9651 2 9652 1 9810 822
9652 1 9653 1
9653 2 9654 1 9725 -152
9654 2 9655 1 9967 624
9655 1 9656 1
9656 1 9657 1
9657 3 9658 1 9762 248 9855 230
9658 2 9659 1 9766 26
9659 2 9660 1 9704 -401
9660 3 9661 1 9740 -143 9981 536
9661 2 9662 1 9822 454
9662 5 9663 1 9682 -436 9695 962 9750 6 9974 9
9663 1 9664 1
9664 1 9665 1
9665 2 9666 1 9974 979
9666 3 9667 1 9753 950 9972 175
9667 2 9668 1 9940 785
9668 1 9669 1
9669 1 9670 1
9670 1 9671 1
9671 2 9672 1 9737 692
9672 2 9673 1 9927 -241
9673 1 9674 1
9674 2 9675 1 9945 470
9675 7 9676 1 9735 350 9775 708 9797 -393 9893 729 9920 491 9982 727
9676 2 9677 1 9819 168
9677 2 9678 1 9862 487
9678 1 9679 1
9679 3 9680 1 9730 19 9902 976
9680 5 9681 1 9716 215 9735 792 9767 -47 9904 249
9681 2 9682 1 9997 572
9682 2 9683 1 9754 337
9683 1 9684 1
9684 1 9685 1
9685 4 9686 1 9712 472 9755 777 9773 764
9686 2 9687 1 9729 -368
9687 1 9688 1
9688 5 9689 1 9896 947 9918 839 9977 719 9998 793
9689 1 9690 1
9690 4 9691 1 9806 -185 9809 141 9907 -437
9691 3 9692 1 9772 -166 9881 512
9692 2 9693 1 9954 771
9693 3 9694 1 9708 15 9793 -447
9694 1 9695 1
9695 2 9696 1 9881 -7
9696 2 9697 1 9965 291
9697 2 9698 1 9931 -378
9698 2 9699 1 9879 56
9699 2 9700 1 9804 733
9700 1 9701 1
9701 2 9702 1 9854 733
9702 4 9703 1 9765 934 9771 -405 9775 37
9703 2 9704 1 9820 260
9704 2 9705 1 9895 668
9705 1 9706 1
9706 2 9707 1 9787 885
9707 1 9708 1
9708 1 9709 1
9709 3 9710 1 9813 915 9878 549
9710 2 9711 1 9956 84
9711 1 9712 1
9712 1 9713 1
9713 1 9714 1
9714 2 9715 1 9743 265
9715 2 9716 1 9849 335
9716 1 9717 1
9717 1 9718 1
9718 3 9719 1 9751 266 9963 121
9719 2 9720 1 9978 936
9720 3 9721 1 9800 994 9984 876
9721 3 9722 1 9752 -150 9840 569
9722 1 9723 1
9723 2 9724 1 9900 892
9724 3 9725 1 9750 17 9831 138
9725 1 9726 1
9726 3 9727 1 9974 -395 9997 90
9727 1 9728 1
9728 3 9729 1 9796 223 9999 301
9729 1 9730 1
9730 3 9731 1 9841 747 9844 520
9731 1 9732 1
9732 1 9733 1
9733 2 9734 1 9803 -498
9734 4 9735 1 9772 325 9886 795 9932 872
9735 2 9736 1 9878 -43
9736 1 9737 1
9737 1 9738 1
9738 2 9739 1 9992 72
9739 1 9740 1
9740 5 9741 1 9823 907 9848 205 9874 -139 9878 779
9741 4 9742 1 9864 703 9901 347 9992 455
9742 3 9743 1 9893 966 9998 -310
9743 1 9744 1
9744 2 9745 1 9943 485
9745 2 9746 1 9977 686
9746 2 9747 1 9802 286
9747 1 9748 1
9748 3 9749 1 9870 -391 9992 739
9749 3 9750 1 9922 173 9939 -332
9750 2 9751 1 9820 337
9751 1 9752 1
9752 1 9753 1
9753 2 9754 1 9920 -214
9754 2 9755 1 9907 372
9755 1 9756 1
9756 2 9757 1 9792 -346
9757 1 9758 1
9758 2 9759 1 9865 447
9759 2 9760 1 9792 842
9760 2 9761 1 9968 714
9761 3 9762 1 9903 990 9924 609
9762 2 9763 1 9830 -256
9763 1 9764 1
9764 3 9765 1 9829 130 9901 -367
9765 2 9766 1 9801 341
9766 2 9767 1 9857 -287
9767 1 9768 1
9768 2 9769 1 9800 162
9769 2 9770 1 9876 858
9770 1 9771 1
9771 2 9772 1 9823 233
9772 1 9773 1
9773 2 9774 1 9913 158
9774 1 9775 1
9775 2 9776 1 9906 690
9776 2 9777 1 9844 342
9777 1 9778 1
9778 3 9779 1 9837 542 9943 -70
9779 1 9780 1
9780 2 9781 1 9786 600
9781 3 9782 1 9799 458 9981 -342
9782 2 9783 1 9933 930
9783 2 9784 1 9786 -216
9784 3 9785 1 9827 694 9860 279
9785 1 9786 1
9786 3 9787 1 9927 105 9936 699
9787 1 9788 1
9788 1 9789 1
9789 1 9790 1
9790 2 9791 1 9885 976
9791 1 9792 1
9792 4 9793 1 9927 743 9974 940 9981 22
9793 1 9794 1
9794 2 9795 1 9996 857
9795 1 9796 1
9796 3 9797 1 9865 101 9985 404
9797 2 9798 1 9990 22
9798 1 9799 1
9799 1 9800 1
9800 3 9801 1 9816 367 9994 505
9801 2 9802 1 9870 860
9802 2 9803 1 9814 500
9803 2 9804 1 9927 150
9804 2 9805 1 9846 -489
9805 1 9806 1
9806 3 9807 1 9844 85 9865 -486
9807 2 9808 1 9993 308
9808 3 9809 1 9941 -454 9991 634
9809 2 9810 1 9852 323
9810 3 9811 1 9865 666 9944 677
9811 2 9812 1 9909 827
9812 1 9813 1
9813 2 9814 1 9932 298
9814 2 9815 1 9826 364
9815 1 9816 1
9816 1 9817 1
9817 3 9818 1 9837 565 9880 515
9818 2 9819 1 9908 652
9819 1 9820 1
9820 2 9821 1 9924 157
9821 2 9822 1 9900 300
9822 2 9823 1 9885 18
9823 1 9824 1
9824 2 9825 1 9963 21
9825 2 9826 1 9871 -466
9826 1 9827 1
9827 3 9828 1 9888 804 9909 13
9828 1 9829 1
9829 1 9830 1
9830 3 9831 1 9862 532 9949 296
9831 2 9832 1 9939 126
9832 2 9833 1 9926 226
9833 3 9834 1 9871 205 9954 -465
9834 2 9835 1 9839 787
9835 2 9836 1 9863 6
9836 1 9837 1
9837 2 9838 1 9994 960
9838 2 9839 1 9896 660
9839 1 9840 1
9840 2 9841 1 9870 501
9841 1 9842 1
9842 2 9843 1 9961 176
9843 1 9844 1
9844 1 9845 1
9845 1 9846 1
9846 2 9847 1 9933 696
9847 1 9848 1
9848 1 9849 1
9849 2 9850 1 9987 159
9850 2 9851 1 9891 131
9851 2 9852 1 9907 518
9852 2 9853 1 9909 -103
9853 2 9854 1 9904 608
9854 2 9855 1 9910 196
9855 2 9856 1 9971 775
9856 2 9857 1 9946 -485
9857 1 9858 1
9858 3 9859 1 9919 425 9974 314
9859 3 9860 1 9909 801 9912 464
9860 4 9861 1 9907 63 9935 130 9971 15
9861 1 9862 1
9862 2 9863 1 9960 753
9863 1 9864 1
9864 2 9865 1 9915 99
9865 1 9866 1
9866 5 9867 1 9876 884 9887 120 9952 -360 9984 476
9867 2 9868 1 9959 864
9868 1 9869 1
9869 4 9870 1 9921 692 9970 371 9988 -478
9870 2 9871 1 9960 867
9871 1 9872 1
9872 1 9873 1
9873 2 9874 1 9881 825
9874 1 9875 1
9875 2 9876 1 9918 872
9876 1 9877 1
9877 1 9878 1
9878 3 9879 1 9918 -317 9952 54
9879 2 9880 1 9946 927
9880 2 9881 1 9904 833
9881 5 9882 1 9889 198 9911 753 9914 18 9947 788
9882 2 9883 1 9886 236
9883 3 9884 1 9931 631 9994 381
9884 1 9885 1
9885 2 9886 1 9907 658
9886 1 9887 1
9887 1 9888 1
9888 3 9889 1 9930 -198 9945 871
9889 3 9890 1 9905 943 9939 125
9890 2 9891 1 9975 663
9891 3 9892 1 9941 498 9972 666
9892 2 9893 1 9948 776
9893 4 9894 1 9899 719 9904 344 9943 459
9894 2 9895 1 9940 881
9895 1 9896 1
9896 1 9897 1
9897 5 9898 1 9915 461 9917 781 9934 758 9938 953
9898 2 9899 1 9975 379
9899 1 9900 1
9900 2 9901 1 9928 930
9901 2 9902 1 9913 -492
9902 1 9903 1
9903 3 9904 1 9912 914 9985 820
9904 2 9905 1 9942 562
9905 1 9906 1
9906 1 9907 1
9907 2 9908 1 9944 764
9908 2 9909 1 9932 621
9909 1 9910 1
9910 2 9911 1 9992 491
9911 2 9912 1 9957 482
9912 3 9913 1 9915 -192 9947 191
9913 1 9914 1
9914 1 9915 1
9915 3 9916 1 9930 133 9948 750
9916 3 9917 1 9930 827 9995 16
9917 3 9918 1 9939 431 9973 700
9918 5 9919 1 9937 377 9956 -171 9981 694 9990 186
9919 3 9920 1 9941 -323 9985 237
9920 3 9921 1 9968 585 9988 306
9921 1 9922 1
9922 4 9923 1 9963 99 9973 881 9996 966
9923 1 9924 1
9924 4 9925 1 9965 693 9967 278 9991 843
9925 2 9926 1 9932 -447
9926 2 9927 1 9966 172
9927 4 9928 1 9935 278 9955 331 9988 6
9928 3 9929 1 9966 -68 9998 219
9929 2 9930 1 9993 727
9930 2 9931 1 9947 122
9931 2 9932 1 9953 999
9932 3 9933 1 9958 449 9979 -50
9933 2 9934 1 9954 11
9934 2 9935 1 9961 952
9935 1 9936 1
9936 2 9937 1 9966 15
9937 2 9938 1 9995 323
9938 1 9939 1
9939 1 9940 1
9940 2 9941 1 9963 329
9941 1 9942 1
9942 1 9943 1
9943 3 9944 1 9958 984 9986 378
9944 2 9945 1 9953 258
9945 1 9946 1
9946 2 9947 1 9981 -133
9947 2 9948 1 9966 603
9948 3 9949 1 9972 -326 9977 139
9949 1 9950 1
9950 3 9951 1 9966 494 9976 -440
9951 2 9952 1 9965 155
9952 3 9953 1 9972 608 9996 509
9953 2 9954 1 9964 -203
9954 1 9955 1
9955 3 9956 1 9975 -137 9985 352
9956 2 9957 1 9978 536
9957 1 9958 1
9958 2 9959 1 9985 88
9959 1 9960 1
9960 2 9961 1 9995 980
9961 2 9962 1 9992 -324
9962 1 9963 1
9963 2 9964 1 9982 266
9964 1 9965 1
9965 5 9966 1 9973 5 9985 -454 9990 280 9997 -184
9966 4 9967 1 9972 15 9981 935 9986 120
9967 2 9968 1 9973 -182
9968 2 9969 1 9976 -470
9969 2 9970 1 9973 320
9970 4 9971 1 9990 425 9991 681 9992 891
9971 2 9972 1 9974 677
9972 2 9973 1 9995 615
9973 1 9974 1
9974 2 9975 1 9993 843
9975 3 9976 -380 9982 888 9983 -132
9976 2 9977 1 9994 996
9977 4 9978 1 9980 37 9986 -39 9990 953
9978 3 9979 1 9982 478 9998 667
9979 2 9980 1 9988 225
9980 1 9981 1
9981 1 9982 1
9982 2 9983 1 9984 -277
9983 1 9984 1
9984 1 9985 1
9985 2 9986 1 9998 -421
9986 2 9987 1 9989 780
9987 4 9988 1 9990 552 9994 761 9999 -140
9988 2 9989 1 9997 688
9989 2 9990 1 9994 363
9990 2 9991 1 9995 -430
9991 2 9992 1 9997 341
9992 1 9993 1
9993 2 9994 1 9996 -107
9994 2 9995 1 9999 715
9995 1 9996 1
9996 1 9997 1
9997 1 9998 1
9998 1 9999 -300
9999 0
SOURCE 0
