10000 25000
0 14 8641 993 3870 -940 1873 182 466 589 134 -679 67 807 48 442 44 0 21 -377 17 859 14 740 9 -553 3 134 1 568
1 13 3958 539 1037 177 4704 848 2204 68 1705 180 1261 522 908 20 43 249 18 547 5 -406 4 -528 2 557 0 568
2 12 9799 -1 1034 376 963 552 596 382 338 946 318 -646 213 0 139 -150 42 651 36 379 31 946 1 557
3 14 2890 -522 5047 45 7939 854 6268 585 4769 555 1726 710 490 203 278 544 59 795 57 36 46 987 33 -953 6 972 0 134
4 7 9579 834 3115 880 2005 -849 1520 495 254 -939 7 404 1 -528
5 10 5161 0 4058 125 2052 -852 4395 239 4324 4 145 444 64 -240 29 662 16 454 1 -406
6 6 5044 576 541 958 51 -653 39 405 8 -153 3 972
7 11 183 699 5853 375 1304 -81 685 -199 463 0 108 191 84 186 68 477 30 0 26 0 4 404
8 16 2905 52 9292 496 8373 677 6049 -614 1464 844 739 935 565 549 327 190 193 509 150 160 28 589 23 939 20 358 11 -920 10 14 6 -153
9 9 2590 -887 1429 856 5031 -156 3173 297 381 676 235 881 77 -382 13 -380 0 -553
10 7 220 761 144 328 105 642 97 -477 65 689 15 73 8 14
11 5 4005 532 2936 513 143 994 12 -753 8 -920
12 7 3177 821 1635 -613 1536 -696 1039 243 1016 101 102 689 11 -753
13 8 9840 164 4910 482 2291 119 1365 108 177 -840 52 -867 34 150 9 -380
14 6 6280 557 1881 0 969 541 24 181 19 -261 0 740
15 11 4390 688 2825 102 4520 805 587 -341 561 647 434 106 211 246 159 92 119 -271 92 0 10 73
16 5 3810 381 1204 150 172 873 27 553 5 454
17 12 217 682 1937 731 5853 322 8032 86 2895 481 1802 746 208 592 168 716 167 259 71 367 25 317 0 859
18 11 7416 847 5460 -106 5209 202 2697 385 1857 533 1373 -520 545 399 375 230 41 124 22 528 1 547
19 7 1612 572 2667 241 1866 -905 1654 901 1054 583 55 -153 14 -261
20 9 8411 906 5243 -20 6608 680 5847 566 532 861 303 782 175 810 99 912 8 358
21 13 609 925 33 188 7932 -784 8493 616 6081 232 3684 962 2983 -306 940 508 273 0 191 220 101 0 63 159 0 -377
22 10 9743 944 5455 156 4282 506 3094 127 1454 266 506 439 123 860 90 -951 66 57 18 528
23 10 9362 938 7092 2 6335 436 2569 160 1213 298 1028 -413 930 182 588 895 60 -362 8 939
24 6 7698 875 5847 414 8839 187 875 -149 146 -189 14 181
25 8 7828 -359 7408 -575 5690 688 4315 3 4291 31 2289 329 171 493 17 317
26 7 6512 190 6274 738 2317 40 766 61 364 -708 32 -441 7 0
27 7 8363 831 1411 55 319 81 110 -486 38 791 37 -755 16 553
28 10 8915 403 8901 805 7793 -386 7333 879 2376 19 2093 952 751 539 136 969 86 594 8 589
29 10 526 -970 7355 -156 9114 476 4834 582 4812 139 3589 715 912 57 356 503 82 340 5 662
30 10 4517 812 6694 374 2100 871 262 -598 87 738 76 700 72 275 40 70 35 471 7 0
31 14 9995 258 5215 894 4322 159 2352 -670 2441 78 2292 335 1893 678 1831 -718 1516 0 1116 -827 797 485 253 781 149 -859 2 946
32 9 482 -753 3285 -84 1280 906 620 826 404 652 98 975 89 60 70 201 26 -441
33 7 21 188 8754 202 1147 0 961 -483 804 401 218 809 3 -953
34 7 6344 504 8653 432 6820 612 745 474 62 672 61 804 13 150
35 10 5163 0 424 466 6791 104 4899 740 1773 -46 1447 69 95 483 83 929 53 706 30 471
36 6 8830 99 8735 -525 8021 292 4345 -509 112 509 2 379
37 6 2007 744 2525 -657 4646 670 54 -996 50 -58 27 -755
38 9 2961 883 4534 -639 4126 893 1661 567 888 227 688 906 367 -13 186 84 27 791
39 6 9112 98 3708 -971 2044 0 483 26 162 711 6 405
40 10 9039 479 3489 758 9150 517 8962 894 580 296 435 -929 305 289 142 769 49 138 30 70
41 10 6863 722 4755 -19 5338 966 6284 320 3137 564 5226 33 637 416 385 -250 291 364 18 124
42 9 9119 232 2615 622 2528 -279 1759 830 85 640 79 608 47 43 45 0 2 651
43 10 4934 420 8819 507 5245 17 1056 64 845 480 581 340 250 978 120 718 114 -184 1 249
44 5 3128 404 1483 -811 613 -498 340 213 0 0
45 11 7427 629 4012 -148 4138 357 2342 834 1347 77 866 682 832 0 460 893 413 612 214 0 42 0
46 6 3454 41 2444 542 1513 127 188 -755 111 -816 3 987
47 5 6899 -863 6835 731 482 774 388 743 42 43
48 10 8800 -904 4716 -530 6798 199 987 735 665 690 275 337 224 666 141 -38 56 0 0 442
49 4 4276 0 1291 105 212 -969 40 138
50 10 8062 875 7169 902 9320 993 4168 -71 1805 699 534 -24 512 -644 93 -15 58 61 37 -58
51 9 7974 332 6494 -196 4682 262 1760 555 343 -363 266 858 185 -844 163 631 6 -653
52 12 6478 655 7257 280 6089 466 5228 107 4800 618 2972 76 2686 -315 559 -566 157 989 133 22 129 0 13 -867
53 9 9652 41 6995 622 3643 405 8342 380 5423 767 3430 -354 73 -555 69 932 35 706
54 12 3454 762 9733 -736 723 0 2408 659 7553 623 3398 71 710 499 592 124 474 404 132 698 104 708 37 -996
55 11 3213 741 5594 -727 9411 0 8791 205 4244 900 2837 354 761 121 240 749 197 -557 121 428 19 -153
56 6 3384 782 7089 802 537 84 190 -533 75 290 48 0
57 9 3926 241 5613 0 3328 -304 966 -604 339 814 215 -967 117 389 91 282 3 36
58 7 9187 758 4445 823 1874 93 1570 601 956 915 221 763 50 61
59 10 6160 -941 5275 426 3478 834 1466 898 1295 436 622 129 504 140 264 200 153 539 3 795
60 5 4455 680 1561 208 1509 -695 360 7 23 -362
61 12 4869 255 9930 998 8756 263 8679 800 6452 -596 2954 -855 1189 -478 604 658 442 272 436 197 426 -730 34 804
62 9 9180 717 7760 -22 5804 799 1285 -123 817 799 336 436 245 194 96 -548 34 672
63 9 6655 60 461 0 1513 854 1556 838 1448 496 1110 152 702 -618 246 -112 21 159
64 9 806 492 5299 992 1871 557 661 580 407 -302 370 219 135 128 81 357 5 -240
65 12 2679 900 2625 466 589 709 5655 0 9492 185 7689 -52 5449 -797 4529 -845 477 -667 130 42 78 100 10 689
66 6 9152 360 5892 804 1328 490 1167 489 204 674 22 57
67 11 9628 496 4567 878 7638 999 9103 584 7516 445 4467 704 2619 827 772 -435 678 156 236 53 0 807
68 4 4417 451 4370 280 261 956 7 477
69 5 1869 -246 461 6 391 342 346 984 53 932
70 9 146 574 7972 939 8686 892 3812 20 1659 139 648 505 629 350 115 470 32 201
71 8 4934 -682 2965 596 432 -872 308 -725 181 -858 122 317 94 131 17 367
72 4 1923 -915 5032 -780 380 786 30 275
73 11 1609 28 9574 -27 5655 -358 3946 319 1098 679 757 -904 535 89 325 379 255 -384 74 563 53 -555
74 9 6455 -143 6722 435 6223 -862 2194 654 347 0 265 -328 160 42 103 907 73 563
75 5 1458 334 1335 -677 775 -911 271 90 56 290
76 10 7237 317 7461 840 3351 410 2399 992 2015 279 1219 -51 358 -977 138 -704 100 623 30 700
77 12 6701 394 6801 862 6651 427 3528 325 1749 807 1341 963 1227 449 1185 -15 618 133 219 69 88 734 9 -382
78 9 2356 -588 1631 142 5200 207 4279 610 1036 249 315 350 230 331 127 13 65 100
79 5 9337 811 2534 114 242 -942 80 417 42 608
80 6 7232 226 6149 0 3867 343 164 0 106 -482 79 417
81 6 874 467 8971 634 569 454 366 899 334 91 64 357
82 10 3279 221 2692 742 5917 218 4008 109 2735 943 723 370 717 994 227 747 210 845 29 340
83 5 9367 -282 4903 0 1145 0 943 894 35 929
84 6 2126 -952 3593 -102 1620 -282 746 -978 137 -690 7 186
85 7 2024 -171 3368 955 682 27 526 929 184 -980 154 0 42 640
86 9 5327 -547 2198 269 1204 -562 9981 542 8298 635 2224 0 1049 595 1029 235 28 594
87 9 896 82 2043 74 5059 0 6486 -345 5307 -337 3483 -435 131 -223 113 83 30 738
88 11 396 -33 4815 723 5116 -121 1545 83 829 -870 628 -972 502 181 290 -652 152 722 140 -565 77 734
89 9 5076 435 2009 220 4941 134 7584 232 3461 321 468 912 248 894 109 -928 32 60
90 8 123 529 1943 -400 9366 -581 477 -892 9547 31 3383 -833 558 833 22 -951
91 8 1505 689 9548 -939 6868 494 1625 411 1003 90 418 -146 125 390 57 282
92 7 3743 684 9708 589 8885 -796 2711 903 594 -434 400 177 15 0
93 5 6718 657 3804 179 2465 227 165 197 50 -15
94 9 3003 998 8186 458 2849 -954 2580 915 2259 0 2245 -825 237 -269 225 812 71 131
95 5 5798 -529 5644 660 3625 561 1209 86 35 483
96 6 5742 -581 2668 -405 312 522 158 204 107 144 62 -548
97 5 4192 -885 9135 93 9756 828 4093 822 10 -477
98 3 1761 89 2552 529 32 975
99 9 403 301 7340 504 1827 -898 934 530 720 348 392 0 390 878 329 680 20 912
100 7 3154 259 2599 778 1920 369 573 259 316 353 182 -646 76 623
101 5 9087 956 2871 515 525 -458 128 74 21 0
102 10 6315 204 9766 90 1325 178 981 1 712 -255 612 -830 528 -32 371 451 124 727 12 689
103 5 4867 869 7177 539 2278 -646 1404 117 74 907
104 7 6446 276 5683 242 4068 -872 1331 765 263 240 226 851 54 708
105 6 9664 88 5782 0 801 6 217 319 169 -2 10 642
106 9 5805 930 4247 44 4221 0 2587 361 2427 222 173 203 148 562 116 778 80 -482
107 3 1253 -979 674 677 96 144
108 7 4450 330 3349 589 350 277 282 772 176 836 170 252 7 191
109 8 2434 96 3996 450 3021 -379 970 951 694 -213 677 376 293 -853 89 -928
110 4 3188 -115 1899 924 942 -848 27 -486
111 6 4370 210 3490 7 1366 230 918 -681 280 -497 46 -816
112 6 2579 177 1164 517 794 -443 501 423 202 402 36 509
113 9 5544 0 1648 537 9232 -986 5390 919 4908 165 3270 915 1653 557 300 -936 87 83
114 5 8897 -972 1960 505 332 621 179 696 43 -184
115 8 8428 219 7022 449 6354 -42 1803 -866 557 -575 147 0 118 57 70 470
116 4 5726 634 3898 478 922 871 106 778
117 12 3608 -14 3219 -386 7971 180 7346 856 6293 -112 4962 617 4493 -483 4269 485 3363 889 1239 280 609 24 57 389
118 7 1471 924 572 390 499 -303 419 95 351 827 302 179 115 57
119 5 2477 288 6661 589 1243 895 209 815 15 -271
120 6 2194 53 7315 380 1297 105 655 931 205 431 43 718
121 4 4324 474 4070 731 201 444 55 428
122 7 5876 279 3241 -728 1906 35 1434 626 750 0 166 629 71 317
123 7 90 529 9151 116 1579 818 680 55 183 980 126 713 22 860
124 10 1345 -801 2912 252 5107 797 6335 204 160 674 2575 333 1072 468 544 -566 297 805 102 727
125 10 3705 949 7849 819 2009 -947 4368 906 1856 981 1508 574 519 948 515 379 256 870 91 390
126 8 4703 896 3440 994 1606 463 955 -254 923 -38 448 752 251 400 123 713
127 7 5786 592 8968 288 7046 -602 1136 197 1094 106 638 -957 78 13
128 4 2977 534 2082 -611 1023 781 101 74
129 4 9509 383 1433 -604 438 935 52 0
130 6 2347 507 1175 126 872 -708 314 -364 247 -24 65 42
131 6 5011 246 6842 -264 3075 -43 1388 786 216 764 87 -223
132 9 3472 860 6602 264 230 687 9336 568 3635 -121 600 884 294 570 260 780 54 698
133 6 235 -281 4670 237 1860 850 583 96 187 238 52 22
134 8 8999 822 9632 468 2362 603 5806 772 2881 865 365 80 353 55 0 -679
135 6 5189 -631 3640 60 2380 634 1174 316 820 83 64 128
136 7 1605 648 7243 211 2058 -271 536 314 272 -682 196 -425 28 969
137 9 9015 122 3743 566 2834 -652 1064 700 938 0 462 284 382 -439 161 -762 84 -690
138 9 9427 311 4435 168 9092 182 3918 -426 2432 267 2172 231 1933 227 1131 -95 76 -704
139 6 747 176 6831 926 1793 189 342 -954 151 -719 2 -150
140 13 7164 607 2087 571 1467 -15 1900 383 2212 546 759 -221 691 666 679 359 514 -329 458 789 437 513 206 778 88 -565
141 6 518 640 1734 -811 464 227 320 -664 231 841 48 -38
142 3 5179 0 306 267 40 769
143 7 1529 -804 5074 655 1535 -769 309 829 192 165 156 206 11 994
144 7 9950 -902 3894 430 2964 336 787 -489 492 106 174 155 10 328
145 6 6712 570 2417 626 2060 558 603 940 238 -736 5 444
146 8 70 574 8892 463 5917 35 9039 -988 785 -621 249 -875 178 833 24 -189
147 8 4766 362 4874 403 1590 279 1465 128 1177 12 865 -703 414 512 115 0
148 3 3140 597 1582 919 106 562
149 4 4076 737 656 -933 155 168 31 -859
150 6 1974 11 686 343 289 833 279 531 222 -104 8 160
151 6 6473 907 3930 20 7161 -30 1409 -609 257 125 139 -719
152 8 730 -800 7118 319 8071 -949 8831 172 764 0 721 -298 203 438 88 722
153 2 5592 -332 59 539
154 10 2556 998 4371 0 6563 932 5097 361 4184 -150 1615 854 1052 -585 977 -350 602 866 85 0
155 4 2662 453 296 178 270 553 149 168
156 7 2685 606 5984 876 3783 160 1849 0 200 546 189 472 143 206
157 3 8207 291 5099 -361 52 989
158 8 1060 130 175 325 7443 309 6329 539 1879 200 812 169 277 632 96 204
159 9 6375 106 9051 338 1178 -544 869 395 724 -272 553 -556 368 163 301 5 15 92
160 5 4999 -142 124 674 6168 879 595 877 74 42
161 3 4801 990 3694 777 137 -762
162 7 3065 178 4726 797 4725 332 3350 523 1534 894 708 -401 39 711
163 7 7122 0 2640 14 2253 29 377 -964 232 740 194 77 51 631
164 6 1096 -122 2726 221 590 -632 586 13 180 431 80 0
165 7 5979 7 205 441 2248 -932 2042 503 465 927 433 -988 93 197
166 8 6431 914 7415 -716 7889 581 3972 477 3166 609 2348 257 349 518 122 629
167 3 1909 781 1903 1 17 259
168 8 6220 -915 5008 244 2704 310 1021 276 443 -541 335 -43 304 921 17 716
169 3 2392 818 5625 -446 105 -2
170 7 7765 29 3531 -909 2695 195 2660 -801 2098 -329 730 768 108 252
171 4 5922 476 6003 674 909 975 25 493
172 3 8534 98 8495 119 16 873
173 11 524 522 9499 366 5266 611 5019 75 2078 -781 1901 -523 1517 234 330 477 285 -370 234 241 106 203
174 5 3963 909 1169 137 494 248 406 575 144 155
175 10 7626 -43 158 325 7843 258 1988 -23 1011 0 1006 539 825 -693 582 -123 440 291 20 810
176 6 7400 796 1518 926 826 -550 383 -950 283 585 108 836
177 5 8961 -306 4183 211 451 -447 386 796 13 -840
178 5 8806 -543 8029 555 6600 820 2318 908 146 833
179 7 1057 978 5731 188 5071 721 3866 119 384 -631 195 333 114 696
180 5 8085 76 5168 0 1440 666 493 894 164 431
181 5 4132 -655 2925 -271 556 583 321 -592 71 -858
182 7 6263 998 9591 442 4279 328 6653 -147 3119 81 469 -221 100 -646
183 11 7 699 2763 858 5663 853 1951 313 5137 -28 1558 268 1348 20 1316 263 623 951 244 -342 123 980
184 10 2404 184 9673 647 9619 890 3802 569 1310 24 1267 235 704 389 476 411 322 553 85 -980
185 7 460 229 9965 399 4029 228 3550 -566 2694 -329 1149 989 51 -844
186 7 9071 643 3964 705 2890 -994 971 -48 299 78 268 635 38 84
187 5 2400 541 3385 61 571 124 475 -873 133 238
188 11 4519 91 5393 418 8765 333 4880 -229 2495 19 1068 398 1055 809 1041 756 722 352 516 621 46 -755
189 4 8806 -498 6286 286 5611 -817 156 472
190 1 56 -533
191 6 5079 -491 1065 877 585 -461 546 340 363 -880 21 220
192 6 5875 39 2552 -769 2230 -73 839 -507 223 -787 143 165
193 7 8682 199 5219 329 2387 -121 416 -96 274 139 199 -489 8 509
194 6 7309 448 4526 912 4589 736 3432 208 3151 283 163 77
195 3 6238 95 239 942 179 333
196 6 3567 -797 2144 677 2661 902 1296 -276 198 619 136 -425
197 2 4435 635 55 -557
198 12 660 865 5205 0 9696 0 6821 880 8699 -473 4584 424 1769 28 1461 117 953 305 402 -219 341 0 196 619
199 5 9506 716 3305 -924 1442 146 619 -763 193 -489
200 9 4200 745 6931 -1000 3810 179 7166 152 3112 473 2468 -373 2425 596 2221 294 156 546
201 7 6596 823 8721 -780 3935 0 576 802 378 20 207 80 121 444
202 12 6417 106 4675 360 8872 -781 6886 -850 6719 438 3197 441 996 237 513 -125 472 793 457 -993 447 903 112 402
203 4 7113 183 2149 147 666 19 152 438
204 6 6109 -405 5138 -717 2000 0 714 -422 328 586 66 674
205 8 4287 136 165 441 8948 926 3422 289 2026 935 1815 150 770 831 120 431
206 7 3118 204 5866 -380 2819 786 7746 -117 1824 -207 481 0 140 778
207 8 5996 485 5697 690 3335 -364 2502 -359 324 -472 287 456 258 -940 201 80
208 9 6658 137 7738 889 2438 259 5598 -29 3269 -853 894 693 861 183 658 807 17 592
209 8 9012 846 2555 602 1841 741 1286 757 640 648 560 230 241 -147 119 815
210 6 9743 580 3683 920 2910 214 1380 97 423 154 82 845
211 8 6781 281 6328 410 3055 -385 1725 523 1717 -606 1281 958 1273 -825 15 246
212 7 4048 -25 6580 492 5202 596 5022 -230 695 -822 387 908 49 -969
213 6 5241 293 3647 209 1574 -3 431 445 348 -193 2 0
214 7 9550 -113 6866 289 2480 363 1706 731 1402 871 1102 141 45 0
215 5 2044 182 1557 449 654 -693 228 555 57 -967
216 6 9411 -963 4639 16 3909 -646 1050 920 608 125 131 764
217 5 17 682 4471 85 952 -541 344 0 105 319
218 5 6771 -457 5922 -824 4578 87 2434 597 33 809
219 7 7251 662 2890 0 4809 191 1112 635 814 49 790 328 77 69
220 7 8494 328 6534 759 1651 475 1161 748 361 338 229 566 10 761
221 7 7106 -927 2829 469 7931 267 837 274 3654 994 1952 -397 58 763
222 7 8990 0 8828 -933 6952 559 5078 101 1375 866 243 -36 150 -104
223 5 5571 204 1008 0 690 162 415 731 192 -787
224 6 8894 -389 8958 0 1838 225 651 0 317 371 48 666
225 7 1906 6 6270 93 5676 307 3615 805 1787 -75 491 984 94 812
226 6 9064 -829 7805 898 5783 -484 4645 885 4281 -539 104 851
227 5 6932 670 2136 -518 1113 882 233 -539 82 747
228 6 6547 605 6548 -586 6226 899 498 378 284 735 215 555
229 7 5661 581 9299 839 4443 988 2769 486 1935 -150 540 542 220 566
230 5 132 687 2299 -134 4601 -374 959 61 78 331
231 5 7217 0 5321 487 1401 794 584 -466 141 841
232 5 1865 -470 3457 393 1547 845 687 421 163 740
233 6 2713 0 2649 915 2182 898 1854 -85 359 282 227 -539
234 12 1868 617 8362 550 2330 328 2115 -78 1611 -610 1276 -148 683 -920 452 548 444 369 326 0 252 876 173 241
235 7 133 -281 8478 -747 1268 28 9314 234 3494 587 1073 987 9 881
236 7 9441 312 9524 900 2447 -280 914 -623 818 950 307 158 67 53
237 5 648 262 5732 996 1005 627 886 -519 94 -269
238 8 1441 681 4265 643 5863 -543 2821 880 2332 647 2312 767 543 348 145 -736
239 7 932 75 8193 -822 2073 -202 1696 634 1691 519 867 238 195 942
240 4 6969 411 898 356 497 578 55 749
241 5 4186 0 8537 274 3229 -641 427 63 209 -147
242 6 9817 860 3850 -502 2036 557 1946 582 281 450 79 -942
243 6 2706 310 5436 -762 733 0 355 -676 311 -667 222 -36
244 4 9215 -917 5341 -335 737 -968 183 -342
245 7 7989 -616 1391 -781 755 613 630 670 267 694 259 -750 62 194
246 6 5677 728 5021 408 3290 9 1733 557 1510 73 63 -112
247 7 3958 919 2585 20 4774 -726 6769 274 2710 -926 397 356 130 -24
248 9 9712 -880 3115 835 2862 116 1968 207 1593 167 599 -319 547 855 489 208 89 894
249 8 3868 686 8704 393 6387 992 4217 -301 3325 0 2164 169 813 796 146 -875
250 5 7043 193 3752 26 3703 238 2676 510 43 978
251 7 8964 382 5792 -896 2076 101 1230 331 1001 436 373 787 126 400
252 8 7262 76 4162 377 1540 0 1370 628 1084 -826 844 159 843 488 234 876
253 7 9911 -50 8076 -219 6635 993 2565 -417 1806 0 450 426 31 781
254 4 1688 0 8445 760 2693 -448 4 -939
255 7 6443 391 5071 -517 6469 615 2747 -892 1058 747 269 88 73 -384
256 5 6185 898 3598 490 1120 -184 780 872 125 870
257 4 7507 959 6422 -907 510 508 151 125
258 4 3183 798 2056 389 424 100 207 -940
259 7 8629 -778 860 194 5010 -945 3158 279 2377 881 357 0 245 -750
260 3 6151 1000 5771 538 132 780
261 3 1111 311 409 211 68 956
262 2 9690 -764 30 -598
263 5 2985 153 3216 369 1165 603 784 -487 104 240
264 11 5890 894 2355 616 9438 290 8548 613 4873 424 4322 694 1506 890 1045 714 652 687 500 167 59 200
265 8 746 11 7052 527 5854 391 1812 -105 950 -808 597 -361 288 -391 74 -328
266 9 1717 201 4055 -317 2603 478 2087 339 1367 983 1319 -162 1046 359 824 -766 51 858
267 3 5296 611 4700 670 245 694
268 5 9909 -484 8725 379 1051 -884 362 -651 186 635
269 7 4198 585 7222 469 3373 -566 1176 559 976 639 429 210 255 88
270 10 3408 -457 8499 189 1098 637 8190 -447 8831 902 6983 590 1752 -874 1340 -181 323 77 155 553
271 7 4309 214 6394 0 4955 -769 4401 -144 1794 0 422 0 75 90
272 5 1762 -28 4743 375 3543 192 396 -427 136 -682
273 8 7750 947 4494 295 3874 889 3249 394 1202 -417 978 773 520 443 21 0
274 5 6449 621 2709 825 1988 789 398 161 193 139
275 6 6099 310 8666 340 4524 0 508 19 276 392 48 337
276 10 2482 765 7599 562 1498 268 4098 508 7165 455 1400 41 667 608 395 102 337 862 275 392
277 8 5283 400 9146 851 8919 412 2581 142 1171 -365 333 662 292 842 158 632
278 6 7363 0 2253 0 2630 435 1610 635 799 960 3 544
279 9 2057 341 6368 -57 4602 826 3955 938 1450 654 574 405 567 93 310 311 150 531
280 7 6076 686 1301 477 1210 955 902 350 542 259 286 147 111 -497
281 6 4158 -296 7389 168 1977 -258 473 -134 410 -31 242 450
282 7 5493 -6 3594 810 3400 -591 2142 0 1616 643 646 294 108 772
283 5 7414 858 2086 -994 1194 685 889 969 176 585
284 4 4960 274 727 480 369 590 228 735
285 2 5378 762 173 -370
286 8 5246 -144 7515 322 3945 9 5211 866 1298 580 1193 115 411 861 280 147
287 4 4316 -881 3413 634 1300 -630 207 456
288 3 4879 4 530 -448 265 -391
289 9 8447 -761 4724 444 7332 0 6183 369 4807 657 3428 182 3165 502 1424 569 150 833
290 7 3200 650 1690 -286 3815 -61 2094 23 1048 457 295 168 88 -652
291 7 7762 63 7720 993 5156 -665 3491 -131 919 -74 376 -153 41 364
292 2 1731 932 277 842
293 10 4938 871 2063 861 9726 -407 9059 -463 8937 193 1877 99 1222 617 900 -720 776 499 109 -853
294 7 7773 764 2231 -133 1386 -549 1357 559 734 318 298 692 132 570
295 2 8946 -751 290 168
296 7 8161 615 3740 -355 1719 858 428 -130 417 229 403 932 155 178
297 1 124 805
298 7 1961 -199 6194 463 6327 -106 2898 443 707 725 313 82 294 692
299 5 8536 976 2050 105 1037 -621 752 441 186 78
300 6 3902 823 3875 297 1601 -426 1504 885 399 502 113 -936
301 7 2857 827 7352 190 9737 386 6877 478 4045 -165 354 7 159 5
302 4 2690 286 2634 126 1215 806 118 179
303 3 5666 994 2016 231 20 782
304 5 7067 -780 3795 481 2846 198 372 -768 168 921
305 5 3245 31 9940 997 2772 -770 1103 119 40 289
306 2 1880 -950 142 267
307 5 9807 657 5438 802 741 0 352 -649 236 158
308 6 2184 515 4452 -860 6218 -259 2809 979 1743 605 71 -725
309 4 8794 743 9168 63 653 -218 143 829
310 4 1433 622 3886 240 7966 200 279 311
311 4 7943 -771 6490 -348 439 417 243 -667
312 4 3656 389 5126 915 8653 204 96 522
313 8 8136 480 3281 0 8225 467 7705 -498 3532 592 816 -562 809 961 298 82
314 3 5741 186 379 94 130 -364
315 4 7267 0 2947 190 617 0 78 350
316 2 906 460 100 353
317 4 6589 115 4844 28 1351 400 224 371
318 3 7675 283 796 912 2 -646
319 6 3487 570 6574 338 4548 -552 3673 -788 1288 -464 27 81
320 10 5484 127 4178 174 2231 599 6196 903 1082 103 9554 -585 8922 -349 800 732 331 781 141 -664
321 13 9488 -169 3979 836 8149 -508 4562 998 3713 109 3380 908 3185 940 2823 706 1198 763 998 602 876 328 607 237 181 -592
322 3 579 938 345 -831 184 553
323 4 5628 974 1392 750 408 -81 270 77
324 7 3894 -87 7033 -223 2385 328 1878 0 1630 823 803 31 207 -472
325 4 2559 771 2231 787 421 618 73 379
326 8 8384 -618 6729 -237 3672 397 3099 0 2279 983 479 943 456 -975 234 0
327 6 6016 831 5033 -704 4160 -452 1124 106 944 -512 8 190
328 7 1396 91 6164 148 5163 147 2368 515 1940 646 1378 -736 204 586
329 5 3886 416 6347 430 3180 780 1184 193 99 680
330 10 3812 614 8769 421 9383 854 8634 0 7501 285 6559 19 1663 159 671 473 533 -419 173 477
331 5 7435 996 2358 811 1332 -973 1148 62 320 781
332 7 7917 -687 5891 -415 5637 -143 5101 -342 2412 613 1778 443 114 621
333 10 5240 469 1979 855 8322 830 2454 582 5561 552 4480 144 3612 466 700 627 470 259 277 662
334 3 3377 996 480 216 81 91
335 7 1659 0 6260 59 2563 929 1870 623 811 143 611 0 168 -43
336 6 7567 -689 4321 584 2435 393 1170 81 924 -570 62 436
337 9 3625 630 5977 -256 9746 -408 2927 873 3925 474 1244 271 892 922 562 305 276 862
338 3 8109 456 4823 706 2 946
339 7 7849 667 3001 979 967 267 887 292 632 45 374 -986 57 814
340 6 3299 257 3974 -558 6037 120 4863 150 518 156 44 213
341 8 2931 862 9247 186 8522 974 3753 924 1106 304 1025 303 487 670 198 0
342 8 9747 163 594 -415 8884 -99 7464 -822 7139 -275 1117 51 1063 -747 139 -954
343 10 4824 0 2197 849 6523 967 7389 -230 7348 854 5108 364 1637 974 1211 250 478 854 51 -363
344 4 3014 325 1936 207 854 154 217 0
345 5 2022 416 1221 0 905 -83 614 -49 322 -831
346 3 5360 788 9940 114 69 984
347 9 8053 824 8105 309 7214 69 2311 150 904 0 762 294 748 312 446 -165 74 0
348 3 1947 0 990 -499 213 -193
349 7 4532 415 9276 417 7370 -262 4013 -807 393 -145 389 165 166 518
350 7 5906 181 1182 -849 5386 797 4914 988 2063 613 445 -857 108 277
351 4 8228 -827 2198 289 1531 0 118 827
352 3 7620 56 3341 206 307 -649
353 9 1140 159 9188 331 5017 966 4986 0 1821 0 1650 0 1192 -118 405 -122 134 55
354 7 9428 844 9610 917 8084 577 6799 461 4135 595 3718 687 301 7
355 6 8563 210 8111 690 9517 -120 713 26 693 -42 243 -676
356 9 358 972 4201 -7 7747 -498 5538 654 4603 120 1093 725 471 -948 401 72 29 503
357 6 6120 867 5279 733 3898 -628 6022 582 664 656 259 0
358 7 356 972 1277 118 9169 94 4422 -661 4263 -746 863 212 76 -977
359 4 846 431 8674 -480 3243 0 233 282
360 7 4596 -706 3553 0 3247 228 2562 92 2556 320 1137 990 60 7
361 5 551 163 5976 -339 3854 302 3442 911 220 338
362 11 741 -664 533 -105 7772 -55 6084 -456 2817 535 2475 19 1092 -156 788 168 631 445 455 274 268 -651
363 3 7945 366 3360 559 191 -880
364 4 1495 588 2670 497 1183 75 26 -708
365 4 7955 336 6504 350 742 893 134 80
366 7 5750 26 4824 237 9120 606 7617 -591 2440 0 454 465 81 899
367 2 1010 -568 38 -13
368 7 6639 -332 5522 -665 1139 152 511 235 485 823 420 800 159 163
369 6 4897 451 5230 141 4000 304 521 64 467 534 284 590
370 7 3896 845 1215 139 5468 554 4405 758 2620 924 639 333 64 219
371 5 7258 181 3560 473 3495 748 2648 -332 102 451
372 5 9095 13 4544 974 9855 449 8731 -613 304 -768
373 5 6065 976 8087 -255 6780 287 3873 -159 251 787
374 7 3816 255 2209 120 1512 -651 1259 -136 1080 -338 778 27 339 -986
375 7 791 -542 5000 156 2240 -333 589 363 527 490 394 759 18 230
376 5 5352 0 8080 305 2723 620 860 -646 291 -153
377 6 5687 956 620 -787 6045 873 1921 836 1754 -143 163 -964
378 7 657 523 7514 -952 6969 974 6873 -520 2382 0 660 231 201 20
379 3 8882 -500 7501 755 314 94
380 10 7912 57 8835 971 563 0 6593 -222 5644 0 4358 962 3394 -426 1532 771 868 32 72 786
381 6 5336 698 6059 875 5325 558 1850 540 575 -426 9 676
382 7 1421 909 3181 599 3058 204 3692 -832 951 0 807 778 137 -439
383 5 2525 707 3218 -496 7096 704 893 -651 176 -950
384 3 6064 243 3007 330 179 -631
385 4 1224 29 1891 85 627 -135 41 -250
386 3 1859 524 1396 28 177 796
387 7 4717 -402 4389 7 2481 186 1279 -522 1265 626 932 89 212 908
388 4 9118 758 4973 951 1619 891 47 743
389 6 664 434 9902 -493 3525 -45 548 142 412 -48 349 165
390 8 3972 802 5550 826 1874 -468 8713 873 3763 813 2866 -730 2768 253 99 878
391 7 4787 301 1693 167 1312 -460 531 368 529 565 425 334 69 342
392 6 5619 600 2471 893 2226 0 4630 -475 1539 313 99 0
393 4 4162 131 9227 581 7898 740 349 -145
394 5 4259 561 6858 106 3758 932 2320 0 375 759
395 7 9287 191 839 852 5450 85 3299 223 2262 102 992 -643 276 102
396 6 88 -33 2156 -188 1923 -365 1014 802 550 404 272 -427
397 4 7937 883 1444 773 1218 -102 247 356
398 4 3708 0 2435 -80 1107 973 274 161
399 9 2247 815 2292 87 8840 598 4915 764 3160 -989 3123 317 850 289 645 914 300 502
400 4 7034 415 9939 855 2006 101 92 177
401 5 1354 207 6230 689 9463 245 8933 576 356 72
402 1 198 -219
403 6 5600 935 99 301 8273 5 3035 1000 2891 755 296 932
404 8 9164 -209 9418 518 2905 511 9732 693 6918 -898 4414 798 3668 319 32 652
405 5 5888 -40 6460 -600 1572 635 954 38 353 -122
406 5 6285 -237 5474 433 3083 34 2815 400 174 575
407 5 3030 244 4515 871 2161 703 1589 956 64 -302
408 3 3606 457 834 988 323 -81
409 5 9845 567 4715 409 2137 -101 538 0 261 211
410 6 2788 0 2205 938 1123 0 965 469 626 193 281 -31
411 4 9904 -653 4403 381 681 180 286 861
412 5 8340 812 4019 323 2062 0 1212 110 389 -48
413 6 8343 659 4946 704 6946 767 2074 347 1443 284 45 612
414 5 8924 -274 3403 316 2672 -349 2493 -377 147 512
415 11 5083 -899 2489 835 3600 448 9454 -343 9721 896 7534 836 4032 318 2185 -171 1819 697 1237 60 223 731
416 9 7587 123 3790 110 2238 53 1345 863 1059 -735 1026 -600 881 0 805 -764 193 -96
417 9 2733 -554 2019 -102 9018 604 5253 757 1865 -10 1187 377 1154 920 441 167 296 229
418 9 5420 359 437 999 1191 -471 2911 552 5133 999 1674 459 591 0 453 -4 91 -146
419 9 9778 293 7597 496 5777 -393 3382 136 2831 -633 2200 633 840 112 430 391 118 95
420 5 3330 751 1915 57 1031 250 566 238 368 800
421 10 5609 -863 9385 77 5925 808 2243 154 1834 483 1640 0 995 397 726 -19 669 -329 325 618
422 7 5516 -338 6700 0 5614 345 5112 -860 1798 -795 1529 914 271 0
423 4 5864 -734 1700 636 486 -545 210 154
424 5 35 466 3721 673 2053 3 701 789 258 100
425 9 1066 -120 3736 -460 1554 83 7345 389 1560 821 1224 100 1223 -685 549 -736 391 334
426 5 7335 591 3028 591 9744 933 873 46 61 -730
427 6 4693 188 7392 817 3651 263 2191 -37 2094 -633 241 63
428 6 7178 -624 5359 217 4940 704 837 526 563 948 296 -130
429 4 6763 0 5203 26 4950 0 269 210
430 4 4571 -706 5952 489 524 630 419 391
431 5 7793 148 8805 685 871 836 846 747 213 445
432 9 1400 420 1760 -211 6856 766 6843 -872 6392 590 1789 -413 1238 519 1217 743 71 -872
433 9 9313 601 2562 722 7184 490 4367 119 3824 95 3825 738 4765 -809 4039 21 165 -988
434 6 5578 415 4283 571 2463 -623 1728 827 663 454 15 106
435 5 7599 781 5333 653 1314 154 625 912 40 -929
436 8 7618 593 7002 38 5668 695 5234 676 2957 327 2410 -562 2179 101 61 197
437 5 418 999 4171 -886 6388 -116 8471 836 140 513
438 6 7792 300 1681 939 1119 604 793 -631 496 0 129 935
439 2 1322 84 311 417
440 7 1540 27 9295 741 950 705 1241 -3 507 125 484 326 175 291
441 3 9845 942 8962 964 417 167
442 7 1668 0 7118 25 5352 -29 8932 842 6233 658 964 977 61 272
443 8 990 301 8918 4 5377 -694 4734 855 4235 594 3920 0 459 768 168 -541
444 6 2502 669 2587 -828 9531 720 7844 -710 768 216 234 369
445 7 2779 710 6810 -227 8426 987 7984 790 7043 143 4710 -761 350 -857
446 8 4554 494 7682 994 6560 673 2836 -783 505 899 488 0 449 -94 347 -165
447 5 6035 214 4182 881 3076 855 570 594 202 903
448 5 2273 -322 7168 834 6937 993 1992 465 126 752
449 3 4362 267 773 -63 446 -94
450 9 8302 565 9574 -444 7476 646 5313 263 2790 397 2532 476 1786 631 1618 740 253 426
451 10 3529 217 8439 803 5849 -139 9976 943 5664 631 1500 825 1042 220 1024 -435 564 -602 177 -447
452 6 6362 804 9155 433 1948 423 984 640 517 596 234 548
453 4 802 326 5897 932 2573 915 418 -4
454 7 2706 768 6458 569 6833 258 3533 -519 731 903 698 -70 366 465
455 3 3097 342 1333 217 362 274
456 4 8962 206 3101 109 1321 827 326 -975
457 7 769 927 4303 0 5379 0 3843 587 1266 -365 1188 -327 202 -993
458 4 9704 -11 6496 453 692 -874 140 789
459 5 4192 -604 4256 201 2648 -708 3309 724 443 768
460 5 185 229 6584 144 1017 654 711 -151 45 893
461 12 5766 558 63 0 5681 588 1184 548 5275 182 6304 823 999 690 936 840 879 -90 633 210 610 663 69 6
462 5 3166 469 4227 -750 2307 326 1522 -981 137 284
463 4 6455 885 3704 -477 736 954 7 0
464 5 6281 733 2995 449 1709 94 1490 -757 141 227
465 6 4940 -519 3555 904 1701 857 1430 -540 495 827 165 927
466 7 8741 -523 4801 -85 2516 505 1257 408 684 -333 523 587 0 589
467 3 8933 916 555 740 369 534
468 6 2679 -371 1554 938 6359 519 1735 145 635 264 89 912
469 4 4521 -73 3337 679 890 688 182 -221
470 6 9927 271 9896 382 7289 824 6191 -166 5296 39 333 259
471 4 556 193 649 223 552 0 356 -948
472 7 1310 181 8718 -121 5323 428 4644 328 3130 452 2233 -570 202 793
473 5 3787 658 3209 194 777 -968 673 -571 281 -134
474 6 7035 18 3613 38 3522 496 8337 -701 1087 624 54 404
475 4 1820 822 1739 688 1457 683 187 -873
476 8 6907 -755 5902 688 4995 414 3367 8 1216 -445 815 0 634 -55 184 411
477 5 9432 0 90 -892 5080 693 1140 -720 65 -667
478 8 8278 -550 2396 -153 7498 798 6019 522 5906 104 2355 78 1559 559 343 854
479 2 8827 384 326 943
480 11 1812 -467 6703 857 9170 339 7490 0 2454 814 5680 637 3600 9 5308 -385 4208 674 1848 360 334 216
481 3 5354 -568 3446 476 206 0
482 7 32 -753 5735 359 4174 -861 2138 -400 781 145 593 -126 47 774
483 4 714 -742 4029 -389 1478 -640 39 26
484 6 1077 500 609 -200 8703 949 4231 750 833 329 440 326
485 8 2966 907 8269 342 5995 877 3561 922 2117 664 1118 825 1033 968 368 823
486 4 1299 395 6615 969 551 66 423 -545
487 6 8980 0 6842 147 8969 830 1020 195 689 39 341 670
488 7 8672 586 6037 575 7968 -71 5261 -496 1791 877 1060 -345 446 0
489 5 3402 850 6581 -842 4805 -152 4376 609 248 208
490 6 9014 308 3493 -890 7308 68 9050 90 1336 -858 3 203
491 4 8572 -734 9575 230 4212 -269 225 984
492 6 9394 396 3502 778 7519 396 8412 564 3507 0 144 106
493 3 8413 562 4978 -976 180 894
494 6 1240 345 6379 416 3500 48 3283 3 2998 763 174 248
495 5 9055 656 2677 915 859 784 852 172 465 827
496 5 3205 797 2414 707 1973 417 988 231 438 0
497 6 2822 694 7786 198 991 0 616 -290 568 -710 240 578
498 7 7262 -841 5646 340 7401 774 3096 -639 2963 0 975 468 228 378
499 4 5382 389 928 845 732 631 118 -303
500 4 3812 424 665 95 503 749 264 167
501 5 5006 218 4877 167 4094 726 3397 576 112 423
502 8 5013 0 3838 510 7487 668 3940 227 1892 -33 810 499 522 48 88 181
503 6 7305 562 8460 -11 3766 -502 675 588 509 389 500 749
504 2 3082 502 59 140
505 2 5879 -95 446 899
506 5 5560 526 7007 863 3712 -340 1633 627 22 439
507 10 7389 638 7806 369 6522 663 6650 -748 7390 85 4498 134 2657 281 1927 -248 642 809 440 125
508 6 7780 316 7107 -290 6288 -502 4239 430 1993 -303 275 19
509 4 7608 589 3257 918 7016 186 503 389
510 4 6348 -448 1528 895 1074 -507 257 508
511 6 4731 678 5876 0 4351 149 2515 -328 1287 -462 368 235
512 6 4883 499 4070 517 1630 -419 5204 637 4517 110 50 -644
513 6 8261 618 5796 430 5577 -789 5412 989 699 342 202 -125
514 5 3353 73 5913 227 1845 30 1250 -33 140 -329
515 2 1714 732 125 379
516 2 3509 -684 188 621
517 5 7772 992 6240 763 7180 614 3114 -749 452 596
518 9 141 640 5847 898 4899 -457 8083 864 4534 948 2582 -376 774 -962 763 804 340 156
519 3 5465 682 3140 952 125 948
520 5 5671 628 3864 914 1085 677 795 -929 273 443
521 3 5544 918 3832 49 369 64
522 10 3816 782 6932 0 3000 -2 7409 611 7005 230 2876 -984 1621 808 1155 -914 539 957 502 48
523 9 1560 202 3279 621 2157 813 8133 757 1840 -374 5404 398 2901 0 647 -283 466 587
524 5 173 522 1798 -196 6342 488 808 -417 430 630
525 7 5839 -68 2190 -678 7958 794 1097 77 972 -962 849 -303 101 -458
526 9 29 -970 3026 19 5832 -623 8696 797 8588 194 6028 2 4998 852 2598 881 85 929
527 3 7301 579 6491 841 375 490
528 6 856 765 9817 875 7298 335 3361 136 1007 -477 102 -32
529 6 7282 686 9690 0 6300 -484 5273 -208 1114 922 391 565
530 5 4710 956 2531 -162 1438 251 1346 443 288 -448
531 11 3417 47 1193 -553 6301 -540 5756 97 3657 609 2681 475 1676 0 1282 871 1144 -301 1057 42 391 368
532 3 2760 -132 1119 882 20 861
533 12 8192 510 6848 781 362 -105 2836 142 8313 240 4346 131 4309 269 3342 753 3107 621 1777 927 1200 882 330 -419
534 8 7215 319 6389 -23 2956 169 1583 109 1075 -224 1032 851 1019 132 50 -24
535 10 9728 971 5804 237 9723 97 8595 928 8239 924 7990 819 5639 -106 2327 93 1315 326 73 89
536 5 1122 644 2819 685 8041 -246 2433 404 136 314
537 5 561 281 4692 -189 974 840 783 979 56 84
538 4 1514 301 4878 -295 676 -694 409 0
539 3 6641 -514 1262 -757 522 957
540 8 9588 -187 4251 338 6014 621 4203 225 3443 -399 1498 165 554 487 229 542
541 6 2987 929 3061 -289 1720 20 718 42 705 -909 6 958
542 3 8102 901 1737 319 280 259
543 3 7088 -687 8928 -68 238 348
544 9 9544 232 618 906 8887 108 9948 -682 9897 351 2944 764 1425 410 982 732 124 -566
545 4 7645 8 5922 468 8697 151 18 399
546 3 4097 337 598 934 191 340
547 3 8193 954 6774 785 248 855
548 3 5771 335 6457 654 389 142
549 3 5352 788 821 378 425 -736
550 6 5978 -606 5706 373 1648 -405 1463 413 749 488 396 404
551 4 9131 479 361 163 8527 -822 486 66
552 4 4541 85 3903 905 1692 751 471 0
553 5 3979 322 9751 -138 5937 337 578 286 159 -556
554 5 7578 229 7211 948 6294 566 3933 254 540 487
555 4 6575 872 4018 -857 2632 3 467 740
556 5 6976 394 471 193 3608 -964 802 -347 181 583
557 7 9479 -546 6977 348 6016 417 4674 39 1294 868 744 -71 115 -575
558 7 9119 946 3547 -127 8905 189 6137 948 2428 696 858 101 90 833
559 6 583 738 2776 257 5405 213 1768 585 706 0 52 -566
560 5 1428 642 4106 129 3152 406 2112 771 209 230
561 8 5013 -708 4962 588 537 281 6076 479 3754 -574 1549 0 1249 758 15 647
562 6 768 -664 8955 -745 4225 243 1236 532 659 -399 337 305
563 5 4989 308 380 0 7442 542 1128 -542 428 948
564 2 8667 527 451 -602
565 9 7344 664 2548 602 2368 -908 7523 551 4048 -920 2517 -567 2155 169 767 -226 8 549
566 7 5648 519 7355 625 4879 -183 3556 0 4379 -561 2490 698 420 238
567 3 5860 644 899 417 279 93
568 4 3269 -449 717 676 3781 -717 497 -710
569 5 5604 0 5613 292 5595 684 577 873 81 454
570 8 8974 787 8930 11 2104 418 7010 885 9417 318 2729 -24 1356 941 447 594
571 5 2535 382 5640 561 3656 262 994 250 187 124
572 10 9778 377 6034 693 7001 97 1836 110 7977 374 4084 315 3667 988 1823 201 601 388 118 390
573 7 5763 159 8720 -991 6669 -804 4354 737 2625 313 1809 992 100 259
574 8 7551 -977 7179 121 6295 46 3677 239 3248 772 1134 -48 703 -778 279 405
575 9 2655 460 4066 -270 2604 -314 2542 748 2438 -517 1069 -324 980 481 662 949 381 -426
576 5 3719 937 1272 763 993 299 884 112 201 802
577 6 9445 662 647 0 4478 86 2466 610 823 428 569 873
578 5 9973 460 9607 682 2068 370 828 453 553 286
579 2 8506 513 322 938
580 10 2925 194 6202 742 5036 682 7635 400 4565 929 2393 -645 856 -502 735 351 670 -932 40 296
581 5 7813 335 5966 -891 3161 560 848 -476 43 340
582 7 7521 917 2793 -796 2081 22 2061 61 624 -657 615 558 175 -123
583 5 3908 470 559 738 9458 0 5490 762 133 96
584 5 5335 230 6498 457 1591 -293 743 183 231 -466
585 5 1003 295 7860 503 2296 -327 1079 665 191 -461
586 5 3645 558 4890 0 9348 -547 827 0 164 13
587 5 8363 32 2614 924 2548 468 2054 189 15 -341
588 8 7134 456 4860 845 3971 637 3410 -387 2523 765 2499 589 1173 -111 23 895
589 5 65 709 949 297 927 422 606 -928 375 363
590 7 3289 796 6682 76 8439 633 4707 828 2540 951 1678 -432 164 -632
591 6 6721 -868 6427 -330 5247 807 3252 18 644 16 418 0
592 4 5802 340 2622 -354 1683 254 54 124
593 3 9546 986 5380 -867 482 -126
594 8 3492 0 342 -415 6614 988 3465 136 1477 -658 1038 892 643 960 92 -434
595 3 3073 444 1077 -881 160 877
596 4 7968 427 9863 917 857 402 2 382
597 6 8305 405 7771 863 3254 -946 2070 336 1157 423 265 -361
598 7 7232 470 2971 -363 5483 153 1712 -367 1415 -111 657 -356 546 934
599 4 6574 -319 3145 758 882 514 248 -319
600 8 8199 82 7023 581 2620 -545 9708 252 8455 36 5106 60 1953 -164 132 884
601 5 1500 459 2664 284 933 665 605 774 572 388
602 5 611 631 3441 364 2760 384 1308 410 154 866
603 4 9328 190 3858 210 621 -947 145 940
604 3 3203 243 1429 -160 61 658
605 3 9088 0 5525 -519 601 774
606 5 6615 0 6148 740 7821 477 864 -429 589 -928
607 6 9827 654 5969 0 5339 0 2396 507 1122 219 321 237
608 5 2246 -37 8463 313 5957 0 2249 -752 216 125
609 9 21 925 2214 701 484 -200 6660 -119 7718 751 6638 426 3515 200 2479 -624 117 24
610 9 7600 0 6185 739 7305 271 8509 -68 5349 427 1292 965 911 526 760 971 461 663
611 4 6413 91 602 631 3199 -203 335 0
612 3 3635 -885 1679 316 102 -830
613 2 4308 -633 44 -498
614 3 2857 799 7646 935 345 -49
615 8 6346 -994 2656 927 3289 323 7541 -909 1891 -253 8272 797 7673 -761 582 558
616 4 9962 924 3728 710 1082 -265 497 -290
617 4 9034 738 6335 0 2353 768 315 0
618 10 3269 476 4151 811 544 906 6947 25 8004 -707 2972 306 8886 -277 3742 2 758 -286 77 133
619 6 1553 -218 4176 670 2416 731 1808 864 1352 510 199 -763
620 8 377 -787 5373 667 7640 353 5376 136 4705 915 901 378 636 618 32 826
621 3 2582 598 1196 0 603 -947
622 1 59 129
623 5 9385 385 2483 377 1811 0 1628 109 183 951
624 13 8563 818 7305 446 3492 -670 9057 439 8461 8 7419 -797 4103 -638 2699 487 986 0 913 675 842 833 725 969 582 -657
625 4 9134 597 5355 901 1592 106 435 912
626 5 6943 -613 1179 -175 948 0 668 295 410 193
627 12 8484 281 779 231 8333 873 8936 -67 8931 729 6318 -298 4570 890 4523 -866 3874 -706 3062 -438 1567 476 385 -135
628 4 5387 899 1930 650 1917 399 88 -972
629 6 9262 894 6524 -53 5405 850 3323 88 738 -428 70 350
630 5 7328 229 9090 321 3691 865 3592 -380 245 670
631 3 4273 63 3698 192 362 445
632 3 5958 774 1441 370 339 45
633 7 9673 448 2440 288 4250 -32 4223 809 2907 -771 754 -55 461 210
634 3 8332 339 1844 942 476 -55
635 7 2042 340 8913 -711 8785 110 3710 697 1527 144 896 0 468 264
636 8 3700 -587 4914 947 8249 35 5186 293 2865 583 1708 221 1339 523 620 618
637 4 2717 34 6964 323 9579 967 41 416
638 4 8580 166 6070 42 920 105 127 -957
639 3 7152 835 3735 474 370 333
640 4 3127 -88 2782 694 641 96 209 648
641 6 7318 127 2731 91 1810 330 1437 -975 765 248 640 96
642 4 7285 995 2062 815 3817 705 507 809
643 9 4309 808 9116 -632 6391 164 8063 736 2458 253 2110 0 1166 276 960 823 594 960
644 7 5515 370 2455 262 7143 413 4289 134 3646 697 729 -265 591 16
645 8 7775 462 6558 -348 5945 977 4081 961 1667 -947 1395 749 1089 -348 399 914
646 6 4853 579 5254 436 3378 140 7202 216 4252 87 282 294
647 7 9994 -722 3520 140 4620 963 577 0 6272 183 5420 -856 523 -283
648 6 237 262 8625 -669 3213 -330 2689 875 1408 513 70 505
649 9 9016 907 9083 900 6156 -593 5959 156 1156 50 907 615 672 810 650 -303 471 223
650 7 1129 -365 2509 487 2426 604 4620 168 1096 203 917 -332 649 -303
651 7 2062 846 1611 269 3844 -806 4355 470 1162 119 937 751 224 0
652 3 2850 234 8534 0 264 687
653 5 4736 651 7071 367 7393 597 1671 465 309 -218
654 4 3588 385 2331 734 1586 226 215 -693
655 5 964 -581 7875 740 2122 301 1329 96 120 931
656 1 149 -933
657 4 378 523 7409 741 5472 709 598 -356
658 4 1275 435 7082 591 3203 129 208 807
659 3 4624 776 4001 246 562 -399
660 4 198 865 4574 -327 2606 667 378 231
661 7 5073 106 2457 437 1086 -83 847 505 830 313 822 -235 64 580
662 5 3606 911 3223 103 3887 741 1578 480 575 949
663 3 2928 -559 1099 637 434 454
664 4 389 434 4101 320 9322 109 357 656
665 10 5884 576 500 95 2343 406 6769 53 5235 301 9501 -789 6201 0 1360 0 819 -984 48 690
666 4 8630 554 3881 323 3652 -716 203 19
667 7 7674 0 3840 -684 3346 465 3196 731 1537 -696 931 -929 276 608
668 10 8012 977 7437 -784 1647 -90 6876 791 7959 116 7478 673 2777 418 1090 -899 979 626 626 295
669 6 4875 81 3127 0 4919 485 7890 69 4454 170 421 -329
670 4 9392 992 9655 554 1677 6 580 -932
671 6 9136 589 8901 -88 1926 719 1270 -149 697 703 330 473
672 5 3112 492 3859 257 3280 0 1776 -32 649 810
673 5 7138 -772 3298 208 1501 -136 769 818 473 -571
674 5 6961 758 1436 285 1104 0 836 -62 107 677
675 4 4579 547 4460 636 2541 415 503 588
676 4 8925 221 5975 662 2232 190 538 -694
677 4 2131 694 5516 284 728 299 109 376
678 4 1423 369 831 995 753 387 67 156
679 7 7725 809 2176 930 1491 127 1109 -928 945 605 709 88 140 359
680 9 5394 664 7314 -447 2774 405 2246 904 1875 49 1702 581 1427 145 989 0 123 55
681 7 6156 -773 2794 758 4834 -515 3919 -119 921 455 719 353 411 180
682 3 4444 976 6051 413 85 27
683 4 8056 350 9458 141 1519 -583 234 -920
684 5 2767 -658 7388 -944 9544 872 7288 -981 466 -333
685 4 8888 -265 880 652 747 381 7 -199
686 3 3595 947 926 933 150 343
687 7 9204 421 3788 -220 6952 287 5500 -84 1990 547 1070 976 232 421
688 4 3091 335 2512 44 1655 -868 38 906
689 8 3163 745 3517 50 4686 688 4338 680 1804 -150 1220 344 946 989 487 39
690 7 7682 706 2714 979 7554 -120 1182 180 9912 692 2800 871 223 162
691 3 1675 -115 1271 869 140 666
692 4 5994 646 2783 0 696 289 458 -874
693 4 3170 323 5698 173 1895 299 355 -42
694 4 6199 779 6520 142 1359 657 109 -213
695 3 5304 -708 3479 248 212 -822
696 5 7669 964 5545 -168 1602 531 715 381 692 289
697 4 6453 349 4768 910 756 0 671 703
698 3 3215 744 874 -214 454 -70
699 7 2907 981 9544 275 4313 289 8384 183 6297 -647 6111 599 513 342
700 5 2468 917 3235 403 2442 358 1330 -954 333 627
701 4 9576 370 8688 -133 941 -424 424 789
702 6 6370 -482 5528 0 1125 997 968 863 716 980 63 -618
703 8 4955 38 907 822 3723 -694 5928 191 4388 949 4377 0 2791 680 574 -778
704 4 4339 217 2384 765 740 -942 184 389
705 5 6985 56 6663 630 2350 125 1898 612 541 -909
706 5 9121 162 4485 0 4616 554 870 -537 559 0
707 7 2015 204 6418 634 5867 -688 5635 498 5236 880 2754 -44 298 725
708 2 3131 747 162 -401
709 2 792 305 679 88
710 3 1810 0 4174 434 54 499
711 2 3108 -399 460 -151
712 5 1264 357 5087 151 6729 843 1350 291 102 -255
713 5 9622 -497 6507 632 4528 -724 4476 608 355 26
714 7 483 -742 7114 -698 3106 -518 2883 921 2228 -72 895 912 204 -422
715 5 3567 658 3301 656 2803 304 1018 223 696 381
716 8 6378 927 8804 518 6714 52 6458 616 3194 -323 1013 0 855 -284 702 980
717 5 568 676 2472 212 5703 410 9476 188 82 994
718 3 3111 53 6975 232 541 42
719 5 2261 288 1684 130 3221 -859 2266 770 681 353
720 7 2313 407 7467 -434 4088 415 4494 102 2235 302 1303 0 99 348
721 4 6306 474 4257 723 1913 -175 152 -298
722 3 6110 0 1168 133 188 352
723 6 6238 -121 54 0 7472 626 3424 566 2144 604 82 370
724 9 1967 206 9877 801 9786 545 9306 160 7302 -919 5382 -921 2830 6 903 598 159 -272
725 7 7021 647 2065 918 1249 172 4923 186 2673 507 1121 879 624 969
726 3 4643 643 2174 302 421 -19
727 7 9275 590 9536 -748 5554 357 1533 254 925 544 771 636 284 480
728 6 9414 282 6247 517 4284 992 3189 -10 1022 190 677 299
729 7 4742 -196 9517 955 8308 0 4964 -311 2639 253 838 295 644 -265
730 7 152 -800 4400 587 8266 -242 3527 15 1015 539 806 294 170 768
731 4 9157 753 9173 -837 5263 72 454 903
732 5 6320 67 8711 261 3542 204 1555 -306 499 631
733 3 5173 836 3581 992 243 0
734 7 9485 60 9710 948 5557 655 3313 -653 2052 379 779 762 294 318
735 6 8296 938 4673 130 3048 921 2543 -933 2162 432 580 351
736 4 1224 370 4242 853 2267 -651 463 954
737 7 3384 -810 4337 223 9166 -336 5123 375 4695 -769 798 367 244 -968
738 4 5705 889 5256 -897 6145 139 629 -428
739 3 5706 922 4189 910 8 935
740 4 1440 74 9214 715 3830 773 704 -942
741 10 5700 533 362 -664 2955 911 8892 705 5051 24 4738 615 3444 -514 1985 -849 1040 960 307 0
742 2 6702 983 365 893
743 3 5728 987 1864 726 584 183
744 6 9022 601 5315 626 2680 -89 6312 -925 4237 513 557 -71
745 8 7014 891 1319 528 2929 344 2400 271 1929 620 1467 729 1376 730 34 474
746 6 1144 138 265 11 7649 783 5104 369 1797 396 84 -978
747 4 139 176 6500 169 4580 222 685 381
748 8 2881 830 7043 590 5036 -903 3688 -924 3575 646 1991 764 1307 576 347 312
749 4 9571 56 8811 529 6903 474 550 488
750 7 8345 746 5052 860 2665 -197 2589 584 2411 385 1588 571 122 0
751 4 6507 797 1774 434 1713 43 28 539
752 4 1128 -626 1352 -643 1246 228 299 441
753 4 4017 0 2091 605 1081 809 678 387
754 6 7245 618 3857 725 897 611 877 125 791 173 633 -55
755 5 6835 -212 2941 23 3520 861 6819 581 245 613
756 6 3738 8 4168 683 2762 497 935 -877 841 202 697 0
757 6 9475 -550 9522 612 5175 679 2851 743 2133 -664 73 -904
758 5 1523 362 3409 502 6378 -543 4814 489 618 -286
759 1 140 -221
760 5 3424 864 2444 -287 7884 775 5447 932 610 971
761 5 6707 -256 7765 919 7420 -450 789 133 55 121
762 4 5920 792 3858 -321 7594 -806 347 294
763 5 3242 -300 1835 582 1666 624 1234 580 518 804
764 4 4800 -230 9389 63 1012 400 152 0
765 3 7396 553 3171 97 641 248
766 3 7815 0 2960 827 26 61
767 3 9118 747 2141 804 565 -226
768 5 562 -664 2157 153 1998 537 916 724 444 216
769 5 457 927 4833 594 5397 581 5923 607 673 818
770 8 9959 876 2128 -137 3590 -258 8908 454 7510 866 5584 727 1129 792 205 831
771 6 7119 -397 1855 244 6811 2 6169 73 2099 -42 727 636
772 4 7880 -112 5090 133 786 569 67 -435
773 13 6918 808 5409 -890 2843 822 9176 184 9397 517 7987 673 6578 -953 6221 5 3012 503 1984 -462 1421 492 1127 257 449 -63
774 8 9524 701 4477 935 4299 118 1525 879 1368 275 962 -366 782 674 518 -962
775 7 2274 655 2225 381 2127 497 1698 -204 1597 231 1190 984 75 -911
776 4 1160 572 2905 292 2578 666 293 499
777 4 7104 548 6828 217 6417 216 473 -968
778 5 6456 509 9437 345 2321 392 1278 624 374 27
779 5 7446 597 7743 -563 7434 604 627 231 734 762
780 5 6006 165 8858 32 6441 178 1775 -265 256 872
781 3 2009 994 2464 -499 482 145
782 4 7353 561 6628 339 1062 458 774 674
783 4 6887 957 2734 478 957 887 537 979
784 5 8923 698 6213 522 2792 465 1972 315 263 -487
785 8 8026 -772 9519 328 7558 911 4418 43 4356 563 2236 862 1248 558 146 -621
786 3 1658 266 1493 564 772 569
787 1 144 -489
788 6 6743 135 7557 400 6859 912 7791 -592 891 916 362 168
789 7 6450 243 7975 -457 3246 992 2993 996 2857 761 2367 324 761 133
790 4 3994 -949 9701 -226 6186 -481 219 328
791 6 375 -542 8249 0 9125 415 2675 185 2178 464 754 173
792 6 8428 225 7402 -619 6869 -823 3381 -239 1772 709 709 305
793 4 4852 49 2982 -748 851 -299 438 -631
794 8 7711 995 1109 -274 2684 -507 2626 258 1781 240 1757 842 1197 112 112 -443
795 5 5598 179 2368 257 1711 67 1226 71 520 -929
796 4 6350 772 5510 59 3278 82 318 912
797 3 9342 690 835 681 31 485
798 3 8049 -640 5413 121 737 367
799 5 3122 52 7957 967 5648 -659 5626 958 278 960
800 7 6886 945 4515 711 9025 387 3401 749 2806 251 1146 581 320 732
801 7 5194 -871 1565 551 3499 199 2860 561 2146 196 1101 -915 105 6
802 6 453 326 9937 996 3875 184 9504 868 4153 792 556 -347
803 4 8928 683 8238 -926 5733 378 324 31
804 4 2604 628 5257 525 5433 215 33 401
805 5 7949 914 7494 -893 5583 915 4138 -139 416 -764
806 6 64 492 7133 635 5581 83 2049 129 853 -641 730 294
807 3 5209 0 5682 25 382 778
808 1 524 -417
809 2 7520 -288 313 961
810 8 2667 541 2043 663 1027 240 9906 241 8519 768 7285 512 4961 223 502 499
811 5 6193 394 5859 -234 2190 608 1030 501 335 143
812 3 8501 183 1762 0 158 169
813 3 2802 0 2032 615 249 796
814 4 9306 0 5290 476 1035 46 219 49
815 7 6102 369 9406 -521 5262 756 5055 134 2765 939 1255 83 476 0
816 5 7531 395 8214 44 9371 -683 2021 297 313 -562
817 5 8126 823 6777 724 7265 439 8585 159 62 799
818 7 7113 0 9749 718 3941 896 2749 179 1595 557 862 225 236 950
819 5 7278 55 2375 571 1652 787 1199 329 665 -984
820 10 1257 -777 7213 -649 2042 -594 7831 852 4542 568 3371 763 1256 766 973 0 878 598 135 83
821 4 2545 246 7006 653 2776 442 549 378
822 4 6701 -983 2604 9 3033 943 661 -235
823 5 7819 848 7184 -753 4793 613 2437 379 577 428
824 6 6323 152 5934 666 2306 0 1474 535 885 834 266 -766
825 9 2257 -622 4786 -448 6684 36 6580 518 4186 0 3901 667 3466 815 1657 962 175 -693
826 3 9433 -149 2602 -382 176 -550
827 3 7149 470 1511 -956 586 0
828 4 3191 -873 2593 533 3944 186 578 453
829 7 7608 105 7980 175 5534 516 3077 564 2019 -835 1627 461 88 -870
830 7 9119 337 4122 71 8482 -863 2829 110 2805 0 929 632 661 313
831 4 9183 106 6131 -945 1076 527 678 995
832 6 8541 -179 8431 -721 1944 319 1499 914 1242 845 45 0
833 4 8645 -813 8659 140 3226 -311 484 329
834 6 4836 924 9352 -970 7416 -456 7957 676 1066 748 408 988
835 7 5261 -348 4089 -971 4421 606 3266 574 1997 831 1707 149 797 681
836 5 1612 59 8565 0 1699 327 1323 -264 674 -62
837 4 221 274 3002 715 883 195 428 526
838 3 2107 -296 2501 -960 729 295
839 5 395 852 3912 984 6585 -637 5146 524 192 -507
840 4 8070 322 9623 -800 5403 57 419 112
841 6 7616 822 9642 -799 3849 -924 4051 -730 1240 500 756 202
842 3 4773 310 1195 803 624 833
843 8 5580 942 3262 899 6825 0 3003 971 2470 -238 1158 -611 915 232 252 488
844 8 9473 -762 5510 99 4459 272 4205 586 8123 30 5943 75 3828 300 252 159
845 3 3492 -829 910 51 43 480
846 3 359 431 1152 633 431 747
847 4 2904 654 8406 346 2308 214 661 505
848 6 5019 935 8836 -30 4654 884 3803 0 1412 723 581 -476
849 2 2242 -515 525 -303
850 5 8437 278 5164 789 2460 0 2494 0 399 289
851 7 8975 587 8242 -32 2471 0 2334 276 1687 0 1228 477 793 -299
852 4 3143 -553 1153 407 1027 347 495 172
853 4 4966 -758 1608 242 1191 -864 806 -641
854 7 5366 -286 3944 453 2353 290 1036 861 6858 -342 3242 451 344 154
855 3 8839 0 1562 0 716 -284
856 9 6737 983 528 765 7158 431 5790 0 6466 536 6461 -601 1738 648 1143 904 580 -502
857 5 3006 97 7691 747 7983 404 997 -961 596 402
858 7 6886 -366 8452 464 6869 -806 3546 -936 1765 177 1115 148 558 101
859 7 8066 -509 1459 226 4829 -918 7396 0 6942 18 5978 604 495 784
860 3 8373 -908 259 194 376 -646
861 5 1443 860 4897 840 4411 852 1349 207 208 183
862 5 5590 -85 4701 623 2424 731 1489 -781 818 225
863 6 3609 -172 6223 545 8507 -921 4069 796 1548 221 358 212
864 6 8396 590 3502 279 1735 389 4759 -631 4155 269 606 -429
865 8 1607 778 1905 -509 6631 308 4376 881 1385 -688 1241 -891 1233 -401 147 -703
866 6 9068 -970 3500 -677 9364 378 5893 783 3714 836 45 682
867 4 1999 281 1904 -449 1487 451 239 238
868 3 3852 199 8197 510 380 32
869 3 7962 100 2738 0 159 395
870 9 8757 -177 3645 812 5174 188 1487 -796 8502 -500 4115 0 1338 349 1126 203 706 -537
871 3 4799 0 1047 324 431 836
872 7 3318 639 6029 477 5532 385 2742 100 2298 619 2193 351 130 -708
873 4 2378 188 2324 449 2069 344 426 46
874 7 9104 -562 81 467 3314 -40 977 986 4538 764 2302 276 698 -214
875 8 2416 -239 5591 -352 3345 676 1585 -983 1264 811 1247 23 1186 -796 24 -149
876 2 2926 528 321 328
877 5 1852 54 9387 687 2797 156 2048 -754 754 125
878 6 6432 928 3181 940 2315 947 1883 385 1309 449 820 598
879 5 5887 -386 9972 338 9980 421 7958 913 461 -90
880 5 3074 717 5979 814 3448 -322 2297 -89 685 652
881 3 7309 93 947 -475 416 0
882 1 599 514
883 7 8347 -391 1184 -490 6069 148 5795 0 3206 476 1334 571 837 195
884 5 9233 499 2336 -107 1453 -310 1431 600 576 112
885 3 3609 -968 4983 712 824 834
886 4 7034 -88 8172 290 6371 700 237 -519
887 6 6044 112 8832 319 9728 -70 3693 -857 1885 593 339 292
888 11 9986 608 7750 791 5142 -953 1698 239 6343 945 2234 137 1689 -317 1552 417 1142 521 1043 81 38 227
889 8 9718 278 7942 78 5555 529 5140 -690 5122 290 1814 663 1009 208 283 969
890 5 9281 104 2027 -750 1543 841 1494 677 469 688
891 4 8735 177 6438 323 1710 977 788 916
892 4 4150 -155 7993 -27 2188 677 337 922
893 5 5157 198 4445 217 4728 44 1642 0 383 -651
894 3 3187 840 1044 853 208 693
895 5 9010 -13 2360 -630 6166 -317 1269 -966 714 912
896 6 9322 717 87 82 3789 -329 3784 -275 1231 -888 635 0
897 9 7069 -549 3519 824 1856 628 5481 66 6531 415 2008 870 1800 0 1095 -67 754 611
898 3 9843 561 6512 905 240 356
899 6 8658 640 9481 988 8590 629 7922 -639 3042 862 567 417
900 8 7506 390 7869 491 3102 -84 7688 279 5195 -464 2443 -438 1451 0 293 -720
901 4 6309 872 3046 925 2084 695 620 378
902 6 7104 716 8845 594 4849 529 5986 800 1362 609 280 350
903 2 983 219 724 598
904 2 4657 -794 347 0
905 10 1698 997 2204 947 7859 -161 5586 0 4165 129 2143 438 1634 -771 1406 696 1354 349 345 -83
906 6 3710 938 2526 -561 8759 192 6263 19 1609 113 316 460
907 7 703 822 5151 900 4633 677 3326 429 2529 721 1503 66 649 615
908 5 4778 277 6843 0 3496 -848 2322 918 1 20
909 3 7173 -261 5337 639 171 975
910 8 2113 906 6120 338 5452 -12 4912 419 4772 878 4206 -579 958 582 845 51
911 4 5251 -555 3927 532 9048 -819 610 526
912 5 2299 -670 8000 913 2283 598 1884 40 29 57
913 4 5020 225 8015 654 3709 -481 624 675
914 6 7726 964 1350 342 3248 0 2674 -540 1502 -293 236 -623
915 5 3117 781 7045 718 2612 138 985 350 843 232
916 5 6270 620 1460 -500 7847 -976 4643 52 768 724
917 7 4151 830 1052 0 8518 975 5398 40 2276 -567 1000 707 650 -332
918 4 9313 300 6658 -322 2500 -91 111 -681
919 2 7425 256 291 -74
920 10 3318 984 9626 274 1188 767 2903 990 6697 0 2796 -641 2024 973 1524 406 1150 -485 638 105
921 7 6021 342 8650 357 7320 221 6277 751 3966 -671 1172 52 681 455
922 2 6595 -232 116 871
923 1 126 -38
924 5 3334 -3 3825 105 3748 -178 2759 0 336 -570
925 3 7976 -924 4774 627 727 544
926 7 3625 92 2224 102 5300 906 4751 -757 3979 -321 2023 314 686 933
927 5 8155 -738 4875 167 4350 -14 3555 306 589 422
928 4 7903 -57 6916 64 6065 432 499 845
929 9 7190 -969 5294 555 9454 629 4332 -328 3582 378 2089 61 1416 -498 939 595 830 632
930 8 3618 0 1540 118 8326 576 7295 294 6080 527 1886 621 1596 855 23 182
931 4 5993 627 6625 362 1455 175 667 -929
932 10 6798 68 239 75 5048 759 9287 890 4275 -950 9191 378 7889 99 1801 470 1690 693 387 89
933 4 2657 127 3731 -597 1379 814 601 665
934 7 1010 -842 5501 9 9774 856 6414 -52 2423 -807 1138 -917 99 530
935 7 6890 -444 8917 -259 4232 -254 1905 948 1452 939 1306 -272 756 -877
936 3 1358 93 6116 -670 461 840
937 4 9756 169 2041 124 1088 746 651 751
938 4 4122 173 9977 -683 4836 718 137 0
939 8 4097 -663 4951 149 3069 -541 9296 -280 7081 684 3236 581 1629 296 929 595
940 2 4433 -312 21 508
941 6 1934 -864 1419 600 9870 596 4373 943 1229 -253 701 -424
942 6 8307 351 4190 784 4563 -48 3900 0 1682 -202 110 -848
943 7 8971 435 9105 343 1535 765 6583 146 4169 266 3916 509 83 894
944 3 5200 -17 2678 654 327 -512
945 8 3722 202 7363 517 7264 219 2551 -28 2863 29 1151 533 1141 712 679 605
946 5 5143 203 8514 632 8649 -592 5713 187 689 989
947 3 4372 656 1382 533 881 -475
948 9 6303 -689 7804 227 4168 167 5020 229 3063 -296 2618 -256 2388 806 1954 8 626 0
949 2 2004 338 589 297
950 8 6213 378 440 705 6206 433 4290 522 3058 -553 2017 461 1061 -34 265 -808
951 9 9064 456 6074 591 5433 412 4906 523 8002 662 3176 838 2372 -800 1268 551 382 0
952 6 9176 237 7956 997 8473 534 8065 866 6884 -344 217 -541
953 4 5377 -470 7756 902 7908 922 198 305
954 7 9817 976 8970 553 8874 0 4996 576 1902 847 1399 -91 405 38
955 5 7833 -140 9641 -409 3883 -910 1132 43 126 -254
956 8 9448 933 3271 -135 2839 -740 2751 -968 1852 -466 1643 119 1071 -382 58 915
957 4 3278 0 1044 -816 2105 618 783 887
958 7 9194 753 3144 399 3992 744 3814 413 2804 435 1649 53 910 582
959 5 4393 537 4512 796 6990 594 5999 644 230 61
960 3 4761 214 6512 -290 643 823
961 3 5830 933 2816 -792 33 -483
962 7 3691 -342 7601 107 6299 -966 3771 959 2454 999 2373 -947 774 -366
963 6 3557 -57 6367 490 4430 366 5217 1 1485 -230 2 552
964 6 2107 207 3935 75 655 -581 5805 -218 3245 415 442 977
965 6 7534 843 4394 332 2367 -800 7497 -662 1600 -459 410 469
966 6 3061 -903 6762 616 9720 155 7701 91 2724 842 57 -604
967 2 3484 -784 339 267
968 2 2780 90 702 863
969 6 3454 524 7037 155 6282 204 2981 815 1575 120 14 541
970 3 7122 575 1949 95 109 951
971 5 6626 800 5073 845 4031 994 1771 -229 186 -48
972 11 8276 400 1385 569 9330 -101 9327 534 4334 371 2206 567 1938 545 1742 -978 1383 201 1002 118 525 -962
973 3 7312 -571 1165 223 820 0
974 5 5360 843 2359 605 1928 -441 1515 341 537 840
975 7 8943 777 3521 -485 7209 -235 5702 315 2718 387 1584 11 498 468
976 5 9905 -961 2499 -312 3425 -860 1135 -184 269 639
977 3 874 986 5529 436 154 -350
978 7 2915 495 8974 -564 7463 498 5342 -805 4894 314 1091 298 273 773
979 3 1487 902 4484 335 668 626
980 5 7943 329 5757 504 3511 128 2281 617 575 481
981 2 7596 161 102 1
982 4 4837 320 3047 -694 1475 577 544 732
983 2 8651 -178 903 219
984 4 1945 -19 4947 112 1405 -260 452 640
985 4 9202 582 7752 -348 2310 744 915 350
986 4 5182 364 3201 0 1563 869 624 0
987 3 6251 941 2102 662 48 735
988 7 6244 844 9284 -367 9182 -454 5486 869 4059 757 1254 254 496 231
989 6 2933 0 8829 520 6704 837 4296 678 4216 -529 680 0
990 6 443 301 4518 -226 7129 441 1462 740 1413 807 348 -499
991 3 3081 526 1053 878 497 0
992 6 8241 265 6621 21 3028 -341 4702 417 2120 -80 395 -643
993 7 2548 -538 9609 609 6194 823 7119 -610 6622 615 4590 -123 576 299
994 6 7314 736 6771 513 3980 302 1723 731 1685 634 571 250
995 5 9451 -798 5131 781 4688 458 3932 138 421 397
996 6 1213 278 8921 928 8371 -554 8013 716 1576 651 202 237
997 5 1534 757 7100 -948 2085 927 1446 840 857 -961
998 8 7554 -385 6246 -617 3721 826 3225 254 2597 -813 2255 969 1546 121 321 602
999 2 9178 -132 461 690
1000 6 8358 -930 7822 83 5484 49 2271 183 1788 -102 917 707
1001 4 9583 0 1758 196 1133 303 251 436
1002 5 2788 426 2003 837 1083 -198 1004 -128 972 118
1003 5 585 295 7696 -996 7001 888 5603 620 91 90
1004 3 1594 721 3028 365 1002 -128
1005 8 5997 151 7985 -666 5537 500 2771 959 1636 0 1318 -263 1067 32 237 627
1006 5 5331 438 9987 330 8896 -501 4246 -381 175 539
1007 5 9473 685 4871 730 3223 -778 2104 195 528 -477
1008 7 1263 -48 5001 338 7897 -451 3556 980 2175 144 1320 253 223 0
1009 3 1882 51 1469 -264 889 208
1010 4 934 -842 7317 495 2942 555 367 -568
1011 3 2832 225 1866 -59 175 0
1012 3 4266 953 3915 -416 764 400
1013 6 9336 -534 3017 -561 2727 -403 1235 162 1201 585 716 0
1014 6 6824 763 8927 -297 3786 40 6248 -224 1159 977 396 802
1015 5 1388 -721 6037 -205 2755 -963 4621 547 730 539
1016 3 3634 -607 7852 776 12 101
1017 5 8951 468 6554 14 4513 56 4353 99 460 654
1018 7 8316 890 9308 541 6951 -973 4124 414 2121 460 1078 459 715 223
1019 6 9962 -850 2785 651 4118 -465 4031 174 1163 276 534 132
1020 3 3844 40 9490 0 487 195
1021 4 6448 -979 5188 709 2764 0 168 276
1022 5 3176 43 8552 249 4719 290 3892 971 728 190
1023 6 6975 69 3717 93 2407 800 1305 975 1100 629 128 781
1024 8 3825 251 9311 372 6769 447 1058 7 9317 -389 1724 462 1470 411 451 -435
1025 9 9133 671 9142 -338 1192 558 8218 461 4068 196 1410 446 1274 36 1105 591 341 303
1026 3 9277 -682 2778 387 416 -600
1027 4 6849 252 810 240 1398 70 852 347
1028 3 9490 -455 2107 0 23 -413
1029 7 8404 -669 2328 177 9235 -163 6101 0 2561 575 1925 464 86 235
1030 6 5752 460 8525 761 8198 -289 6628 147 1784 -517 811 501
1031 5 2800 341 2314 788 5425 -945 1599 -277 420 250
1032 5 9300 410 1042 -71 8726 -40 6501 174 534 851
1033 8 1788 -284 4697 944 9355 25 9452 124 5102 177 4349 637 3087 -274 485 968
1034 3 9310 413 5923 968 2 376
1035 5 5139 -579 2908 105 2741 685 2658 626 814 46
1036 6 854 861 7910 879 4576 918 4010 456 1507 -33 78 249
1037 4 5005 -303 1 177 3064 646 299 -621
1038 7 2760 865 2508 973 6408 656 2653 627 3695 706 2497 269 594 892
1039 2 1108 0 12 243
1040 3 4195 171 6125 -362 741 960
1041 3 9969 131 4209 266 188 756
1042 7 1032 -71 6514 489 4159 327 2409 -134 1647 401 1394 306 451 220
1043 6 6898 728 9893 785 3255 -486 1612 223 1130 -798 888 81
1044 7 6479 758 4239 -903 957 -816 6188 507 3355 0 1894 303 894 853
1045 7 3296 277 7568 949 2363 -746 3000 -511 1962 540 1252 -379 264 714
1046 6 2060 81 4269 0 8372 732 4057 440 2097 34 266 359
1047 5 2188 -255 4672 817 7972 841 5150 -369 871 324
1048 7 3544 0 5512 -364 7843 328 1858 24 1673 242 1327 169 290 457
1049 3 1185 -624 2125 726 86 595
1050 4 4556 565 4110 568 1966 588 216 920
1051 4 1403 -580 4679 450 2951 -365 268 -884
1052 7 917 0 8407 789 6259 908 3399 818 2588 10 2159 704 154 -585
1053 4 8198 0 9127 0 1565 475 991 878
1054 2 2478 -521 19 583
1055 2 2152 783 188 809
1056 8 3660 452 4162 381 9114 -904 7019 141 3331 463 2994 818 1492 805 43 64
1057 3 179 978 2727 -548 531 42
1058 3 1024 7 7249 532 255 747
1059 4 3861 642 3786 -789 1817 546 416 -735
1060 5 158 130 4966 520 2101 837 1910 705 488 -345
1061 4 6081 138 5734 13 2827 -520 950 -34
1062 6 7713 256 5701 923 2688 915 1680 542 1206 568 782 458
1063 2 2545 70 342 -747
1064 2 1762 392 137 700
1065 5 8039 945 9114 239 6506 0 1756 479 191 877
1066 7 425 -120 4628 895 2280 310 2656 -390 1669 556 1232 -328 834 748
1067 6 8005 417 2758 285 2619 0 3193 779 1975 718 1005 32
1068 1 188 398
1069 7 2304 351 5184 399 6933 -212 2009 -184 1624 918 1417 604 575 -324
1070 6 2760 886 7419 522 5699 -94 1326 -780 1290 -921 687 976
1071 3 3999 667 1372 0 956 -382
1072 4 7345 -391 5613 269 1622 0 124 468
1073 3 7088 -625 8234 163 235 987
1074 4 8425 353 7531 657 4924 609 510 -507
1075 4 3718 -997 8616 881 7973 232 534 -224
1076 4 3684 -948 3167 -566 1763 387 831 527
1077 7 3103 226 484 500 3099 290 5579 665 2429 708 2092 212 595 -881
1078 3 4314 -960 1449 359 1018 459
1079 4 4849 656 3954 215 1258 -162 585 665
1080 2 1573 777 374 -338
1081 6 8183 769 6005 480 4546 4 4086 0 3744 114 753 809
1082 4 320 103 8112 58 3879 248 616 -265
1083 8 5376 553 1120 307 8502 897 7028 -394 3602 664 1544 540 1414 598 1002 -198
1084 5 3701 -945 3733 813 1198 876 3988 -113 252 -826
1085 3 2346 576 1604 -498 520 677
1086 3 9075 551 1623 128 661 -83
1087 4 1209 223 6923 906 5415 293 474 624
1088 5 2872 -2 5179 -814 3573 447 1384 381 937 746
1089 6 9120 495 3496 570 8979 335 1732 269 1293 -433 645 -348
1090 6 7671 164 2969 467 2624 -686 2472 771 2040 581 668 -899
1091 2 3839 684 978 298
1092 7 6943 851 8496 -693 6474 -109 3685 -312 3493 334 1550 310 362 -156
1093 12 4364 608 5218 829 4837 993 6757 587 5672 -995 4025 -263 2696 370 2386 649 2202 473 1918 -237 1439 465 356 725
1094 6 7535 24 4748 602 3676 768 2391 775 1795 376 127 106
1095 4 6836 176 3551 291 3049 205 897 -67
1096 6 164 -122 9577 476 8808 217 8062 949 2335 -564 650 203
1097 7 7403 293 9551 918 2276 97 4709 568 1476 465 1445 875 525 77
1098 4 270 637 6745 337 5134 936 73 679
1099 4 7012 269 4436 514 1374 902 663 637
1100 3 1711 -214 1277 196 1023 629
1101 3 8101 -321 7221 519 801 -915
1102 6 3475 964 9479 245 1872 -958 4428 0 1482 186 214 141
1103 7 7048 -592 4970 726 3057 702 8035 -733 3166 752 7273 -19 305 119
1104 7 8146 325 5742 770 3948 726 7629 775 5280 752 4581 -847 674 0
1105 5 6466 0 5731 -172 2743 790 1251 108 1025 591
1106 2 7396 495 341 304
1107 4 2594 -967 8526 75 5562 994 398 973
1108 6 7954 -769 8611 -300 8480 -793 1785 -544 1721 804 1039 0
1109 6 4468 653 8975 395 794 -274 9156 -729 7076 468 679 -928
1110 4 5345 -369 5208 58 2456 -14 63 152
1111 3 8413 307 1432 110 261 311
1112 7 1594 857 6482 -879 4188 29 1963 -965 1497 -536 1182 0 219 635
1113 6 8766 427 1326 -911 4972 736 2421 -668 2083 813 227 882
1114 6 4868 827 1870 360 3242 228 5845 498 3190 856 529 922
1115 2 7787 891 858 148
1116 6 3909 925 2404 -391 3852 398 2904 635 1283 344 31 -827
1117 3 2579 596 4511 -148 342 51
1118 3 1453 495 3080 949 485 825
1119 7 532 882 7665 918 3351 504 2725 924 1941 770 1481 499 438 604
1120 5 4205 874 1083 307 5591 -618 4073 0 256 -184
1121 5 9476 381 2822 -732 2294 -243 2272 0 725 879
1122 7 536 644 5382 983 6976 -948 5068 -243 2570 -991 1869 -837 607 219
1123 4 8736 676 6388 890 4712 -619 410 0
1124 5 8092 810 8573 -506 2346 55 1180 9 327 106
1125 3 2853 419 1289 -801 702 997
1126 6 2427 800 5180 446 5908 359 1807 309 1377 239 870 203
1127 4 3491 -347 6306 646 2390 973 773 257
1128 4 752 -626 8514 -54 1766 43 563 -542
1129 4 650 -365 9833 601 6012 0 770 792
1130 4 1762 325 3030 0 1919 208 1043 -798
1131 3 7410 764 2852 519 138 -95
1132 6 9363 772 5594 815 6676 264 9265 794 5181 581 955 43
1133 4 1724 461 1949 662 1634 678 1001 303
1134 4 3218 387 8572 515 1468 -830 574 -48
1135 4 6475 58 7709 838 3056 614 976 -184
1136 3 6864 12 3036 -531 127 197
1137 4 6380 -84 2095 710 1181 -695 360 990
1138 5 9789 -752 2941 625 5997 715 4095 609 934 -917
1139 1 368 152
1140 4 353 159 4186 802 9603 262 477 -720
1141 2 1275 682 945 712
1142 7 2903 -831 7624 943 7137 781 4786 982 3536 834 1521 -887 888 521
1143 9 6134 972 7718 -125 2745 469 2378 -835 8232 0 8121 772 1638 127 1553 715 856 904
1144 4 746 138 8398 -989 6352 122 531 -301
1145 9 4454 -370 2440 -501 5844 734 4853 711 2773 262 2752 776 1922 502 1459 937 83 0
1146 5 2300 0 7795 -933 5197 31 2617 18 800 581
1147 7 7521 462 2509 479 2508 -654 2461 -746 2241 498 1495 -719 33 0
1148 3 5630 -837 1160 924 331 62
1149 5 9674 -6 7503 -518 4757 0 4190 31 185 989
1150 5 4339 -765 2486 623 1670 603 1284 -186 920 -485
1151 4 4205 103 3220 470 1479 424 945 533
1152 3 1248 -462 2795 877 846 633
1153 5 8549 -835 7966 682 6048 -722 5903 337 852 407
1154 5 1895 -381 5501 530 2166 537 1208 26 417 920
1155 7 5975 711 4336 -942 2897 540 2832 24 2057 103 1969 -15 522 -914
1156 5 1308 221 3728 244 2215 666 1672 -693 649 50
1157 3 4809 419 5054 26 597 423
1158 2 2987 313 843 -611
1159 3 3319 0 2476 -727 1014 977
1160 6 776 572 7518 -931 3615 180 7191 0 4183 329 1148 924
1161 4 3877 825 4944 517 1964 -345 220 748
1162 8 4262 -648 5504 313 7641 -51 4943 470 6012 -550 5540 483 5446 764 651 119
1163 7 6957 612 7057 857 6019 817 2282 0 2180 -194 1361 793 1019 276
1164 7 7444 603 9582 673 1878 635 7556 519 2843 180 1263 649 112 517
1165 6 973 223 8627 161 3023 168 1393 764 1358 465 263 603
1166 3 4025 344 3208 958 643 276
1167 1 66 489
1168 6 7143 942 9393 483 5358 -684 3169 753 1722 -443 722 133
1169 4 5041 646 5951 938 3127 586 174 137
1170 5 5880 -993 8608 -8 3497 885 1484 831 336 81
1171 3 2659 335 1779 749 277 -365
1172 6 5532 867 7491 842 7233 0 7632 -221 4504 886 921 52
1173 2 2854 -984 588 -111
1174 3 5983 920 8299 -691 135 316
1175 3 4593 183 3674 662 130 126
1176 3 8316 140 1344 343 269 559
1177 3 5456 352 2329 -898 147 12
1178 3 7659 642 5515 0 159 -544
1179 8 4149 -269 7884 323 7934 962 8445 665 4976 44 4072 813 1353 0 626 -175
1180 3 8099 -935 2301 178 1124 9
1181 5 3504 -150 2929 391 6731 -140 6245 309 1137 -695
1182 8 6700 -773 350 -849 690 180 7806 -572 7432 632 6561 867 3074 679 1112 0
1183 6 8116 21 6856 655 6839 148 3548 -238 1748 837 364 75
1184 5 883 -490 461 548 7038 -485 1568 596 329 193
1185 5 8078 343 1049 -624 8804 415 1390 653 77 -15
1186 4 6730 252 1363 243 1214 -384 875 -796
1187 8 5824 281 4060 -800 4566 62 3451 -371 2020 808 1986 97 1979 -144 417 377
1188 8 6400 116 7730 110 4245 -667 2291 652 920 767 6102 823 6088 517 457 -327
1189 4 6922 796 3060 682 1203 235 61 -478
1190 9 7056 947 1469 -890 5555 411 6792 30 4617 815 3409 143 1955 320 1260 -114 775 984
1191 8 9480 -642 9151 991 418 -471 5177 762 5939 0 2072 656 1225 852 853 -864
1192 4 1025 558 8469 -932 2415 712 353 -118
1193 4 1198 112 8227 -944 531 -553 286 115
1194 4 6008 44 2756 -940 1541 985 283 685
1195 1 842 803
1196 12 9431 898 6538 -67 3109 -35 3098 526 7265 710 5336 245 2460 168 2165 528 1897 -783 1403 999 1205 3 621 0
1197 6 2087 888 7601 803 5669 -457 3751 679 3597 165 794 112
1198 8 1193 112 8846 160 1489 972 1084 876 6218 -344 6865 -54 2591 -244 321 763
1199 4 4678 -395 4123 -724 9259 989 819 329
1200 5 7263 184 1422 0 1342 796 1207 357 533 882
1201 5 5836 -487 5233 -932 3015 -650 1639 860 1013 585
1202 3 6651 -371 4360 -305 273 -417
1203 4 8407 144 5963 912 1486 525 1189 235
1204 7 6175 380 4886 487 86 -562 7996 428 6961 591 4822 399 16 150
1205 1 1196 3
1206 10 2175 194 2113 794 2600 680 5493 -146 4543 10 3732 631 8278 -444 7670 -725 6956 -713 1062 568
1207 5 5919 979 3760 509 2919 917 2872 -209 1200 357
1208 7 4003 483 9516 306 1904 998 6143 527 9488 790 7283 548 1154 26
1209 6 1768 496 1087 223 6562 48 7918 883 3947 736 95 86
1210 6 8273 605 4525 62 4163 -430 1603 657 1480 0 280 955
1211 6 3775 414 9364 94 5620 501 5331 275 5127 -121 343 250
1212 2 3663 783 412 110
1213 7 4187 -548 1572 247 996 278 1792 755 3068 840 1538 565 23 298
1214 5 3941 -514 5081 923 5086 10 2835 61 1186 -384
1215 5 370 139 2239 349 2129 117 1744 354 302 806
1216 5 6359 750 4028 839 4980 62 3456 809 476 -445
1217 4 7191 927 2691 -12 2079 -160 432 743
1218 4 7712 319 6968 -229 2014 988 397 -102
1219 2 9617 -714 76 -51
1220 4 1755 168 6936 716 3263 277 689 344
1221 8 7710 963 8668 701 8316 45 7702 -747 7350 575 2779 855 1419 -675 345 0
1222 1 293 617
1223 6 6286 -339 7181 -159 4716 729 3085 144 1746 -23 425 -685
1224 6 736 370 385 29 4325 220 2875 -151 1932 -903 425 100
1225 9 7004 -502 3166 962 3898 666 5866 172 4735 856 3650 0 1837 170 1302 502 1191 852
1226 4 7405 -45 3239 -967 2794 309 795 71
1227 7 5327 132 3669 681 2072 -952 7634 806 5319 703 4056 528 77 449
1228 5 4933 637 2118 62 1387 447 1355 684 851 477
1229 5 9785 13 9782 -460 4594 -885 1981 865 941 -253
1230 4 1721 682 9253 0 3741 63 251 331
1231 2 8627 344 896 -888
1232 2 2855 -807 1066 -328
1233 3 5790 -96 2025 -548 865 -401
1234 4 4308 812 2677 524 2687 -739 763 580
1235 4 1928 -366 7511 795 2114 852 1013 162
1236 7 1256 29 4631 -435 6093 -362 3458 517 2955 142 2199 -670 562 532
1237 5 3951 -506 1996 703 1718 48 1245 767 415 60
1238 6 9469 221 7992 -864 8066 -518 2077 944 1569 -468 432 519
1239 6 6393 161 4141 -888 6085 705 7886 162 2273 734 117 280
1240 6 494 345 6256 -868 4003 -471 9119 427 4892 439 841 500
1241 6 3384 447 7262 -160 440 -3 1389 421 1311 596 865 -891
1242 4 3829 539 9127 198 4937 137 832 845
1243 7 1998 72 9111 496 9184 -204 3219 997 2580 464 2168 -206 119 895
1244 3 7672 712 5206 -483 337 271
1245 3 6616 57 5121 898 1237 767
1246 5 5050 541 6916 197 4136 87 1337 -801 752 228
1247 4 7158 463 8693 11 7152 983 875 23
1248 6 1831 587 1152 -462 6691 686 5883 -769 1488 812 785 558
1249 7 7667 998 725 172 6624 -650 4913 421 4043 -27 2313 0 561 758
1250 4 6287 0 3821 -638 1397 850 514 -33
1251 5 9548 113 8516 533 5159 273 4303 0 1105 108
1252 4 8814 607 4720 -816 3993 -876 1045 -379
1253 4 8752 742 5862 519 3320 106 107 -979
1254 8 3112 358 7280 -805 7124 436 5074 475 4554 106 2557 277 1686 704 988 254
1255 8 5300 -848 8157 892 3708 416 2613 -827 7331 548 6194 702 1983 372 815 83
1256 7 1236 29 3103 763 7701 781 8834 997 8781 -140 3626 -756 820 766
1257 4 7182 0 820 -777 5136 -64 466 408
1258 7 9564 691 8667 952 6766 910 6151 132 4832 82 1580 45 1079 -162
1259 7 2259 295 6294 -416 4495 -11 4197 498 2362 116 2010 -513 374 -136
1260 3 8326 397 6964 256 1190 -114
1261 3 6527 160 3168 200 1 522
1262 5 9174 -321 9928 415 6223 -992 5327 -934 539 -757
1263 7 1008 -48 1299 828 2408 -533 8818 731 4596 -347 1460 49 1164 649
1264 5 712 357 8068 850 7547 801 5294 318 875 811
1265 2 4745 55 387 626
1266 8 3632 -671 8274 -985 9429 -681 7526 106 6060 -342 2106 705 1747 218 457 -365
1267 6 1915 0 1741 527 4278 618 7093 561 1426 386 184 235
1268 4 2428 570 235 28 5384 370 951 551
1269 2 5268 -647 895 -966
1270 4 6406 -90 7627 758 2786 140 671 -149
1271 4 8546 785 9108 325 4305 513 691 869
1272 10 8946 0 8392 543 5831 677 5434 412 4890 156 2927 -695 2247 467 2227 909 1514 27 576 763
1273 3 9612 915 9314 856 211 -825
1274 6 1993 580 3567 961 4199 0 2252 965 1299 909 1025 36
1275 10 1588 -712 8256 612 8365 581 2282 764 5281 363 658 435 7157 991 6302 308 3929 923 1141 682
1276 6 6754 661 6643 327 7321 861 1937 383 1385 435 234 -148
1277 6 358 118 8910 -122 5007 47 1617 469 1605 425 1100 196
1278 4 6186 -325 3935 605 4503 744 778 624
1279 2 6762 -376 387 -522
1280 6 5435 767 1540 292 9754 -874 7017 785 4035 0 32 906
1281 7 4122 556 7542 -498 6662 599 5787 878 3174 983 1407 120 211 958
1282 3 8307 -708 3776 760 531 871
1283 7 6768 460 9950 -404 9425 996 7193 805 3584 -246 3178 -359 1116 344
1284 5 8162 -912 5822 992 2237 0 1418 779 1150 -186
1285 6 1448 -609 6512 39 7033 229 5949 -372 2408 245 62 -123
1286 4 3958 749 3412 831 2616 383 209 757
1287 2 7264 268 511 -462
1288 2 3086 -61 319 -464
1289 5 5533 -134 4033 639 3512 989 1614 879 1125 -801
1290 3 2264 689 1956 610 1070 -921
1291 7 8165 50 1384 240 2491 732 7492 -197 4446 -595 2067 18 49 105
1292 5 2041 -972 2980 445 1746 278 1855 -405 610 965
1293 5 8986 448 9329 945 8636 245 2090 625 1089 -433
1294 1 557 868
1295 7 8849 825 7812 841 2340 851 2173 -153 1782 820 1317 447 59 436
1296 4 8071 14 6519 -773 1456 489 196 -276
1297 3 1357 536 2952 -537 120 105
1298 6 6535 963 7292 701 9612 -365 6096 -413 4327 652 286 580
1299 9 4116 31 1263 828 6541 0 486 395 6319 384 4173 -429 3148 -367 2075 412 1274 909
1300 4 5698 -251 8285 472 6024 957 287 -630
1301 2 7417 -223 280 477
1302 4 5959 537 4740 132 7960 726 1225 502
1303 2 3318 953 720 0
1304 6 7418 -482 3417 -275 3040 565 2213 -316 2011 308 7 -81
1305 6 1586 764 2445 891 5133 672 7428 927 5629 131 1023 975
1306 3 1978 -623 1822 798 935 -272
1307 9 8225 397 4509 280 4843 172 4749 -542 4530 21 3455 392 1364 298 1313 0 748 576
1308 3 1156 221 2450 288 602 410
1309 4 9364 -589 9805 832 7002 910 878 449
1310 5 472 181 8043 15 3041 323 1369 -526 184 24
1311 5 5025 990 2730 244 1420 149 1324 43 1241 596
1312 2 1496 28 391 -460
1313 5 3030 18 6108 -105 2611 -281 1523 595 1307 0
1314 4 7751 82 6814 -919 2482 457 435 154
1315 4 8326 -19 2714 966 2119 224 535 326
1316 4 3617 665 8076 436 3545 -958 183 263
1317 2 2446 572 1295 447
1318 5 2450 0 2087 0 5019 -70 6887 223 1005 -263
1319 7 5214 -443 8269 -283 745 528 4847 903 4344 670 3275 800 266 -162
1320 1 1008 253
1321 4 2797 -89 8544 580 2766 617 456 827
1322 9 6655 659 7001 184 5053 805 4226 -831 3481 780 2487 646 2031 869 1371 646 439 84
1323 6 1433 481 8510 391 8012 390 9984 813 2609 846 836 -264
1324 2 1747 832 1311 43
1325 3 8716 432 1554 -838 102 178
1326 5 9750 0 8214 942 1113 -911 1646 398 1070 -780
1327 5 5099 864 3480 -70 5736 -433 2522 852 1048 169
1328 2 6818 456 66 490
1329 3 3022 -750 1472 900 655 96
1330 4 2624 478 7362 926 1755 293 700 -954
1331 2 2677 0 104 765
1332 2 2365 229 331 -973
1333 3 9594 -755 2469 613 455 217
1334 4 2460 -714 6003 -806 1392 -612 883 571
1335 5 6773 124 5622 13 4105 526 1792 568 75 -677
1336 6 3547 258 9020 726 6620 286 5754 -758 4900 287 490 -858
1337 5 3222 0 8118 380 1565 -517 3775 502 1246 -801
1338 4 4001 823 4947 157 2002 905 870 349
1339 1 636 523
1340 6 2035 761 5249 305 3004 25 1641 -486 1577 11 270 -181
1341 6 9242 927 2730 40 4409 726 4251 369 2915 -265 77 963
1342 7 9322 -929 9190 222 5367 142 5114 362 3772 182 1343 847 1200 796
1343 7 4281 -754 8539 886 9841 1000 8243 273 2838 652 2066 996 1342 847
1344 4 7449 640 9057 625 8911 334 1176 343
1345 5 124 -801 4066 601 4407 406 4047 883 416 863
1346 4 3356 -68 4746 899 2177 66 530 443
1347 4 8123 985 3882 -511 8768 657 45 77
1348 5 4045 516 9094 373 3447 987 1704 264 183 20
1349 4 7819 338 4492 769 1967 541 861 207
1350 7 4553 413 3257 0 914 342 7918 675 7620 622 2038 395 712 291
1351 6 2561 403 2948 319 1881 217 6719 559 5196 940 317 400
1352 6 2256 313 1600 541 752 -643 8920 676 1656 315 619 510
1353 4 8989 -853 7811 237 3644 -260 1179 0
1354 5 401 207 4712 297 4405 190 2553 250 905 349
1355 5 7338 700 7083 629 6832 566 3126 588 1228 684
1356 4 8927 535 3016 888 1890 619 570 941
1357 6 7340 -905 1297 536 8119 852 7415 580 1542 -156 294 559
1358 6 936 93 4583 541 8430 871 4156 -514 2030 -203 1165 465
1359 3 4211 0 9200 361 694 657
1360 6 2053 -552 6428 461 7042 0 6142 -790 3521 746 665 0
1361 2 4943 489 1163 793
1362 3 1665 211 6252 661 902 609
1363 4 1506 0 2775 604 2109 -324 1186 243
1364 4 3642 572 7853 680 1381 934 1307 298
1365 5 3164 -896 3134 659 2354 573 1694 629 13 108
1366 6 2295 85 4145 795 8825 -76 4402 432 5458 91 111 230
1367 1 266 983
1368 3 3478 610 9927 906 774 275
1369 3 2888 531 2527 258 1310 -526
1370 4 2714 647 5991 565 2488 457 252 628
1371 7 9788 777 4925 469 4893 895 1839 134 1780 -511 1581 -627 1322 646
1372 5 8813 0 5761 -987 9127 505 5850 -114 1071 0
1373 4 4599 356 4561 0 2183 352 18 -520
1374 10 4971 -332 9885 277 5282 -375 7145 633 9427 268 7374 220 4850 661 3924 371 2770 208 1099 902
1375 3 4840 195 6216 933 222 866
1376 3 8981 365 2695 512 745 730
1377 5 1390 384 2673 515 8739 114 2504 737 1126 239
1378 4 9363 483 3680 650 1943 -826 328 -736
1379 2 7997 352 933 814
1380 5 8787 9 9193 377 4722 493 2449 757 210 97
1381 5 4250 -608 2746 291 5779 813 3477 146 1364 934
1382 4 9454 0 1840 987 1761 456 947 533
1383 7 4253 803 9460 268 8982 -273 5886 920 5353 883 4859 -640 972 201
1384 7 1291 240 8418 548 6424 690 5414 84 4114 -994 2339 411 1088 381
1385 9 9300 922 6769 486 972 569 865 -688 5229 544 9620 804 7596 584 5488 451 1276 435
1386 4 9386 -118 3968 196 1715 678 294 -549
1387 1 1228 447
1388 7 1015 -721 9981 881 8705 55 8263 731 3701 879 1607 98 131 786
1389 5 6946 16 8714 372 7259 934 1428 298 1241 421
1390 8 1377 384 7407 219 1516 403 7212 463 6715 599 2383 113 1982 559 1185 653
1391 5 2360 -191 9447 207 6002 860 5855 -409 245 -781
1392 6 1622 0 8949 546 1334 -612 9237 77 1989 654 323 750
1393 5 3127 27 3400 -769 7442 -428 1959 719 1165 764
1394 7 9689 223 9996 277 7830 925 6720 -597 4623 -190 1888 293 1042 306
1395 5 9548 777 5870 267 4839 -988 1526 -206 645 749
1396 5 2310 146 328 91 9325 -77 3950 282 386 28
1397 4 9395 -486 2614 478 8828 141 1250 850
1398 7 2479 766 3635 759 4530 923 4547 -223 3434 81 2404 -271 1027 70
1399 4 2087 -672 8873 778 2275 968 954 -91
1400 7 432 420 2567 208 4434 922 2706 -994 2364 604 1688 317 276 41
1401 5 5069 0 7099 -372 7281 453 1566 -596 231 794
1402 5 8805 -825 8495 302 7812 828 1912 875 214 871
1403 7 1051 -580 4222 471 5596 -521 2995 870 9214 490 3625 850 1196 999
1404 8 9964 0 8081 -110 1546 -471 9341 736 3729 517 3132 340 1750 474 103 117
1405 2 9341 -164 984 -260
1406 5 5429 0 6398 895 8903 100 3332 95 905 696
1407 3 8950 565 1613 31 1281 120
1408 7 2475 487 7955 284 7116 885 6390 314 6227 -544 1872 538 648 513
1409 2 7087 -24 151 -609
1410 2 2130 -498 1025 446
1411 3 4317 104 2644 292 27 55
1412 2 7981 593 848 723
1413 5 8992 228 7835 -350 2583 694 1435 -142 990 807
1414 3 6723 76 7808 652 1083 598
1415 7 6528 326 8469 80 5330 910 7980 577 1796 591 1632 -507 598 -111
1416 4 3366 669 3844 0 3374 -753 929 -498
1417 3 2256 100 6339 741 1069 604
1418 5 3270 -963 3013 -869 4613 511 7757 510 1284 779
1419 6 5279 247 941 600 7238 104 4557 552 3943 575 1221 -675
1420 5 2070 39 5998 643 2344 775 1900 955 1311 149
1421 7 9543 595 9094 -590 382 909 6279 -267 2360 -183 1473 308 773 492
1422 3 2257 0 2933 542 1200 0
1423 3 1501 249 2088 0 678 369
1424 6 9453 359 7736 570 3880 673 3659 80 2216 616 289 569
1425 6 2321 0 9562 563 6046 765 5763 216 2045 660 544 410
1426 8 4952 502 6077 0 2890 -868 6217 585 7225 0 6915 -977 4167 -410 1267 386
1427 4 6393 19 4374 279 2128 515 680 145
1428 8 560 642 2668 -719 3209 176 2072 0 3823 320 2071 -622 2064 977 1389 298
1429 8 3911 0 9 856 7871 -611 8174 452 6307 555 4552 954 2761 560 604 -160
1430 4 5663 744 1863 992 1684 -242 465 -540
1431 7 2826 -610 5270 189 2117 -464 6235 -594 3488 953 2189 -315 884 600
1432 2 6092 151 1111 110
1433 7 1770 -16 4381 -294 310 622 4325 947 1323 481 2869 -724 129 -604
1434 7 2381 746 7947 946 5662 635 5286 -188 2521 -505 1665 192 122 626
1435 5 8037 -137 5566 539 1574 960 3170 135 1413 -142
1436 6 7487 0 7908 185 6361 736 3642 0 1645 336 674 285
1437 2 6913 -650 641 -975
1438 5 5691 -254 3334 13 3228 143 2439 169 530 251
1439 4 6585 -550 5492 661 3095 -562 1093 465
1440 5 8799 419 740 74 8853 -370 4601 237 180 666
1441 3 238 681 7101 885 632 370
1442 5 2665 835 5401 511 1813 -174 1716 142 199 146
1443 7 861 860 5879 898 4243 129 4870 659 8409 103 1862 135 413 284
1444 6 8708 61 6472 519 4416 438 2608 355 1829 569 397 773
1445 2 2520 -760 1097 875
1446 4 5610 -824 1705 562 1751 178 997 840
1447 4 3911 743 3293 97 2418 1000 35 69
1448 9 1285 -609 1477 103 2607 867 9894 932 3058 642 4869 -104 9884 689 2896 802 63 496
1449 7 1522 612 4906 463 4093 550 1851 0 1847 363 1662 -333 1078 359
1450 2 2967 476 279 654
1451 1 900 0
1452 3 4214 687 2514 714 935 939
1453 3 9004 93 1118 495 884 -310
1454 4 1647 -501 8453 99 1868 649 22 266
1455 3 3169 163 1530 3 931 175
1456 2 8979 520 1296 489
1457 3 2405 452 2250 684 475 683
1458 3 2046 -201 1598 -986 75 334
1459 5 859 226 7033 201 4313 895 1564 -461 1145 937
1460 4 8824 -46 916 -500 6551 628 1263 49
1461 8 8221 508 5204 913 8509 447 8213 287 4042 774 3755 -751 3027 192 198 117
1462 3 7609 678 2633 947 990 740
1463 6 2419 916 6991 81 4592 947 4340 255 1987 162 550 413
1464 4 6388 0 5634 449 5552 693 8 844
1465 3 3982 0 2638 37 147 128
1466 5 7146 698 8595 -829 8118 433 2886 909 59 898
1467 7 9558 187 8008 622 140 -15 3365 351 2343 361 2280 292 745 729
1468 6 9455 793 1568 887 6194 844 9396 410 2157 707 1134 -830
1469 7 4722 -384 1190 -890 6649 -624 5421 476 2379 880 1745 838 1009 -264
1470 2 4504 834 1024 411
1471 6 5493 -654 3003 -973 8513 -643 3835 354 1799 966 118 924
1472 4 4237 -727 8507 -841 2654 947 1329 900
1473 4 7230 265 9325 178 7320 855 1421 308
1474 3 5494 353 8870 -519 824 535
1475 2 6572 826 982 577
1476 2 8017 446 1097 465
1477 10 9361 803 1448 103 8743 662 2156 164 8771 398 7626 88 2605 -948 1867 -308 1505 541 594 -658
1478 5 5428 877 4821 -848 4075 127 3279 461 483 -640
1479 5 9303 700 8730 152 8312 184 3997 247 1151 424
1480 5 4818 588 3265 492 3121 -42 2184 438 1210 0
1481 3 5572 407 1730 555 1119 499
1482 8 2888 523 3989 906 7345 -167 9527 74 6629 552 2169 -393 2013 -643 1102 186
1483 3 7450 700 3125 46 44 -811
1484 6 3260 -588 5032 -699 3643 902 3438 94 1626 -581 1170 831
1485 3 7470 736 7936 911 963 -230
1486 5 7332 927 2698 187 4384 217 4139 -362 1203 525
1487 4 979 902 870 -796 2293 0 867 451
1488 3 9365 607 2808 308 1248 812
1489 3 1198 972 4539 774 862 -781
1490 4 4020 -146 6848 200 6667 533 464 -757
1491 6 2738 -953 8654 -930 5758 -984 4677 718 2261 -811 679 127
1492 3 2961 20 4046 62 1056 805
1493 3 5682 -453 3860 294 786 564
1494 4 4891 482 4946 0 4624 741 890 677
1495 5 3848 570 364 588 8723 191 1664 574 1147 -719
1496 6 8158 -434 1909 35 9229 -702 3757 871 3737 607 1312 28
1497 5 2891 629 3144 978 1826 474 1551 367 1112 -536
1498 3 276 268 1703 -434 540 165
1499 5 4438 335 7379 -792 5208 991 1951 737 832 914
1500 5 601 459 2709 -947 3223 438 3053 445 451 825
1501 3 1423 249 3284 0 673 -136
1502 1 914 -293
1503 3 3738 614 1727 -288 907 66
1504 5 3618 -305 2080 16 1931 -713 1631 74 300 885
1505 7 91 689 3325 0 3279 -689 8708 -692 3421 270 2325 -223 1477 541
1506 6 1363 0 6040 -48 5433 522 3733 665 2992 -361 264 890
1507 4 7115 932 5349 0 5505 370 1036 -33
1508 5 6625 494 2171 -897 2132 482 1644 851 125 574
1509 5 2093 461 4696 842 4678 150 1846 866 60 -695
1510 7 7203 -654 9172 826 2216 82 9202 296 6613 177 4604 -450 246 73
1511 4 4144 -70 6238 -707 2147 229 827 -956
1512 7 6667 383 7001 525 8811 446 8530 -881 8039 665 4864 -230 374 -651
1513 9 6421 688 3983 -921 4737 420 6860 490 3135 589 63 854 2767 204 1818 241 46 127
1514 6 7548 806 3499 271 538 301 3124 871 1587 606 1272 27
1515 2 8802 -960 974 341
1516 7 7950 -348 7250 370 1390 403 9494 0 8275 0 1594 109 31 0
1517 4 4585 -396 4706 861 2039 -614 173 234
1518 5 1866 530 9158 449 8957 -71 3722 0 176 926
1519 5 6981 57 9023 -970 4049 666 3222 416 683 -583
1520 5 2367 0 3237 -562 9180 170 9638 -93 4 495
1521 4 4649 443 4085 425 3137 791 1142 -887
1522 4 1449 612 4196 794 3704 408 462 -981
1523 5 758 362 8459 6 6417 -600 5716 120 1313 595
1524 2 4672 258 920 406
1525 3 7592 -266 6420 778 774 879
1526 2 4442 100 1395 -206
1527 4 3081 -560 9254 546 5892 186 635 144
1528 4 6511 191 2530 875 1753 58 510 895
1529 5 7601 985 143 -804 6800 -289 2867 -493 422 914
1530 4 5980 331 7603 -414 3572 810 1455 3
1531 1 351 0
1532 4 6729 -105 5332 565 2326 721 380 771
1533 5 5568 -65 1630 606 8694 809 2781 595 727 254
1534 7 7147 -89 7360 835 997 757 7199 860 9811 778 4268 478 162 894
1535 6 943 765 1639 488 9950 953 2596 -220 2526 579 143 -769
1536 6 3550 353 6428 -495 9106 697 9080 926 2445 -249 12 -696
1537 6 9936 -347 5909 650 4634 838 5225 -840 1571 -197 667 -696
1538 2 6591 863 1213 565
1539 5 8753 365 1903 675 8645 729 5060 161 392 313
1540 5 930 118 440 27 1280 292 2007 971 252 0
1541 6 6088 444 5040 -194 6521 0 4211 385 3306 432 1194 985
1542 4 9682 -650 7638 -463 5816 323 1357 -156
1543 1 890 841
1544 6 6089 164 2774 -343 7065 404 2685 0 2663 133 1083 540
1545 5 8270 561 7099 436 4854 356 2701 0 88 83
1546 5 1404 -471 8695 806 7793 -534 1767 125 998 121
1547 7 4033 142 8560 -574 8156 -873 6374 558 3530 674 2096 613 232 845
1548 7 5735 526 8727 -719 4486 0 4038 322 3474 398 2187 600 863 221
1549 7 6769 842 5321 131 3097 481 7557 203 8607 -740 3153 807 561 0
1550 3 6796 984 9328 -875 1092 310
1551 4 3911 858 4453 -955 2691 212 1497 367
1552 6 7348 699 8794 718 8300 -440 4456 818 2299 77 888 417
1553 5 6263 -550 619 -218 6281 -157 3746 -667 1143 715
1554 5 4919 53 9987 -512 468 938 425 83 1325 -838
1555 2 3613 870 732 -306
1556 3 6683 896 5907 -963 63 838
1557 3 3368 892 3566 905 215 449
1558 2 9849 529 183 268
1559 5 4400 -943 2417 999 4641 456 4079 110 478 559
1560 6 523 202 9728 -658 7452 513 6754 306 3910 555 425 821
1561 4 6920 427 6165 721 3091 -240 60 208
1562 3 3903 302 3827 -504 855 0
1563 3 6580 839 6463 597 986 869
1564 5 9695 543 6263 0 6950 -752 2700 638 1459 -461
1565 4 801 551 1337 -517 5708 195 1053 475
1566 2 8124 -673 1401 -596
1567 5 5072 0 8468 393 2939 110 1907 371 627 476
1568 6 8414 275 1468 887 2089 779 6416 641 5311 -427 1184 596
1569 8 1897 835 2962 399 3118 735 9289 60 7502 -274 4343 428 4116 851 1238 -468
1570 3 4339 160 3793 804 58 601
1571 3 5381 623 8862 787 1537 -197
1572 9 1213 247 4047 223 7099 203 3819 638 3146 248 2652 796 2484 134 1695 0 405 635
1573 3 8550 -805 2034 241 1080 777
1574 5 1733 -886 1435 960 8528 578 1660 839 213 -3
1575 5 6394 177 7110 271 8124 679 5992 215 969 120
1576 6 9868 802 4458 320 3312 954 2192 867 2029 0 996 651
1577 4 4649 331 2059 681 1980 -513 1340 11
1578 1 662 480
1579 2 2117 93 123 818
1580 5 2636 494 8525 -91 5799 -111 6843 -657 1258 45
1581 4 4785 467 2984 -18 2680 399 1371 -627
1582 6 4272 204 2062 0 5042 0 3570 -327 3024 241 148 919
1583 2 3162 789 534 109
1584 1 975 11
1585 4 9628 984 9946 945 3110 191 875 -983
1586 4 1305 764 1788 -156 3517 252 654 226
1587 5 3747 678 5822 413 8620 281 7371 587 1514 606
1588 5 1275 -712 6542 -105 4976 789 5424 348 750 571
1589 3 8524 0 4718 859 407 956
1590 7 6837 -677 9903 0 9815 533 5725 -946 2485 309 2295 787 147 279
1591 4 4882 914 5420 840 8017 621 584 -293
1592 7 3996 -314 6420 553 8696 558 2563 0 5201 470 4447 415 625 106
1593 6 6835 606 7448 312 7164 -620 6711 -898 3798 948 248 167
1594 5 8143 12 1112 857 1004 721 5162 749 1516 109
1595 5 9164 645 2959 164 6689 -759 3978 722 818 557
1596 4 4560 -6 2902 -680 2328 -486 930 855
1597 4 3415 332 6675 0 6246 264 775 231
1598 6 5156 351 5541 -126 7971 -771 6418 462 2211 88 1458 -986
1599 2 9854 647 1031 -277
1600 8 1352 541 3204 972 7111 -319 9390 0 9295 130 7773 647 6611 377 965 -459
1601 1 300 -426
1602 5 5694 738 8591 -558 7893 -283 3156 465 696 531
1603 4 2010 409 8052 232 4848 192 1210 657
1604 6 8456 -871 2883 509 1720 957 6396 18 3739 -437 1085 -498
1605 3 136 648 3575 -280 1277 425
1606 3 2961 633 1861 0 126 463
1607 4 865 778 7223 -707 6237 -848 1388 98
1608 6 6082 57 2925 216 2899 720 2510 291 2170 896 853 242
1609 5 73 28 3216 781 9137 -602 3034 559 906 113
1610 4 6153 84 9782 965 2737 320 278 635
1611 5 1636 -656 9856 -203 651 269 8237 -626 234 -610
1612 8 836 59 19 572 6345 157 8410 329 5748 0 4394 835 2366 296 1043 223
1613 3 8544 328 8549 638 1407 31
1614 5 7437 170 5932 -91 8846 454 6724 718 1289 879
1615 7 1842 0 5496 540 3423 540 7703 -683 5940 122 1764 -936 154 854
1616 5 3018 310 5617 0 4487 -380 4400 -948 282 643
1617 5 1973 0 6260 287 4060 501 2361 399 1277 469
1618 4 6407 354 4021 132 3375 4 450 740
1619 7 9266 -759 9790 360 5909 243 9767 391 3886 862 3184 188 388 891
1620 3 5543 -956 9800 132 84 -282
1621 4 3069 -510 6653 265 1887 242 522 808
1622 4 1392 0 7126 0 1924 0 1072 0
1623 5 9357 932 8246 320 9995 604 2576 288 1086 128
1624 5 6257 513 8371 -29 8776 678 4619 653 1069 918
1625 4 4257 336 6401 981 5631 807 91 411
1626 4 2134 143 7455 653 3347 -313 1484 -581
1627 5 7292 777 3274 239 8601 379 3120 -709 829 461
1628 9 2639 507 6797 155 2775 119 1721 -100 9445 356 3669 352 8961 225 1770 718 623 109
1629 5 7229 381 5985 -967 4755 858 4170 767 939 296
1630 9 1533 606 1867 756 5643 -866 9542 839 512 -419 6296 361 5753 858 2721 821 324 823
1631 3 78 142 6982 -691 1504 74
1632 7 2105 248 3424 487 9744 -547 8763 546 6209 11 2507 0 1415 -507
1633 3 7031 122 1807 -841 506 627
1634 6 1133 678 7687 847 6404 -622 3683 0 3344 762 905 -771
1635 3 3287 359 8082 749 12 -613
1636 8 1611 -656 5905 -901 4906 -560 4581 885 5801 304 2966 -563 6592 608 1005 0
1637 3 8225 201 1842 -385 343 974
1638 4 3051 -112 6313 212 2131 0 1143 127
1639 6 1535 488 3866 -28 9933 767 7127 6 9007 -85 1201 860
1640 5 8571 -316 2204 0 4512 617 2473 232 421 0
1641 6 4290 27 9200 181 3396 213 2426 476 2116 205 1340 -486
1642 4 3825 641 2673 870 6577 -768 893 0
1643 7 6398 477 9361 182 3957 967 3723 412 2733 599 1729 268 956 119
1644 4 6453 16 4537 226 2589 0 1508 851
1645 5 7808 410 9452 0 9975 45 2363 527 1436 336
1646 3 4199 935 3434 856 1326 398
1647 9 6636 209 1454 -501 6020 -867 668 -90 7567 -32 5609 -490 4803 -393 2802 843 1042 401
1648 4 113 537 4401 285 3316 883 550 -405
1649 3 8511 -770 4144 31 958 53
1650 6 9929 -4 7108 -418 2981 503 6236 566 1914 883 353 0
1651 4 6421 349 4622 804 3300 -47 220 475
1652 8 5577 326 6593 683 3116 507 9448 132 7229 677 4789 -140 2613 -562 819 787
1653 3 8249 0 2201 322 113 557
1654 8 9282 -989 1977 982 9197 937 4909 607 5276 760 3768 206 2154 610 19 901
1655 5 2007 825 6267 0 5485 412 2158 -834 688 -868
1656 5 6969 164 4958 561 5907 608 7593 744 1352 315
1657 6 6008 100 2106 909 3865 -188 3769 -740 1736 288 825 962
1658 6 8626 622 7481 -116 7088 265 5844 -886 1836 804 786 266
1659 4 335 0 7254 -495 7189 -421 70 139
1660 7 4458 457 5676 338 2202 244 1681 178 7807 407 2251 726 1574 839
1661 4 4103 640 6423 826 1668 914 38 567
1662 2 1916 717 1449 -333
1663 5 6086 -545 8990 0 4432 996 1950 -119 330 159
1664 6 3074 -757 8293 996 6746 555 3005 668 1697 845 1495 574
1665 6 2895 873 1362 211 5989 -768 1934 106 1790 830 1434 192
1666 2 7049 870 763 624
1667 5 4320 383 5687 476 8303 85 7976 871 645 -947
1668 2 442 0 1661 914
1669 2 2879 843 1066 556
1670 5 6397 559 8489 -319 8485 -219 2940 74 1150 603
1671 8 4502 568 5030 114 2095 660 3101 976 4639 -21 5485 -106 6764 -222 653 465
1672 6 6666 356 6901 -588 4468 -548 2978 -84 1971 689 1156 -693
1673 5 7708 -357 5618 0 7131 960 5205 775 1048 242
1674 4 8981 647 9268 534 2003 965 418 459
1675 3 7528 2 3671 330 691 -115
1676 4 2356 186 5971 518 4071 122 531 0
1677 6 1903 401 6212 482 6105 810 3390 0 1853 951 670 6
1678 8 7388 394 3155 926 5608 463 7733 957 3393 -177 2980 239 2641 16 590 -432
1679 6 2561 697 6504 -699 4393 202 2946 221 2226 -652 612 316
1680 5 7484 541 9181 359 8767 0 9352 105 1062 542
1681 7 5378 48 1660 178 5866 352 7250 -858 3431 -382 2286 240 438 939
1682 1 942 -202
1683 2 2204 352 592 254
1684 4 8215 294 719 130 9259 830 1430 -242
1685 2 7153 302 994 634
1686 1 1254 704
1687 2 7928 556 851 0
1688 5 254 0 2811 -42 3772 153 3562 95 1400 317
1689 5 9900 -759 5533 -725 3734 -988 1833 937 888 -317
1690 3 290 -286 2745 189 932 693
1691 3 4074 121 3927 86 239 519
1692 4 9905 293 2151 -187 1911 0 552 751
1693 6 6183 -808 3696 631 8203 600 2111 -867 2047 438 391 167
1694 4 3298 282 9917 793 3240 -81 1365 629
1695 4 8891 518 2584 579 2160 76 1572 0
1696 5 5409 546 4974 509 4439 59 1825 -345 239 634
1697 8 4684 36 8938 784 9750 525 3855 673 2671 488 2153 275 1970 -985 1664 845
1698 4 905 997 888 239 4583 -822 775 -204
1699 5 2240 838 4568 -516 3368 0 3822 458 836 327
1700 6 6926 52 4502 488 3314 517 2755 -873 2628 353 423 636
1701 5 3910 -738 2064 944 7418 129 5148 56 465 857
1702 6 5103 0 4887 841 5416 816 3908 513 2535 309 680 581
1703 3 2563 872 8045 -288 1498 -434
1704 7 2105 -684 9851 209 8436 -348 9081 432 5661 473 2496 252 1348 264
1705 5 8041 457 6862 649 5041 435 1446 562 1 180
1706 4 8367 654 2260 -269 2108 605 214 731
1707 6 4064 753 6732 173 6041 701 4842 959 1876 -946 835 149
1708 8 7234 781 9161 817 7203 -930 9979 853 8318 148 5826 935 4831 52 636 221
1709 2 5923 -967 464 94
1710 9 2595 795 7635 832 8629 766 9091 60 8900 875 8822 501 7402 877 2352 503 891 977
1711 4 1100 -214 6696 -644 3824 -873 795 67
1712 6 9896 311 2025 251 4401 0 3637 439 2195 999 598 -367
1713 6 5966 285 9656 330 9275 513 6930 332 3186 437 751 43
1714 5 2191 921 2062 206 2208 742 2126 670 515 732
1715 4 3015 58 5967 736 2906 822 1386 678
1716 1 1442 142
1717 8 2472 71 6041 -855 6242 92 266 201 6279 756 2610 -541 2593 0 211 -606
1718 5 4371 -511 5536 237 2572 300 1889 668 1237 48
1719 2 8708 924 296 858
1720 8 7551 -470 1604 957 3275 882 3753 -190 7857 528 5928 624 2519 252 541 20
1721 8 7647 207 1230 682 9982 363 7762 666 1628 -100 6988 573 3059 821 1108 804
1722 3 4914 -974 5494 709 1168 -443
1723 5 7553 194 9672 -749 2653 -584 1945 -986 994 731
1724 3 1133 461 3330 993 1024 462
1725 2 4486 403 211 523
1726 4 4635 75 2369 551 2314 170 3 710
1727 5 4187 753 7029 518 4586 761 2763 601 1503 -288
1728 3 4023 569 3072 198 434 827
1729 6 6782 256 7185 353 6375 387 5198 -150 2877 -203 1643 268
1730 6 9395 345 3612 574 6544 -352 3141 525 1741 305 1481 555
1731 4 7615 941 9408 836 9197 504 292 932
1732 6 5227 157 8878 910 2242 0 9580 0 9213 898 1089 269
1733 4 1574 -886 7503 937 4610 750 246 557
1734 4 7242 517 3541 0 1843 25 141 -811
1735 5 864 389 7545 418 4500 648 3989 0 468 145
1736 3 6742 -111 2812 0 1657 288
1737 5 3357 -277 2181 201 2113 781 1740 208 542 319
1738 6 7132 346 9355 -999 5599 45 2789 99 1783 -257 856 648
1739 3 4551 211 2269 0 475 688
1740 3 6349 -863 2909 0 1737 208
1741 6 7972 0 9113 180 1267 527 5570 729 2958 323 1730 305
1742 5 7098 0 7837 -544 9850 406 3982 -469 972 -978
1743 4 5664 333 9308 -952 3851 220 308 605
1744 2 9335 776 1215 354
1745 9 2387 794 5618 884 9641 613 6564 36 5889 848 9594 537 8222 -870 2621 214 1469 838
1746 6 6559 516 1292 278 3958 472 7856 -52 9661 907 1223 -23
1747 7 1324 832 3997 -342 5633 190 9036 810 8815 936 3906 -322 1266 218
1748 2 7133 -34 1183 837
1749 6 8758 556 4224 -917 2787 655 2943 408 2028 46 77 807
1750 6 3080 403 9592 178 5045 480 4077 709 2349 74 1404 474
1751 4 7413 113 2850 945 2645 270 1446 178
1752 3 6963 722 6924 15 270 -874
1753 5 4401 614 6422 656 7586 -18 2558 551 1528 58
1754 2 8269 329 377 -143
1755 2 1220 168 1330 293
1756 2 2585 584 1065 479
1757 5 9194 389 5100 285 6592 323 6078 594 794 842
1758 4 6507 -426 4183 -545 6752 297 1001 196
1759 4 4985 -47 5688 893 3278 854 42 830
1760 7 432 -211 4723 205 4796 -701 5935 728 2692 920 9523 912 51 555
1761 3 9408 924 98 89 1382 456
1762 8 9579 572 272 -28 812 0 1130 325 5223 459 4170 -348 2055 556 1064 392
1763 5 2032 621 8866 627 8191 983 3972 423 1076 387
1764 5 3446 382 4188 -250 8894 -203 5650 934 1615 -936
1765 2 5665 200 858 177
1766 6 9723 -607 6056 994 1778 -958 3976 335 2309 746 1128 43
1767 2 9895 801 1546 125
1768 6 1209 496 7892 -223 6959 267 6704 0 2345 608 559 585
1769 3 1976 568 1957 787 198 28
1770 6 1433 -16 5354 129 2537 597 5210 896 2498 992 1628 718
1771 5 6915 -969 3446 -290 5485 706 2288 652 971 -229
1772 7 3692 -29 6261 791 2637 717 5942 352 7859 660 2997 439 792 709
1773 4 8273 50 2305 98 2207 387 35 -46
1774 6 7933 407 7105 926 7652 95 8158 522 3865 284 751 434
1775 4 5131 445 2951 944 4260 779 780 -265
1776 4 2759 -373 7920 -169 3025 818 672 -32
1777 3 5302 -46 4080 432 533 927
1778 5 9202 734 8629 427 4122 -122 1766 -958 332 443
1779 5 1808 -508 7953 324 6486 88 2037 115 1171 749
1780 4 4612 307 3503 667 3207 -21 1371 -511
1781 5 7994 -533 9567 -102 5229 710 3387 635 794 240
1782 1 1295 820
1783 7 3228 80 8542 188 9343 31 9056 108 5520 663 3725 -666 1738 -257
1784 1 1030 -517
1785 1 1108 -544
1786 3 3620 415 9721 894 450 631
1787 5 6015 51 7600 74 6985 346 3149 369 225 -75
1788 7 1586 -156 1033 -284 9958 106 5848 303 5800 923 2220 702 1000 -102
1789 5 7177 -176 6054 -210 6290 98 2828 266 432 -413
1790 3 7559 10 3057 218 1665 830
1791 2 2739 95 488 877
1792 4 1213 755 6133 794 2524 0 1335 568
1793 6 8552 412 5951 523 8195 788 7324 551 6853 220 139 189
1794 5 6874 769 4408 592 5338 -460 2539 172 271 0
1795 5 2484 -974 2405 0 2167 44 2124 754 1094 376
1796 6 4067 909 9114 -535 4917 723 4882 -956 3303 -804 1415 591
1797 8 7734 741 8091 87 4470 187 2033 70 1958 -564 1942 -911 1908 4 746 396
1798 6 2687 366 524 -196 8133 -228 2374 -737 2145 461 422 -795
1799 1 1471 966
1800 3 1805 -713 3244 -663 897 0
1801 6 5823 593 1965 419 7111 678 6675 454 4680 103 932 470
1802 4 4949 220 5602 -64 1816 799 17 746
1803 3 8585 418 6423 316 115 -866
1804 4 5809 582 5120 -116 4279 164 689 -150
1805 5 6439 155 7848 0 1800 -713 4040 -815 50 699
1806 5 4339 -66 7365 965 6783 -763 2740 564 253 0
1807 4 6074 59 1633 -841 3736 28 1126 309
1808 4 1779 -508 2485 -701 7013 612 619 864
1809 4 9847 391 2726 899 3421 697 573 992
1810 7 6457 861 710 0 3260 0 8329 58 9094 853 8950 -580 641 330
1811 4 6386 -525 7995 773 7683 318 623 0
1812 2 480 -467 265 -105
1813 2 5665 988 1442 -174
1814 3 8472 284 5699 433 889 663
1815 2 4109 206 205 150
1816 5 4039 355 2987 414 8184 86 2469 422 1802 799
1817 4 8784 857 4551 766 3630 645 1059 546
1818 9 2944 8 5805 467 8017 959 5403 121 7194 453 8515 730 5248 257 3513 849 1513 241
1819 5 2856 675 2197 -408 1965 851 1828 469 415 697
1820 6 7097 46 5301 801 3552 783 3288 -508 2750 -59 475 822
1821 6 5352 714 8969 -575 4089 128 7513 379 6431 561 353 0
1822 5 2582 646 8317 909 6191 107 2287 903 1306 798
1823 6 5488 13 5498 67 2609 624 8321 899 1832 370 572 201
1824 6 5255 102 8086 845 5381 341 9770 407 6679 -365 206 -207
1825 6 9422 -709 2767 -169 8547 874 6678 -30 5817 593 1696 -345
1826 4 3732 906 3317 869 2141 669 1497 474
1827 8 3898 481 9387 -648 8357 961 9605 122 5372 -306 4920 40 4171 -176 99 -898
1828 4 9669 334 3538 924 1830 123 1819 469
1829 8 5387 820 5141 269 3868 239 5646 -146 4534 0 9121 229 2137 625 1444 569
1830 4 7289 534 9457 0 5837 0 1828 123
1831 8 1248 587 8636 221 7989 78 7408 814 3620 0 3583 883 2716 -850 31 -718
1832 7 4964 -606 8094 100 7656 861 5681 -364 2284 -72 2148 30 1823 370
1833 11 5640 459 1841 -276 1954 545 3552 -998 9745 306 8914 0 7471 0 4600 -869 3623 168 2277 808 1689 937
1834 4 9662 367 9249 -730 7414 67 421 483
1835 2 2937 -943 763 582
1836 10 7276 688 9340 322 2668 321 9027 804 572 110 7509 196 4266 815 3435 585 2601 -108 1658 804
1837 3 3644 -730 9374 -32 1225 170
1838 6 9505 30 2089 -982 8043 -603 4068 727 7678 86 224 225
1839 2 2001 -53 1371 134
1840 3 4543 947 523 -374 1382 987
1841 3 1833 -276 3912 800 209 741
1842 2 1615 0 1637 -385
1843 8 2478 552 2236 488 8189 482 7434 220 5006 -527 3776 -882 2708 82 1734 25
1844 9 8799 369 8082 526 2792 -655 6845 -179 5272 326 4760 105 4131 380 1896 -694 634 942
1845 3 3405 0 7902 47 514 30
1846 5 8912 -52 2205 0 9640 87 3549 933 1509 866
1847 3 2230 952 6567 707 1449 363
1848 4 3490 -841 6284 -505 4761 -1 480 360
1849 2 9038 -957 156 0
1850 3 9944 -245 3193 396 381 540
1851 4 3336 972 4648 178 2600 652 1449 0
1852 4 877 54 9151 531 2430 -583 956 -466
1853 1 1677 951
1854 4 6274 655 4696 701 5038 842 233 -85
1855 4 771 244 6555 148 6495 789 1292 -405
1856 5 897 628 8835 713 6541 798 2163 -976 125 981
1857 6 8655 -382 4469 -901 3031 940 2537 911 2477 -280 18 533
1858 2 3574 696 1048 24
1859 6 4663 -700 7520 277 7890 -419 7761 -899 5594 -421 386 524
1860 3 9911 811 3368 375 133 850
1861 3 9450 -688 7780 327 1606 0
1862 5 8106 128 3581 -954 3577 -20 2229 94 1443 135
1863 4 6407 829 3293 -573 6549 227 1430 992
1864 3 2221 868 2304 981 743 726
1865 8 9226 198 4078 941 232 -470 7718 395 9470 276 3259 994 2103 934 417 -10
1866 8 2273 227 9481 577 1518 530 5708 -81 1011 -59 4510 0 1995 0 19 -905
1867 4 1630 756 7595 186 2345 709 1477 -308
1868 4 2694 -229 234 617 3859 132 1454 649
1869 6 7442 27 69 -246 7169 10 6266 117 4274 0 1122 -837
1870 4 5259 54 1114 360 6593 739 335 623
1871 5 5171 586 8897 967 7806 127 3559 -342 64 557
1872 6 8004 876 1102 -958 7456 192 5295 376 4965 650 1408 538
1873 4 8297 967 6073 166 4185 573 0 182
1874 5 390 -468 7293 -669 4903 796 4549 0 58 93
1875 2 7793 -970 680 49
1876 5 4211 308 2915 691 2328 391 5397 -728 1707 -946
1877 4 5805 -326 8899 170 5259 863 293 99
1878 5 1164 635 3052 -724 4292 -328 4843 -827 324 0
1879 4 8833 0 9656 0 4543 14 158 200
1880 7 6101 -797 6022 438 6872 -145 6158 -23 4898 878 3117 450 306 -950
1881 6 8230 -102 1351 217 9859 205 8740 908 2244 44 14 0
1882 6 2006 125 7786 21 7768 69 6119 801 2533 339 1009 51
1883 4 4064 768 3070 72 2719 -150 878 385
1884 5 6570 957 8144 374 3871 -896 2567 402 912 40
1885 3 3111 494 8433 -876 887 593
1886 3 6095 772 9407 -807 930 621
1887 9 3218 66 5539 528 4799 744 5575 535 5670 504 5018 669 2140 890 2139 -968 1621 242
1888 4 6534 569 8363 -733 2338 792 1394 293
1889 7 3227 616 8141 1000 7874 -214 7397 461 6633 236 2544 -96 1718 668
1890 3 6588 697 2467 828 1356 619
1891 6 3669 0 615 -253 3782 -254 3327 729 2739 -825 385 85
1892 5 6051 -106 8281 969 9485 -815 9678 638 502 -33
1893 2 6826 6 31 678
1894 2 5453 -930 1044 303
1895 3 1154 -381 2365 -800 693 299
1896 3 5371 473 9620 538 1844 -694
1897 4 1569 835 7477 180 3437 312 1196 -783
1898 2 4175 746 705 612
1899 3 7076 588 7034 637 110 924
1900 3 140 383 2012 662 1420 955
1901 3 4517 61 4264 -358 173 -523
1902 4 2156 123 7834 734 4605 609 954 847
1903 8 7428 348 1677 401 4998 927 1539 675 2060 889 7656 -61 2814 0 167 1
1904 7 3249 284 2815 689 1208 998 9130 0 5285 443 2666 270 867 -449
1905 5 865 -509 8203 -847 3467 412 2341 878 935 948
1906 6 4896 396 225 6 6679 795 2381 307 2123 469 122 35
1907 3 2052 14 3006 352 1567 371
1908 5 7104 -948 8282 0 9069 540 6163 902 1797 4
1909 5 1496 35 6940 328 3054 953 2413 -147 167 781
1910 6 3841 0 8300 795 8996 690 8593 -503 3487 659 1060 705
1911 5 9917 -415 5320 518 3973 134 2988 273 1692 0
1912 6 9576 85 3831 78 5802 483 4790 898 6243 420 1402 875
1913 4 8957 553 5819 -804 3009 217 721 -175
1914 7 4583 -991 4938 0 4895 -583 4506 119 3277 443 3133 -155 1650 883
1915 3 1267 0 5309 0 420 57
1916 3 9055 135 6344 301 1662 717
1917 4 5895 455 3239 913 6147 -620 628 399
1918 3 8294 404 4713 287 1093 -237
1919 3 8177 701 9372 -526 1130 208
1920 4 3228 806 3388 384 2818 -904 100 369
1921 2 7383 816 377 836
1922 4 6794 794 6080 -507 2898 977 1145 502
1923 2 72 -915 396 -365
1924 1 1622 0
1925 5 8238 227 6642 127 4845 492 3720 -722 1029 464
1926 2 3815 -518 671 719
1927 7 5459 265 9419 355 6325 707 5832 131 2403 923 2394 9 507 -248
1928 8 8994 -993 1235 -366 8006 997 7101 168 5212 0 7647 871 1994 439 974 -441
1929 5 3034 662 4919 79 4330 -882 3621 -573 745 620
1930 1 628 650
1931 8 9893 91 3028 0 9076 275 5888 747 3205 994 1961 256 1939 865 1504 -713
1932 3 8109 242 5653 -420 1224 -903
1933 2 9748 -32 138 227
1934 3 941 -864 5071 953 1665 106
1935 7 8432 499 6827 843 5785 739 5130 -651 4967 194 3010 774 229 -150
1936 3 6739 958 3862 135 344 207
1937 3 8732 409 17 731 1276 383
1938 3 6181 421 5464 21 972 545
1939 5 6510 -429 9355 352 5684 234 2637 499 1931 865
1940 6 8909 -609 9248 81 7774 0 3792 74 3257 816 328 646
1941 3 3352 642 6905 330 1119 770
1942 4 3576 90 8788 -912 2648 739 1797 -911
1943 6 90 -400 6657 105 8504 -300 2550 -828 2316 379 1378 -826
1944 6 5436 476 3112 43 6377 -711 5568 27 2564 517 832 319
1945 3 4740 808 984 -19 1723 -986
1946 6 4725 466 6680 -713 3471 784 3414 532 2967 -558 242 582
1947 3 8104 624 5383 -599 348 0
1948 4 9316 -185 8463 189 2525 193 452 423
1949 7 1133 662 2703 241 5820 -299 8012 290 2696 237 6604 -189 970 95
1950 3 3629 230 2135 500 1663 -119
1951 4 2158 245 7551 8 183 313 1499 737
1952 5 5703 3 9270 467 3559 61 4796 708 221 -397
1953 6 8281 809 7232 -33 5473 980 4568 -674 3526 -575 600 -164
1954 7 4816 962 1833 545 2411 469 2941 995 7800 0 7541 49 948 8
1955 2 3415 -348 1190 320
1956 4 5925 16 4780 -87 4526 940 1290 610
1957 4 4799 -713 9856 204 4981 830 1769 787
1958 4 9070 884 8719 553 8205 962 1797 -564
1959 4 5192 289 3790 599 2446 -269 1393 719
1960 7 8651 57 8365 359 7260 484 5092 168 3565 293 2801 52 114 505
1961 6 298 -199 4616 607 6524 395 9348 570 7298 788 1931 256
1962 4 4598 254 5284 70 2918 567 1045 540
1963 3 5852 -784 2333 570 1112 -965
1964 2 6449 -551 1161 -345
1965 3 1801 419 4987 -658 1819 851
1966 6 8229 515 7274 -617 4671 0 2949 -906 2571 503 1050 588
1967 7 2558 200 724 206 2549 0 2436 45 2401 302 2018 -36 1349 541
1968 5 5245 991 6407 0 6332 -517 4245 -599 248 207
1969 5 7660 -752 5418 161 7019 533 3623 685 1155 -15
1970 4 3925 740 2592 660 3078 75 1697 -985
1971 2 6725 811 1672 689
1972 2 6891 -781 784 315
1973 3 1617 0 3604 686 496 417
1974 6 6900 -658 5925 750 2636 41 5753 876 4781 963 150 11
1975 6 7576 503 3990 536 3578 295 2921 -371 2647 962 1067 718
1976 3 5896 636 2196 -817 1769 568
1977 4 1654 982 6763 238 3711 989 281 -258
1978 3 2470 641 7711 -95 1306 -623
1979 3 3863 230 333 855 1187 -144
1980 1 1577 -513
1981 2 2868 626 1229 865
1982 5 8847 276 4905 612 3984 -423 3067 -772 1390 559
1983 5 3015 657 9743 665 8446 112 7955 37 1255 372
1984 5 2548 839 9129 869 8130 653 2222 -787 773 -462
1985 3 9486 906 3103 613 741 -849
1986 4 5248 415 4748 249 3470 504 1187 97
1987 5 5154 -58 7316 102 6744 48 3135 733 1463 162
1988 6 2687 764 4174 580 7251 736 175 -23 2448 434 274 789
1989 4 6541 457 9874 -273 5328 302 1392 654
1990 2 8019 257 687 547
1991 9 3625 873 7978 -783 6693 169 4592 299 3253 945 2715 -875 2607 -959 2422 112 748 764
1992 4 9315 819 5670 453 3590 661 448 465
1993 5 1274 580 7677 -522 7120 828 2736 0 508 -303
1994 3 4687 796 3416 17 1928 439
1995 5 8015 801 8203 820 3629 970 5585 -918 1866 0
1996 2 5712 -290 1237 703
1997 4 5392 -30 9576 0 2503 431 835 831
1998 5 1243 72 3109 150 8544 916 3876 499 768 537
1999 3 7916 880 7574 0 867 281
2000 2 4310 -550 204 0
2001 4 3679 -604 9272 971 2938 871 1839 -53
2002 2 7421 -166 1338 905
2003 5 7523 759 1002 837 9516 0 4872 -390 1674 965
2004 5 8178 17 8712 616 8974 287 6126 -464 949 338
2005 5 8575 348 4255 918 3358 623 2592 -364 4 -849
2006 3 1882 125 4826 186 400 101
2007 4 1655 825 37 744 9522 57 1540 971
2008 4 2728 823 8858 -592 2845 384 897 870
2009 10 9144 366 4108 327 89 220 125 -947 781 994 5016 690 7175 0 6400 52 2043 436 1069 -184
2010 5 1603 409 7715 -300 6565 449 2892 -634 1259 -513
2011 5 3092 753 7303 956 3645 -457 2574 932 1304 308
2012 3 7948 -321 2707 0 1900 662
2013 4 6013 529 3022 607 2655 497 1482 -643
2014 1 1218 988
2015 8 9904 -698 707 204 7341 419 4086 862 6058 975 7159 806 4177 513 76 279
2016 4 3514 59 3322 943 2203 149 303 231
2017 5 6266 399 9775 37 5049 -775 3799 766 950 461
2018 6 8816 260 5558 -47 6055 -907 3260 44 2861 0 1967 -36
2019 4 5300 68 417 -102 6395 637 829 -835
2020 5 9526 956 8451 -531 3568 -282 2051 -141 1187 808
2021 1 816 297
2022 6 6038 -668 4121 -921 3983 852 2889 863 2256 -447 345 416
2023 3 6523 840 3236 278 926 314
2024 4 85 -171 3959 446 5157 438 920 973
2025 5 1712 251 6300 -304 9649 312 5691 460 1233 -548
2026 3 4733 28 6871 -81 205 935
2027 5 9061 885 9218 -962 5962 569 3537 931 890 -750
2028 5 7413 93 5483 0 9336 0 9730 -237 1749 46
2029 3 8657 487 7976 721 1576 0
2030 4 3882 -957 3641 -69 6244 578 1358 -203
2031 4 9242 156 2498 121 2035 252 1322 869
2032 6 1763 621 9649 871 5497 565 4847 -669 4662 580 813 615
2033 4 6863 -384 9020 289 5220 -842 1797 70
2034 7 2444 938 6568 185 4509 -5 4181 209 3969 0 3564 -556 1573 241
2035 5 1340 761 4820 315 4004 888 2858 -302 2031 252
2036 5 7218 341 7877 907 4224 30 2065 484 242 557
2037 3 6442 48 9058 -17 1779 115
2038 2 4585 769 1350 395
2039 2 7495 -291 1517 -614
2040 3 6135 -973 4771 615 1090 581
2041 6 2545 187 1292 -972 3833 216 5621 170 2518 420 937 124
2042 5 820 -594 635 340 9885 -809 4720 -867 165 503
2043 4 810 663 87 74 4375 200 2009 436
2044 3 215 182 4053 948 39 0
2045 2 8355 -792 1425 660
2046 4 7512 -24 2755 973 7506 439 1458 -201
2047 3 9152 762 2629 683 1693 438
2048 7 8891 -264 6834 663 8833 721 8789 437 5567 -914 3295 -170 877 -754
2049 3 7928 54 9734 627 806 129
2050 3 7216 414 2462 861 299 105
2051 6 6332 -288 7881 162 9138 436 6706 409 2577 -627 2020 -141
2052 7 1907 14 3772 0 8306 461 5 -852 7379 577 3848 312 734 379
2053 5 3060 798 1360 -552 7604 86 5363 -330 424 3
2054 5 8163 833 2160 830 8874 -608 2186 200 587 189
2055 3 3891 908 2712 12 1762 556
2056 3 8347 -160 5569 -3 258 389
2057 5 9664 150 4679 941 279 341 2934 415 1155 103
2058 2 9656 -499 136 -271
2059 8 6873 0 4996 -923 2431 546 9305 -84 6399 411 5727 -292 2337 297 1577 681
2060 7 4095 0 1046 81 1903 889 9168 928 2811 276 2134 696 145 558
2061 4 6530 -266 6242 -612 2985 837 582 61
2062 7 651 846 642 815 8132 -744 1714 206 1582 0 3690 771 412 0
2063 6 4641 926 293 861 8511 -451 3717 613 2551 893 350 613
2064 4 1701 944 8898 949 8829 248 1428 977
2065 3 725 918 2554 -565 2036 484
2066 3 2819 -548 2635 428 1343 996
2067 2 9304 717 1291 18
2068 10 7452 -306 3018 -978 6365 783 3679 344 6981 409 6635 -996 8619 0 3610 0 3655 -378 578 370
2069 2 4621 683 873 344
2070 4 1420 39 6527 181 6161 552 597 336
2071 5 3493 896 5744 -709 8392 -704 6207 386 1428 -622
2072 4 3804 58 1227 -952 1428 0 1191 656
2073 5 5155 444 4737 -461 8073 542 4037 65 239 -202
2074 2 7862 -709 413 347
2075 3 4213 478 2223 197 1299 412
2076 5 7584 -650 7005 475 8882 602 2150 796 251 101
2077 6 5972 68 3413 -630 2180 211 6270 434 4647 -535 1238 944
2078 8 2873 74 2380 695 2352 578 2766 700 3959 -879 2303 901 2290 44 173 -781
2079 4 2904 163 3893 521 3155 28 1217 -160
2080 2 8808 898 1504 16
2081 3 3895 594 2513 -868 582 22
2082 8 3137 570 2898 640 3303 964 7580 850 6902 320 3926 493 3258 589 128 -611
2083 5 4809 303 9616 944 5002 677 2643 -716 1113 813
2084 1 901 695
2085 4 9570 726 2595 -954 7552 506 997 927
2086 2 8876 809 283 -994
2087 9 1197 888 4251 -484 1399 -672 1318 0 140 571 3009 883 9532 990 9129 994 266 339
2088 3 8859 659 6154 565 1423 0
2089 6 1838 -982 9996 -60 1568 779 3029 0 2270 -510 929 61
2090 1 1293 625
2091 7 4043 0 8788 339 4587 -223 3806 -532 2713 399 2586 907 753 605
2092 2 2973 93 1077 212
2093 4 1509 461 9653 -734 8721 158 28 952
2094 6 5295 547 290 23 4359 558 3366 498 2219 300 427 -633
2095 5 1671 660 4373 483 8001 -919 5784 352 1137 710
2096 3 5387 607 2893 643 1547 613
2097 5 6186 943 8707 747 3227 697 2392 0 1046 34
2098 2 3772 182 170 -329
2099 3 2669 -405 2371 -449 771 -42
2100 3 6838 84 3849 899 30 871
2101 5 5665 696 5374 352 7981 925 8928 748 1060 837
2102 2 3562 393 987 662
2103 4 3370 154 3433 -474 3224 867 1865 934
2104 7 7123 687 5161 926 6110 982 570 418 8459 913 8405 0 1007 195
2105 5 1704 -684 1632 248 2363 22 5744 -896 957 618
2106 6 8618 -321 8702 415 1657 909 4302 630 2642 608 1266 705
2107 8 964 207 7878 847 838 -296 3248 -976 7723 -437 4391 278 2459 510 1028 0
2108 6 3827 262 6117 39 5743 819 3504 142 2560 -755 1706 605
2109 1 1363 -324
2110 4 9394 949 9291 374 2953 843 643 0
2111 3 9879 571 2939 0 1693 -867
2112 5 2252 -31 5795 0 2475 582 8381 -250 560 771
2113 6 1206 794 7183 545 910 906 5418 245 4485 -800 1737 781
2114 3 5137 842 6405 -642 1235 852
2115 2 2600 690 234 -78
2116 3 3834 -901 2942 -632 1641 205
2117 12 1431 -464 1579 93 2435 460 7274 651 5312 560 4275 -473 3522 60 3333 -490 3198 -897 3089 778 2986 331 485 664
2118 3 9182 826 4102 400 1228 62
2119 2 7248 453 1315 224
2120 2 2489 22 992 -80
2121 4 2826 -656 8463 592 7657 -192 1018 460
2122 7 9731 670 9208 302 6981 569 6091 628 2887 -769 2210 550 655 301
2123 5 9024 -454 8704 641 3601 141 3532 940 1906 469
2124 5 9141 694 7533 128 3289 887 3069 -219 1795 754
2125 3 7229 846 8930 875 1049 726
2126 4 84 -952 8382 310 4784 -377 1714 670
2127 6 7724 536 5634 742 4072 308 8187 806 3807 -444 775 497
2128 4 770 -137 3113 45 2323 -666 1427 515
2129 2 8349 865 1215 117
2130 5 3910 635 4179 0 7816 -964 2669 953 1410 -498
2131 5 677 694 4736 495 2363 -818 2771 815 1638 0
2132 2 3447 694 1508 482
2133 3 2682 -125 8444 -9 757 -664
2134 6 2373 227 1626 143 5834 716 9808 707 7727 554 2060 696
2135 7 8288 -857 6073 680 3082 -444 3609 0 3462 837 2842 -664 1950 500
2136 1 227 -518
2137 6 7504 -726 5576 10 9545 -189 409 -101 2935 743 1829 625
2138 6 8466 637 8057 698 9052 0 4982 -245 3540 127 482 -400
2139 8 7935 418 8094 0 6351 -574 4736 427 3239 -658 2787 -243 2453 -74 1887 -968
2140 3 8772 693 2744 671 1887 890
2141 2 767 804 1826 669
2142 2 4396 961 282 0
2143 10 8446 329 4746 -861 8429 537 8717 55 6913 -410 6355 -970 5463 -366 2419 -261 2214 889 905 438
2144 6 5795 374 5369 463 196 677 8067 0 4951 279 723 604
2145 6 3553 0 9385 190 8044 192 6775 -83 3506 904 1798 461
2146 2 7931 -273 801 196
2147 3 2185 891 4395 330 1511 229
2148 5 3964 -260 7640 849 8085 467 2285 0 1832 30
2149 7 6050 385 6691 103 3613 0 9220 403 8146 -240 6875 422 203 147
2150 2 9552 886 2076 796
2151 6 2535 419 9674 279 6168 946 5036 549 8220 -549 1692 -187
2152 5 3091 222 9829 351 9690 98 5968 506 1055 783
2153 3 7909 48 9511 980 1697 275
2154 10 3348 -619 9816 33 5140 814 5366 0 9411 715 4398 343 3267 211 2304 -830 2217 515 1654 610
2155 4 7777 -887 6330 0 3157 -466 565 169
2156 6 1477 164 1902 123 9289 903 2720 -966 2455 74 396 -188
2157 6 768 153 7001 25 9790 -642 523 813 2717 -954 1468 707
2158 8 1951 245 8804 -118 5975 0 7264 0 7279 -265 6989 820 3378 147 1655 -834
2159 4 2404 -538 8889 486 7763 0 1052 704
2160 5 2054 830 6981 -254 9234 -238 2855 891 1695 76
2161 2 6620 369 407 703
2162 2 3367 0 735 432
2163 6 5271 -319 2475 899 8329 744 4176 796 4004 241 1856 -976
2164 5 9638 438 3571 574 2757 863 2258 737 249 169
2165 6 6822 781 6668 -47 2894 -51 2538 21 2254 169 1196 528
2166 5 4209 -675 9716 277 3053 348 3019 -48 1154 537
2167 3 5992 818 5953 141 1795 44
2168 3 9884 -154 7769 372 1243 -206
2169 2 6425 76 1482 -393
2170 3 3083 682 6972 -487 1608 896
2171 3 6816 789 3232 507 1508 -897
2172 2 7308 317 138 231
2173 4 2476 -471 7057 614 6533 939 1295 -153
2174 5 8356 665 4817 0 9477 -885 6099 493 726 302
2175 4 1206 194 4533 996 2218 988 1008 144
2176 2 8333 0 679 930
2177 3 3183 807 5884 655 1346 66
2178 4 8050 979 2555 556 3516 241 791 464
2179 2 4209 -776 436 101
2180 8 5032 -10 4965 108 7463 -533 2077 211 4258 832 9615 996 9521 -890 1163 -194
2181 3 7485 -645 7715 190 1737 201
2182 6 2911 -15 4231 926 8665 -253 7276 985 5914 183 233 898
2183 5 7571 766 7981 -891 8963 0 4777 426 1373 352
2184 10 308 515 8937 -950 4174 -194 9103 761 2950 762 8690 173 7927 961 4790 776 3419 983 1480 438
2185 4 2147 891 6848 708 8698 449 415 -171
2186 4 3273 737 6152 673 2870 871 2054 200
2187 3 9224 460 9908 549 1548 600
2188 7 7851 587 2296 32 1047 -255 2210 425 8911 259 7828 987 892 677
2189 3 4868 -407 3379 482 1431 -315
2190 4 525 -678 8786 181 3212 923 811 608
2191 7 1714 921 8658 419 5715 -409 4860 740 8422 44 6106 229 427 -37
2192 2 4106 748 1576 867
2193 5 9389 -261 4291 930 2650 -373 6863 0 872 351
2194 7 120 53 4996 491 9768 532 3930 246 5480 874 3938 389 74 654
2195 6 6456 648 3832 481 7683 -481 7026 756 2389 -861 1712 999
2196 7 5282 818 6556 -367 6920 -604 7313 850 4911 345 4609 676 1976 -817
2197 4 343 849 5605 439 3296 -938 1819 -408
2198 8 4161 55 4396 -50 86 269 9142 -431 6060 524 7651 797 3697 875 351 289
2199 5 9170 -134 7175 -822 6707 380 4835 57 1236 -670
2200 4 5959 -802 4487 815 9495 -275 419 633
2201 4 8321 910 9498 -468 5541 571 1653 322
2202 3 1660 244 7727 785 1093 473
2203 3 4465 120 2698 756 2016 149
2204 5 1683 352 2286 967 905 947 1640 0 1 68
2205 6 1846 0 5961 41 4341 385 2300 419 2257 131 410 938
2206 4 3846 224 4928 228 3051 360 972 567
2207 6 3058 565 8780 0 4991 412 4580 -930 2511 872 1773 387
2208 5 5818 0 3802 302 6844 -786 4668 752 1714 742
2209 4 2438 230 9129 -286 6214 230 374 120
2210 5 2188 425 7035 274 4729 -41 2546 972 2122 550
2211 4 6145 249 8998 802 5064 -987 1598 88
2212 6 6143 -34 6500 -723 9258 -870 5027 751 3632 0 140 546
2213 4 5971 226 6996 -559 6200 866 1304 -316
2214 6 9522 -950 609 701 6703 -446 6362 -448 3051 738 2143 889
2215 5 4397 761 9330 699 3624 261 3411 112 1156 666
2216 3 1510 82 4615 766 1424 616
2217 4 6956 -22 6280 0 5354 -212 2154 515
2218 5 7679 -3 6459 768 5143 45 4545 184 2175 988
2219 4 4977 607 9662 -557 5980 -804 2094 300
2220 4 3611 876 6722 491 4210 457 1788 702
2221 2 1864 868 200 294
2222 4 3976 -175 4094 312 8420 1000 1984 -787
2223 4 4015 233 3248 0 5646 0 2075 197
2224 5 5579 452 926 102 4711 187 2746 678 86 0
2225 8 8043 203 5764 441 3374 983 6058 23 5895 779 4632 120 2263 -780 775 381
2226 4 392 0 9325 -246 3580 230 1679 -652
2227 2 7104 -211 1272 909
2228 3 8229 194 3251 -543 714 -72
2229 3 9270 -869 2884 344 1862 94
2230 4 5615 782 9141 117 1847 952 192 -73
2231 7 294 -133 320 599 2809 526 2619 712 3011 771 2265 -103 325 787
2232 2 8596 -822 676 190
2233 5 2713 388 6208 913 4054 14 2356 406 472 -570
2234 2 6929 187 888 137
2235 8 5145 995 5159 -738 2468 613 8616 -260 6972 -112 3960 3 2922 -239 720 302
2236 6 5017 -906 1843 488 4281 -687 7088 337 2826 464 785 862
2237 4 3354 -896 7853 0 4256 -846 1284 0
2238 6 5101 -844 6806 210 5688 -446 4571 -239 3304 859 416 53
2239 1 1215 349
2240 7 1699 838 8671 909 4035 -112 5309 839 3788 -86 2903 0 375 -333
2241 4 6971 594 5057 897 3449 104 1147 498
2242 5 8405 0 1732 0 5988 0 5741 331 849 -515
2243 6 4104 574 9803 72 8441 286 5610 29 2880 -256 421 154
2244 3 3473 -71 3405 -526 1881 44
2245 4 5884 299 4243 69 2420 135 94 -825
2246 5 608 -37 8199 177 5514 177 4207 -57 680 904
2247 4 399 815 5998 831 8237 205 1272 467
2248 5 2392 -736 2784 977 2949 -358 2979 317 165 -932
2249 3 4155 683 6980 432 608 -752
2250 3 3681 641 2357 595 1457 684
2251 7 6284 161 8403 58 4056 509 7693 540 7560 9 4375 -278 1660 726
2252 8 9521 336 5236 926 9047 -360 2112 -31 4263 -217 7469 -39 6652 504 1274 965
2253 4 278 0 9496 -651 2595 846 163 29
2254 3 7334 292 4815 -368 2165 169
2255 4 6136 500 6585 769 4694 0 998 969
2256 11 1352 313 1417 100 5152 747 8430 142 6271 37 8791 -460 8999 490 6955 240 4329 -72 2268 92 2022 -447
2257 4 825 -622 1422 0 3914 510 2205 131
2258 1 2164 737
2259 4 4711 432 1259 295 3102 39 94 0
2260 3 6485 957 4865 198 1706 -269
2261 3 719 288 2402 -788 1491 -811
2262 3 9635 -161 7426 81 395 102
2263 4 4276 207 2356 526 4846 -686 2225 -780
2264 2 8578 403 1290 689
2265 5 5043 -750 6761 961 6672 826 2840 776 2231 -103
2266 4 3882 -402 8166 169 4063 252 719 770
2267 6 2438 518 2440 0 8584 836 2385 0 2491 -273 736 -651
2268 3 9057 0 3921 -665 2256 92
2269 6 5950 890 6073 969 4527 195 2905 817 2319 148 1739 0
2270 5 8190 154 8097 892 5799 328 2296 317 2089 -510
2271 3 8218 987 3045 45 1000 183
2272 2 5070 907 1121 0
2273 6 2751 347 1866 227 448 -322 8099 78 3991 585 1239 734
2274 3 3749 302 3211 517 775 655
2275 5 3708 790 8772 -53 6552 455 2452 -811 1399 968
2276 5 1097 97 3191 -520 3022 358 2536 258 917 -567
2277 2 2700 -237 1833 808
2278 4 3961 483 7379 444 2885 435 103 -646
2279 2 3274 930 326 983
2280 4 7362 -485 1066 310 8059 371 1467 292
2281 4 9891 543 4481 -953 7142 666 980 617
2282 4 9497 188 1275 764 8508 564 1163 0
2283 2 6040 0 912 598
2284 2 5361 731 1832 -72
2285 5 3906 901 4276 185 9915 251 2849 987 2148 0
2286 3 2204 967 5089 781 1681 240
2287 4 4108 645 3139 896 2679 -480 1822 903
2288 3 9226 840 3013 76 1771 652
2289 5 9905 693 9569 967 2530 706 2395 452 25 329
2290 1 2078 44
2291 3 1188 652 8004 -382 13 119
2292 9 7644 -221 9144 889 4590 108 399 87 9536 64 7062 -889 4111 -330 2623 0 31 335
2293 4 7731 813 9235 0 3179 460 1487 0
2294 3 6305 542 2810 -152 1121 -243
2295 6 1366 85 4782 -237 2724 61 3478 399 8917 981 1590 787
2296 6 2188 32 7884 0 585 -327 8881 491 9248 542 2270 317
2297 5 3340 -594 6428 575 5497 -585 2474 163 880 -89
2298 2 4473 812 872 619
2299 7 7036 0 8367 -333 912 -670 7119 -827 230 -134 7449 741 1552 77
2300 6 3999 408 1146 0 4622 -429 7493 902 3670 539 2205 419
2301 4 5350 891 3244 909 6356 272 1180 178
2302 3 9523 26 2844 598 874 276
2303 3 9442 870 6927 0 2078 901
2304 8 1069 351 6791 -628 4268 230 1864 981 7864 36 4178 0 2451 -604 2154 -830
2305 4 5898 265 5549 268 3214 960 1773 98
2306 6 4890 723 8749 -611 9958 185 5260 198 4166 581 824 0
2307 7 6911 80 5090 548 7290 585 9954 380 7272 610 5393 165 462 326
2308 4 7395 -453 3310 -574 8247 314 847 214
2309 1 1766 746
2310 3 1396 146 6799 -169 985 744
2311 6 3311 21 6252 820 4010 -640 4333 932 2531 602 347 150
2312 7 9538 -147 6724 483 3745 486 8576 -537 3759 77 3501 61 238 767
2313 5 8384 -814 720 407 7341 670 3949 -154 1249 0
2314 5 7615 -931 1031 788 5224 -826 2568 83 1726 170
2315 4 6888 439 8723 0 2351 344 878 947
2316 6 5968 -368 8095 389 4056 -168 2323 -800 5199 563 1943 379
2317 1 26 40
2318 6 9661 617 8589 0 9239 58 5464 -176 5075 -640 178 908
2319 4 5297 662 7869 -718 9230 22 2269 148
2320 4 4092 -149 8256 898 2702 633 394 0
2321 3 7150 -29 1425 0 778 392
2322 3 3724 -315 3805 920 908 918
2323 4 7139 838 9111 -814 2316 -800 2128 -666
2324 5 6644 841 7884 185 2402 -219 2397 269 873 449
2325 2 9798 -366 1505 -223
2326 5 2586 -943 8202 329 8134 503 3175 135 1532 721
2327 5 4962 -407 2809 965 7271 828 4386 717 535 93
2328 8 2901 -509 2441 -373 8915 -610 1029 177 1876 391 5269 797 3321 846 1596 -486
2329 4 7218 370 4969 64 2594 692 1177 -898
2330 5 2520 -691 8115 -260 4545 129 3230 976 234 328
2331 2 9629 451 654 734
2332 4 6808 -667 2631 585 4901 945 238 647
2333 6 6190 0 2947 175 8932 748 6170 320 3210 0 1963 570
2334 6 4647 60 5998 402 8116 988 8726 0 2406 -494 851 276
2335 4 6126 672 4297 -985 7696 -531 1096 -564
2336 1 884 -107
2337 5 3804 669 9083 826 4665 8 2989 415 2059 297
2338 3 5076 249 7429 -671 1888 792
2339 2 5047 594 1384 411
2340 2 6564 978 1295 851
2341 4 8954 -257 7621 -918 3433 0 1905 878
2342 3 5805 16 5974 243 45 834
2343 8 7329 0 665 406 4749 -227 3715 944 4891 974 4195 859 3605 151 1467 361
2344 2 4723 404 1420 775
2345 6 4876 824 2618 -847 9100 783 1867 709 4574 615 1768 608
2346 4 1085 576 9090 672 2651 0 1124 55
2347 5 9826 -235 3390 925 7796 931 3073 0 130 507
2348 4 6567 167 5264 444 7062 -555 166 257
2349 4 8861 815 7047 0 5448 286 1750 74
2350 3 6767 817 3811 902 705 125
2351 3 2963 706 6468 899 2315 344
2352 6 8713 -869 9572 75 2078 578 31 -670 6255 373 1710 503
2353 5 854 290 6123 397 2958 794 7765 655 617 768
2354 4 5561 -684 7968 119 5174 32 1365 573
2355 5 2798 629 264 616 5880 745 2703 39 478 78
2356 5 78 -588 1676 186 7075 -475 2263 526 2233 406
2357 1 2250 595
2358 3 5693 440 4065 864 331 811
2359 6 4564 474 9645 -644 4387 869 4285 174 3129 -246 974 605
2360 7 3246 742 1391 -191 5968 173 895 -630 3558 529 3273 419 1421 -183
2361 2 9448 -702 1617 399
2362 4 134 603 5003 557 4929 233 1259 116
2363 7 8193 578 2105 22 2131 -818 1045 -746 7036 358 3885 -921 1645 527
2364 5 8453 548 8991 557 5531 866 4413 -214 1400 604
2365 4 1332 229 4158 -317 6916 716 1895 -800
2366 4 5135 422 3092 -365 2370 135 1612 296
2367 4 1520 0 965 -800 2932 -749 789 324
2368 5 565 -908 795 257 7361 131 5695 -16 328 515
2369 2 6347 -218 1726 551
2370 5 7464 0 7215 775 5921 838 3147 897 2366 135
2371 3 9220 962 7128 -69 2099 -449
2372 5 3302 0 2756 470 4586 511 5924 -511 951 -800
2373 3 2134 227 6714 862 962 -947
2374 4 5880 352 4943 117 2682 543 1798 -737
2375 5 8907 946 7647 0 9147 267 5110 -231 819 571
2376 6 8947 778 6920 414 5692 428 3958 295 3931 -81 28 19
2377 3 5167 0 3664 17 259 881
2378 3 1143 -835 3591 1 873 188
2379 2 9805 130 1469 880
2380 7 3762 992 2078 695 8519 83 5710 744 2923 470 2547 480 135 634
2381 2 1434 746 1906 307
2382 3 6022 -718 3281 443 378 0
2383 5 8295 -314 7012 847 6934 174 8429 855 1390 113
2384 3 2635 44 3463 669 704 765
2385 6 3491 -909 5408 149 2267 0 6295 627 3587 0 324 328
2386 4 2648 81 3133 362 5965 68 1093 649
2387 3 1745 794 2398 662 193 -121
2388 2 8551 13 948 806
2389 1 2195 -861
2390 2 5703 -114 1127 973
2391 6 4554 -724 8629 641 8358 728 6802 259 3202 -587 1094 775
2392 5 2248 -736 169 818 4754 721 3705 405 2097 0
2393 2 8084 -339 580 -645
2394 1 1927 9
2395 3 2506 500 2505 0 2289 452
2396 3 478 -153 8375 53 607 507
2397 2 3686 637 2324 269
2398 3 8792 845 3389 482 2387 662
2399 4 4562 814 8645 730 5032 92 76 992
2400 4 187 541 4714 332 4148 983 745 271
2401 1 1967 302
2402 4 6760 -178 2261 -788 9236 -886 2324 -219
2403 3 4475 988 4318 425 1927 923
2404 9 5996 969 184 184 1116 -391 2159 -538 6023 671 5406 508 4313 -206 3750 -409 1398 -271
2405 6 1795 0 8239 794 4476 132 5778 -401 5475 722 1457 452
2406 4 9402 943 5178 748 6701 -645 2334 -494
2407 2 4219 287 1023 800
2408 5 1263 -533 54 659 5839 948 3159 43 1285 245
2409 2 4719 766 1042 -134
2410 2 9747 183 436 -562
2411 4 1954 469 7112 927 6160 908 750 385
2412 1 332 613
2413 2 7370 -75 1909 -147
2414 3 5279 172 4198 980 496 707
2415 1 1192 712
2416 7 875 -239 8138 -34 5921 -140 7422 561 4453 240 3778 542 619 731
2417 9 5010 -103 3362 110 1559 999 6787 912 4840 121 4827 491 4011 -256 2917 441 145 626
2418 4 9550 -608 5716 120 5012 -155 1447 1000
2419 7 1463 916 8368 490 3791 -766 5484 746 5941 205 4137 254 2143 -261
2420 2 6305 490 2245 135
2421 4 9082 902 5041 -575 4130 -950 1113 -668
2422 2 9714 506 1991 112
2423 4 7147 991 4488 174 2627 956 934 -807
2424 1 862 731
2425 3 7170 0 2950 483 200 596
2426 4 650 604 8036 805 7099 966 1641 476
2427 5 9587 668 1126 800 4463 0 3913 -247 106 222
2428 5 1268 570 7979 993 4780 403 5524 -380 558 696
2429 6 9040 649 9531 870 9208 309 6606 -931 6036 -495 1077 708
2430 6 7185 160 4499 -518 3392 378 3336 -129 2431 306 1852 -583
2431 7 7532 -42 4689 -785 4884 205 2059 546 7891 64 2631 153 2430 306
2432 3 4601 839 7140 676 138 267
2433 2 9433 -859 536 404
2434 5 109 96 6113 902 5479 -549 8252 495 218 597
2435 3 398 -80 2117 460 336 393
2436 2 8234 472 1967 45
2437 4 9939 658 3823 16 3093 142 823 379
2438 9 2267 518 3529 118 2209 230 4855 712 208 259 9469 -69 5773 -767 4558 365 575 -517
2439 2 8389 -436 1438 169
2440 9 5225 255 2267 0 633 288 1145 -501 9839 828 7282 148 6184 195 2962 -431 366 0
2441 3 2328 -373 6511 345 31 78
2442 6 4429 998 9505 801 6292 563 3452 373 3977 422 700 358
2443 3 6603 373 2492 301 900 -438
2444 9 8080 791 7127 -813 5869 611 6311 78 760 -287 2034 938 3700 759 2848 -816 46 542
2445 3 1305 891 9818 46 1536 -249
2446 7 8386 990 9485 644 1317 572 7310 607 3831 270 3476 547 1959 -269
2447 4 8078 202 9950 868 6917 541 236 -280
2448 7 3449 363 5300 689 3538 476 5688 -715 7681 814 7352 0 1988 434
2449 6 7170 -582 6804 7 3386 -8 5243 946 2646 833 1380 757
2450 6 5915 458 1318 0 6102 -615 7655 110 5091 280 1308 288
2451 6 5668 566 8673 573 7395 198 3109 365 2590 -320 2304 -604
2452 4 9069 -281 5505 642 3039 217 2275 -811
2453 4 9202 610 6036 535 8843 743 2139 -74
2454 5 4893 860 480 814 333 582 3291 -569 962 999
2455 6 6036 297 7355 -816 644 262 3926 0 8242 714 2156 74
2456 5 3248 755 4851 -862 8368 985 3725 828 1110 -14
2457 3 5468 500 4876 681 661 437
2458 3 7548 -515 4306 -568 643 253
2459 5 3406 849 7789 0 4952 184 2968 -809 2107 510
2460 8 1334 -714 4180 849 850 0 9239 -441 8706 597 8521 293 5780 197 1196 168
2461 5 7647 226 5400 258 4113 52 3498 -774 1147 -746
2462 4 9794 0 3502 0 2705 830 2050 861
2463 2 3876 280 434 -623
2464 2 7366 -211 781 -499
2465 7 5546 944 9690 819 3765 144 7770 -101 8484 -976 3272 137 93 227
2466 4 7858 917 8734 -827 2878 955 577 610
2467 2 2526 -967 1890 828
2468 7 700 917 8520 -912 2235 613 9820 304 5759 -798 3717 419 200 -373
2469 4 1333 613 9122 509 3616 874 1816 422
2470 5 1978 641 7527 -624 4134 0 3237 -638 843 -238
2471 5 392 893 4919 816 4418 44 8092 288 851 0
2472 5 1717 71 4661 535 717 212 4143 336 1090 771
2473 2 9259 866 1640 232
2474 5 5451 -923 6121 804 3468 -865 3008 493 2297 163
2475 6 1408 487 2163 899 2112 582 9690 494 2722 985 362 19
2476 3 2173 -471 9280 434 1159 -727
2477 4 119 288 8834 -354 3104 0 1857 -280
2478 6 1843 552 2554 405 9503 149 4404 -465 3220 -782 1054 -521
2479 3 1398 766 8969 -985 609 -624
2480 3 4702 -212 4642 808 214 363
2481 4 7118 826 4634 999 6203 -37 387 186
2482 7 276 765 4704 18 6008 -143 3234 478 8939 149 7750 782 1314 457
2483 3 5187 747 2636 -995 623 377
2484 6 4793 284 1795 -974 6300 414 7586 877 3138 46 1572 134
2485 4 6059 428 1808 -701 3067 624 1590 309
2486 3 9995 324 8879 641 1150 623
2487 7 4813 -290 3833 814 4073 397 8869 891 7966 200 3436 541 1322 646
2488 3 4043 637 7081 -428 1370 457
2489 5 4032 862 3499 -193 415 835 5600 -115 2120 22
2490 5 8625 197 3127 630 3535 295 9061 84 566 698
2491 6 1291 732 6090 675 5987 620 5370 -780 3352 648 2267 -273
2492 3 8725 966 2777 0 2443 301
2493 7 6628 964 7751 459 9768 1000 3391 487 3182 -270 2847 998 414 -377
2494 4 5450 12 4331 149 3426 235 850 0
2495 6 8501 0 6742 209 6020 975 5498 263 5141 726 188 19
2496 2 5729 632 1704 252
2497 6 8884 30 7043 688 6674 842 9871 763 3231 815 1038 269
2498 6 2031 121 6098 891 5351 813 4238 463 3282 25 1770 992
2499 7 9687 153 6710 1 976 -312 9185 476 3699 981 3052 -415 588 589
2500 6 2510 534 5382 -302 6361 -114 8647 470 6637 78 918 -91
2501 2 3505 708 838 -960
2502 6 444 669 7833 -623 6001 329 5194 -833 3018 396 207 -359
2503 3 7025 662 3188 43 1997 431
2504 5 5960 789 3409 198 8455 906 5066 -315 1377 737
2505 2 9455 374 2395 0
2506 2 9324 781 2395 500
2507 3 6041 310 9120 387 1632 0
2508 4 5906 198 1038 973 9176 471 1147 -654
2509 3 650 487 6832 -843 1147 479
2510 4 2500 534 9368 898 2971 -505 1608 291
2511 8 8290 -514 9381 0 9274 134 8702 764 4959 174 4228 843 3079 783 2207 872
2512 3 9782 0 3618 632 688 44
2513 3 5700 -753 5564 937 2081 -868
2514 5 8412 0 6930 625 4693 -637 4516 544 1452 714
2515 4 8096 489 7695 438 5813 480 511 -328
2516 3 5344 958 2814 563 466 505
2517 2 2992 480 565 -567
2518 5 4889 537 3696 85 3066 417 2748 523 2041 420
2519 3 6029 -360 6497 157 1720 252
2520 6 5422 -188 2330 -691 4968 -979 7723 840 6258 746 1445 -760
2521 2 9286 988 1434 -505
2522 2 4415 164 1327 852
2523 2 9170 224 588 765
2524 5 6271 770 7149 350 2807 793 2732 244 1792 0
2525 7 2787 260 3370 0 383 707 5230 839 37 -657 6837 -940 1948 193
2526 3 2467 -967 906 -561 1535 579
2527 2 7774 401 1369 258
2528 8 7699 -934 4081 166 7197 715 8780 605 9691 862 4090 202 3767 271 42 -279
2529 5 5067 362 5354 160 8919 76 5660 -279 907 721
2530 4 8564 296 1528 875 5698 423 2289 706
2531 3 530 -162 6123 538 2311 602
2532 3 9436 -856 6851 708 450 476
2533 4 7837 761 9133 459 4816 -279 1882 339
2534 2 9056 -517 79 114
2535 5 5442 862 2151 419 571 382 2692 385 1702 309
2536 3 3438 931 4999 759 2276 258
2537 6 5688 -929 1770 597 8865 642 4881 808 3408 741 1857 911
2538 2 8334 133 2165 21
2539 8 3733 822 2963 446 9718 -673 5582 628 5160 -927 4949 -901 2799 833 1794 172
2540 6 4087 689 5970 111 7648 766 3163 716 2566 0 590 951
2541 5 7574 933 3780 996 7160 421 5334 93 675 415
2542 4 7938 729 4961 -641 9529 497 575 748
2543 2 5495 -688 735 -933
2544 5 5117 133 3315 763 3065 301 2999 593 1889 -96
2545 5 2041 187 821 246 6946 0 3897 -70 1063 70
2546 2 2639 236 2210 972
2547 1 2380 480
2548 6 1984 839 565 602 993 -538 9240 914 2784 760 587 468
2549 4 9407 -577 6716 886 6026 0 1967 0
2550 3 5302 -269 2803 0 1943 -828
2551 10 8951 920 3765 209 7506 992 4006 27 945 -28 8505 622 8761 679 3791 -761 3603 -343 2063 893
2552 4 98 529 9163 802 4267 384 192 -769
2553 3 9018 0 3649 187 1354 250
2554 3 9718 349 2478 405 2065 -565
2555 4 2178 556 5860 527 3439 925 209 602
2556 3 154 998 4852 335 360 320
2557 5 8599 619 4193 843 3794 416 3172 644 1254 277
2558 7 1967 200 2738 542 6333 708 3553 269 5109 -489 2920 -874 1753 551
2559 5 2968 866 5820 -70 3071 733 2991 693 325 771
2560 4 9760 -260 3625 116 8896 0 2108 -755
2561 5 1679 697 3833 0 1351 403 7054 141 1029 575
2562 4 433 722 6229 405 3268 529 360 92
2563 6 7064 827 1703 872 5293 989 9717 193 1592 0 335 929
2564 4 9036 621 3390 370 3200 0 1944 517
2565 6 9105 411 4508 -791 8235 101 6292 181 5596 796 253 -417
2566 1 2540 0
2567 4 2594 538 5563 717 1400 208 1884 402
2568 2 8617 -286 2314 83
2569 4 6900 869 8609 926 8936 260 23 160
2570 3 4064 -255 5504 332 1122 -991
2571 4 4568 -560 6930 -316 5933 290 1966 503
2572 5 3914 459 6796 665 5742 934 4491 343 1718 300
2573 2 3101 567 453 915
2574 4 2734 425 7173 -604 7328 998 2011 932
2575 4 7564 0 3264 648 2813 -530 124 333
2576 2 8288 9 1623 288
2577 3 8975 649 5257 -281 2051 -627
2578 3 6710 165 5200 314 776 666
2579 6 1117 596 6630 -681 6413 -991 4505 341 3611 192 112 177
2580 4 6909 189 5831 -87 94 915 1243 464
2581 4 6843 654 9900 212 2728 0 277 142
2582 4 1822 646 621 598 2986 -644 518 -376
2583 5 8255 933 6897 369 4474 97 3470 -332 1413 694
2584 3 4947 153 4419 880 1695 579
2585 5 247 20 2784 925 8381 831 6941 -981 1756 584
2586 3 2326 -943 6748 294 2091 907
2587 4 444 -828 9863 545 6663 677 106 361
2588 3 8908 932 5791 594 1052 10
2589 5 5119 452 1644 0 5768 763 4884 232 750 584
2590 4 5943 663 2946 715 9 -887 2451 -320
2591 3 7998 69 2825 -558 1198 -244
2592 4 1970 660 5407 -151 5298 417 2005 -364
2593 3 828 533 3204 605 1717 0
2594 5 2567 538 1107 -967 3586 917 3136 596 2329 692
2595 7 4117 46 8972 35 1710 795 4422 499 6870 268 2085 -954 2253 846
2596 3 6450 649 3813 236 1535 -220
2597 4 9640 375 8335 222 2820 493 998 -813
2598 3 4797 802 5264 108 526 881
2599 3 9291 762 2867 509 100 778
2600 4 2115 690 1206 680 7691 851 1851 652
2601 3 6059 432 4024 -805 1836 -108
2602 4 2826 999 6253 -935 3994 657 826 -382
2603 6 3554 488 8552 624 4256 427 4788 -260 3939 772 266 478
2604 6 804 628 5626 0 822 9 6082 261 4954 800 575 -314
2605 6 3850 514 4407 821 8899 483 7430 680 5637 939 1477 -948
2606 3 6206 -891 4272 147 660 667
2607 6 1448 867 8505 23 7879 336 4664 -397 4055 -270 1991 -959
2608 6 8180 -242 8793 142 5829 -635 9937 807 6818 151 1444 355
2609 5 6741 94 1823 624 6104 439 4028 27 1323 846
2610 5 9390 682 3426 -778 2961 -958 4127 0 1717 -541
2611 5 9242 -136 2684 -772 4672 920 3105 279 1313 -281
2612 6 8524 -746 9558 51 5544 -290 3386 827 3297 -219 915 138
2613 5 1255 -827 6513 200 4634 -574 2913 509 1652 -562
2614 4 1397 478 2737 191 2824 610 587 924
2615 4 7951 -993 3585 363 2753 325 42 622
2616 6 8645 -746 4064 -832 5799 319 8946 114 3796 978 1286 383
2617 3 8189 181 9985 63 1146 18
2618 4 6831 236 2345 -847 4819 65 948 -256
2619 4 3954 51 2231 712 1067 0 67 827
2620 8 600 -545 4128 316 3478 850 7788 -932 7366 578 6050 97 2873 838 370 924
2621 4 5827 0 6395 80 6271 643 1745 214
2622 3 3827 751 4970 -748 592 -354
2623 1 2292 0
2624 5 1330 478 3102 714 2882 -758 2650 746 1090 -686
2625 2 65 466 573 313
2626 1 794 258
2627 5 8489 504 3815 183 5469 945 2683 158 2423 956
2628 2 5481 39 1700 353
2629 7 8042 756 7342 305 6765 -811 5801 653 5318 -974 3841 543 2047 683
2630 4 6404 0 7197 56 4215 -958 278 435
2631 4 2332 585 9754 603 9624 390 2431 153
2632 4 9375 906 8580 104 7899 925 555 3
2633 2 5147 0 1462 947
2634 2 5010 143 302 126
2635 7 2384 44 8938 192 9539 924 9246 598 7902 438 4298 -642 2066 428
2636 7 4262 -426 1580 494 4795 471 1974 41 3903 576 4838 633 2483 -995
2637 5 1772 717 9541 803 4435 262 8440 971 1939 499
2638 4 6497 982 8614 0 7386 -357 1465 37
2639 5 7377 -754 2546 236 1628 507 3523 -763 729 253
2640 6 4241 946 5019 -848 9744 136 6409 -335 4715 -113 163 14
2641 4 4879 616 4811 -615 4740 630 1678 16
2642 4 9887 195 7003 144 6647 -719 2106 608
2643 1 2083 -716
2644 2 5694 452 1411 292
2645 6 4363 452 5464 205 4991 -997 4855 885 2841 435 1751 270
2646 1 2449 833
2647 2 3948 460 1975 962
2648 7 2386 81 1942 739 3240 0 459 -708 9036 704 4569 347 371 -332
2649 3 9238 -954 9050 780 233 915
2650 6 7323 693 2193 -373 9583 -313 4452 -291 4444 102 2624 746
2651 6 3513 573 6551 881 6358 636 6605 189 3100 738 2346 0
2652 6 3018 -558 5035 -915 9497 271 4423 0 3907 647 1572 796
2653 3 1038 627 9722 739 1723 -584
2654 3 9601 879 3956 -890 1472 947
2655 4 5114 -7 575 460 6715 982 2013 497
2656 2 615 927 1066 -390
2657 3 933 127 9482 321 507 281
2658 2 9980 -845 1035 626
2659 8 8825 794 4517 -93 4155 733 7702 -403 9548 46 6363 -511 5001 -350 1171 335
2660 4 3661 559 9244 533 4280 697 170 -801
2661 3 3536 30 3395 9 196 902
2662 7 3046 704 9847 580 9301 451 8178 767 5244 -808 5216 840 155 453
2663 3 8182 -7 3531 548 1544 133
2664 3 8032 884 8179 -811 601 284
2665 5 7026 782 1442 835 6744 732 6907 726 750 -197
2666 6 6289 375 8145 573 9038 -841 7411 -686 4867 966 1904 270
2667 2 810 541 19 241
2668 4 8266 280 1836 321 1428 -719 96 -405
2669 7 3920 747 2099 -405 8779 0 8644 -18 6044 744 4141 386 2130 953
2670 2 7168 992 364 497
2671 3 5657 611 7228 516 1697 488
2672 6 3646 -267 8924 252 9806 93 3639 681 2798 -809 414 -349
2673 5 8374 552 1642 870 1377 515 6542 -22 725 507
2674 5 5660 96 6414 83 4522 -667 4119 914 914 -540
2675 2 7100 705 791 185
2676 2 8287 -601 250 510
2677 6 1234 524 8574 49 1331 0 9842 931 4323 -866 495 915
2678 1 944 654
2679 5 65 900 7726 466 468 -371 3386 0 2287 -480
2680 5 744 -89 5793 570 7513 368 5394 130 1581 399
2681 3 9191 -703 2814 317 531 475
2682 2 2133 -125 2374 543
2683 5 8768 801 3423 -647 6012 50 3599 -926 2627 158
2684 6 8268 -330 2611 -772 8096 -353 6437 28 4089 798 794 -507
2685 3 9844 -420 156 606 1544 0
2686 4 5486 0 9855 757 4361 598 52 -315
2687 4 6534 -802 1988 764 1798 366 1234 -739
2688 3 2703 465 9230 391 1062 915
2689 1 648 875
2690 3 6142 264 5279 -742 302 286
2691 2 1217 -12 1551 212
2692 3 1760 920 82 742 2535 385
2693 11 5873 -191 4543 901 8621 697 3270 811 5711 179 4866 847 4791 468 3956 -340 2966 -151 2941 149 254 -448
2694 5 5907 257 1868 -229 7158 398 4983 361 185 -329
2695 7 9979 -33 8292 -105 9724 748 1376 512 4727 932 3878 57 170 195
2696 3 8622 641 1949 237 1093 370
2697 6 7345 443 2889 93 2836 515 5467 -280 4675 -91 18 385
2698 4 6639 159 2993 578 1486 187 2203 756
2699 3 8915 917 3122 251 624 487
2700 5 2277 -237 8501 502 4861 978 3452 66 1564 638
2701 4 6938 242 4152 54 3480 7 1545 0
2702 4 8208 704 5031 791 7346 -65 2320 633
2703 6 1949 241 2688 465 7000 -795 6365 608 3706 -355 2355 39
2704 4 3174 979 4567 482 2785 -832 168 310
2705 3 9311 0 6673 0 2462 830
2706 6 243 310 8026 762 454 768 7532 -918 3090 -207 1400 -994
2707 5 5730 479 8720 264 4918 961 3192 689 2012 0
2708 5 7401 -609 3291 999 5590 -865 3619 898 1843 82
2709 3 1500 -947 4892 739 274 825
2710 1 247 -926
2711 4 4183 -649 3211 166 3544 768 92 903
2712 2 5000 152 2055 12
2713 6 2233 388 4729 -428 233 0 3657 674 7145 413 2091 399
2714 7 8078 717 690 979 7013 204 1370 647 4883 -407 6001 77 1315 966
2715 4 4588 104 9525 46 3404 612 1991 -875
2716 6 2968 549 3355 78 7018 923 9801 732 5049 0 1831 -850
2717 6 6756 13 637 34 2937 315 8851 992 3846 381 2157 -954
2718 2 2911 507 975 387
2719 6 7052 -850 3969 313 6157 515 4220 562 3026 525 1883 -150
2720 3 4319 -389 5180 -723 2156 -966
2721 2 2758 393 1630 821
2722 3 5019 73 5374 383 2475 985
2723 6 5872 291 9257 -842 6412 0 4380 207 3765 894 376 620
2724 4 5227 -854 2295 61 9852 -290 966 842
2725 4 5481 988 4886 98 3407 -992 1119 924
2726 4 1809 899 9664 314 2864 -257 164 221
2727 3 1057 -548 4461 38 1013 -403
2728 3 2008 823 8251 417 2581 0
2729 5 7881 -223 3569 3 3529 -687 3356 -189 570 -24
2730 8 3752 -792 4539 460 7823 -988 1341 40 9319 426 5868 351 2926 883 1311 244
2731 5 8255 375 9608 531 4372 210 4258 735 641 91
2732 2 6692 317 2524 244
2733 3 417 -554 5798 -214 1643 599
2734 4 8841 186 2574 425 4797 284 783 478
2735 4 9918 283 4016 542 3164 919 82 943
2736 5 9156 863 8041 10 8454 9 4312 -112 1993 0
2737 2 2614 191 1610 320
2738 7 1491 -953 2558 542 5064 828 5004 0 6556 9 5437 23 869 0
2739 4 8076 111 4567 87 1791 95 1891 -825
2740 5 7115 -476 7994 462 4338 517 8399 131 1806 564
2741 3 9301 580 6362 10 1035 685
2742 2 4041 -717 872 100
2743 3 3713 841 4015 31 1105 790
2744 6 8070 -281 2755 543 4750 215 4550 724 2976 0 2140 671
2745 5 1143 469 3522 645 5132 -588 9553 119 1690 189
2746 4 6827 594 1381 291 3359 0 2224 678
2747 3 6590 470 3628 582 255 -892
2748 5 3701 305 9421 342 4687 800 4179 32 2518 523
2749 2 8185 751 818 179
2750 6 9912 157 4276 0 8718 -630 7738 872 3343 959 1820 -59
2751 5 2273 347 8114 43 5212 958 3402 950 956 -968
2752 4 7671 901 8533 81 3234 298 1145 776
2753 4 5246 -913 6926 395 3292 50 2615 325
2754 4 7847 -698 9425 157 4779 344 707 -44
2755 4 1015 -963 2744 543 2046 973 1700 -873
2756 5 2372 470 3887 458 6471 367 4606 504 1194 -940
2757 2 8928 -275 2164 863
2758 5 6351 68 1067 285 8226 149 6502 307 2721 393
2759 4 1776 -373 3238 463 3032 -64 924 0
2760 9 532 -132 1070 886 1038 865 9365 -481 6678 -465 6571 915 5389 -714 4847 -312 602 384
2761 4 4226 2 9877 181 3353 299 1429 560
2762 2 3862 270 756 497
2763 5 6809 453 183 858 5428 -644 5547 0 1727 601
2764 6 4790 520 8640 99 7167 225 6366 340 4507 -374 1021 0
2765 5 9460 -638 5014 -274 7133 920 3669 277 815 939
2766 5 3153 835 8171 -311 2078 700 3118 -963 1321 617
2767 9 4159 457 5340 151 684 -658 1825 -169 3251 -904 8266 598 2975 -976 2914 448 1513 204
2768 7 8257 -200 4114 -433 4228 771 9800 -174 5807 512 4437 262 390 253
2769 6 7471 0 7963 -352 7508 692 5451 33 4392 83 229 486
2770 2 9866 406 1374 208
2771 6 4680 386 2131 815 5215 238 4532 900 4212 915 1005 959
2772 3 9984 358 9158 19 305 -770
2773 2 5953 -661 1145 262
2774 4 3821 -387 1544 -343 5857 276 680 405
2775 3 8045 -538 1628 119 1363 604
2776 4 7937 771 559 257 3579 933 821 442
2777 7 8562 -330 2492 0 6766 729 7904 869 5853 57 5794 459 668 418
2778 3 3763 673 7851 782 1026 387
2779 7 445 710 8657 267 9098 214 5604 0 4222 813 3985 55 1221 855
2780 5 3089 162 8782 288 4995 125 7262 532 968 90
2781 6 7147 -151 9725 120 6340 22 5535 58 4027 864 1533 595
2782 5 9485 461 4934 791 8744 221 5028 498 640 694
2783 3 3773 -753 2916 0 692 0
2784 7 2248 977 6012 239 2585 925 3024 729 9333 0 3905 -884 2548 760
2785 9 9179 490 6729 699 4572 475 1019 651 4820 542 4804 -876 4759 848 4200 -501 2704 -832
2786 3 9581 190 8674 -764 1270 140
2787 5 2525 260 1749 655 9818 0 4002 63 2139 -243
2788 4 8589 130 1002 426 3614 898 410 0
2789 3 4219 909 4754 603 1738 99
2790 3 9526 -219 5278 488 450 397
2791 3 6021 253 9090 -910 703 680
2792 5 1844 -655 6631 -689 5089 100 4766 653 784 465
2793 3 2826 735 6647 542 582 -796
2794 8 681 758 8448 129 7242 683 7270 124 6265 975 5432 565 4383 505 1226 309
2795 2 4878 404 1152 877
2796 4 3711 -498 5891 157 5822 756 920 -641
2797 7 1321 -89 5924 624 8107 890 6817 -377 8940 40 3044 650 877 156
2798 4 2355 629 9475 409 6627 256 2672 -809
2799 7 3426 719 3330 423 8587 90 5971 427 5087 -306 4249 -791 2539 833
2800 7 7325 73 6542 132 3870 135 1031 341 5460 774 2900 694 690 871
2801 3 4542 211 7071 327 1960 52
2802 3 8176 -649 813 0 1647 843
2803 3 2550 0 5015 548 715 304
2804 6 3631 322 8656 93 3851 -172 6173 599 2996 507 958 435
2805 3 5180 835 4650 -579 830 0
2806 2 3655 444 800 251
2807 2 5214 -361 2524 793
2808 4 5000 -921 5479 38 8358 11 1488 308
2809 5 3346 262 2231 526 9833 632 2327 965 308 979
2810 6 4071 733 7109 265 9923 977 7840 407 5865 300 2294 -152
2811 3 1688 -42 4234 -873 2060 276
2812 3 8508 680 7888 -859 1736 0
2813 4 8159 -161 6185 0 3842 964 2575 -530
2814 9 7845 491 2516 563 8426 0 8012 60 3608 521 2681 317 9534 -839 8025 927 1903 0
2815 5 5450 -36 5459 867 1904 689 8262 101 406 400
2816 3 3872 -218 3576 283 961 -792
2817 6 9152 623 9305 0 5422 286 5279 151 3420 0 362 535
2818 3 3230 965 8741 -878 1920 -904
2819 4 206 786 536 685 4442 463 2066 -548
2820 4 5155 671 6948 791 6240 360 2597 493
2821 5 7303 11 7012 -819 6678 144 3702 149 238 880
2822 6 6520 584 497 694 4851 51 8214 902 5732 93 1121 -732
2823 3 9991 239 6278 844 321 706
2824 1 2614 610
2825 5 3927 592 15 102 6743 78 7326 591 2591 -558
2826 5 1431 -610 2793 735 2121 -656 2602 999 2236 464
2827 5 3252 204 8401 967 6743 685 2833 -614 1061 -520
2828 5 3706 -436 8035 -415 5137 270 2990 -907 1789 266
2829 3 221 469 7785 81 830 110
2830 5 8976 860 3465 47 3427 57 3256 -476 724 6
2831 3 9817 0 9271 -709 419 -633
2832 7 6501 702 1011 225 7674 752 8000 -417 8039 0 4457 -936 1155 24
2833 3 6993 719 4034 -38 2827 -614
2834 3 3168 524 3636 216 137 -652
2835 5 3720 -675 4448 971 3707 0 3233 -824 1214 61
2836 4 7384 929 533 142 2697 515 446 -783
2837 5 7108 217 4673 -600 3784 398 3311 -116 55 354
2838 4 5424 0 9159 442 2859 -320 1343 652
2839 1 956 -740
2840 6 4058 985 4756 399 8060 660 8852 147 3150 248 2265 776
2841 2 3310 -241 2645 435
2842 2 6645 -912 2135 -664
2843 3 773 822 4984 782 1164 180
2844 3 4921 423 3882 -315 2302 598
2845 1 2008 384
2846 2 8893 726 304 198
2847 3 3808 653 3250 602 2493 998
2848 5 4751 277 8802 87 7018 286 5769 0 2444 -816
2849 3 6879 284 94 -954 2285 987
2850 6 652 234 9431 -359 5859 762 6892 831 2948 812 1751 945
2851 5 7100 788 7621 -93 3812 602 7384 734 757 743
2852 4 8396 742 3649 338 7926 740 1131 519
2853 4 8024 472 8927 -325 3460 381 1125 419
2854 6 4503 104 7264 -327 5321 979 7504 353 2874 0 1173 -984
2855 5 6712 -36 1232 -807 6793 33 5459 766 2160 891
2856 7 8830 873 4184 748 7062 -136 6308 353 5238 422 5113 522 1819 675
2857 8 9070 978 301 827 614 799 7779 713 6150 296 5167 905 6000 690 789 761
2858 5 3126 -624 4207 725 9136 321 7662 799 2035 -302
2859 4 3762 1 3084 311 2959 -287 2838 -320
2860 4 8002 -226 4884 356 2945 -165 801 561
2861 5 2875 776 4366 4 5365 154 4568 -463 2018 0
2862 2 3153 326 248 116
2863 2 3170 -934 945 29
2864 4 3565 -89 5803 975 2924 132 2726 -257
2865 4 3831 704 9733 -320 6515 693 636 583
2866 6 9926 315 8216 427 4273 -329 3795 368 9723 849 390 -730
2867 5 8305 -550 5375 -69 1529 -493 2912 0 2599 509
2868 4 4475 993 8895 228 8578 139 1981 626
2869 2 2908 501 1433 -724
2870 3 3756 447 7123 795 2186 871
2871 5 9106 620 7989 220 4721 -566 3369 404 101 515
2872 6 1088 -2 7595 0 6334 0 5369 33 5067 916 1207 -209
2873 9 6734 209 2078 74 8071 167 3490 418 4988 650 4733 282 4629 775 3101 564 2620 838
2874 3 6384 0 3334 -391 2854 0
2875 2 2861 776 1224 -151
2876 3 8514 -630 9353 712 522 -984
2877 5 8149 542 9470 -3 5559 238 5491 -636 1729 -203
2878 5 9387 0 9919 956 7403 914 3917 -486 2466 955
2879 6 3127 -550 8597 757 7817 865 4058 983 3302 9 1669 843
2880 2 3969 879 2243 -256
2881 4 5384 727 3726 -715 748 830 134 865
2882 5 3072 662 5344 763 7579 275 5396 288 2624 -758
2883 8 8917 0 3256 334 1604 509 5016 -264 4448 954 7204 -739 4326 -19 714 921
2884 4 6794 0 9439 299 8556 -1000 2229 344
2885 2 9149 776 2278 435
2886 3 7462 219 6255 -530 1466 909
2887 5 3421 3 4870 861 8816 479 6538 45 2122 -769
2888 5 1482 523 9551 633 6826 194 9443 138 1369 531
2889 4 9191 910 9760 130 2697 93 2022 863
2890 9 3 -522 219 0 1426 -868 4195 201 4809 638 9752 201 5302 -83 3142 0 186 -994
2891 5 4449 278 1497 629 3296 326 7889 -792 403 755
2892 4 4974 718 6333 357 6386 8 2010 -634
2893 3 7034 375 6714 36 2096 643
2894 5 7726 0 3996 346 8508 387 3797 -127 2165 -51
2895 4 3431 193 6484 271 1665 873 17 481
2896 4 5867 996 5638 412 6632 -67 1448 802
2897 4 8098 167 7211 698 7460 264 1155 540
2898 7 1922 977 7503 515 2082 640 5851 631 4780 -43 3945 -427 298 443
2899 3 4815 520 3617 893 1608 720
2900 2 9519 245 2800 694
2901 6 9535 677 2328 -509 6689 189 6658 674 2931 627 523 0
2902 3 6647 161 3255 423 1596 -680
2903 5 1142 -831 9783 0 920 990 5887 116 2240 0
2904 4 6600 846 2079 163 847 654 1116 635
2905 8 7355 201 8 52 404 511 776 292 6635 383 5674 578 4259 965 2269 817
2906 3 8546 812 5251 -740 1715 822
2907 3 699 981 7814 7 633 -771
2908 5 1035 105 8291 205 7567 554 3601 604 2869 501
2909 1 1740 0
2910 3 4288 16 7690 0 210 214
2911 3 2182 -15 418 552 2718 507
2912 7 124 252 4053 406 6220 605 7090 842 9425 690 7077 733 2867 0
2913 3 8704 150 6973 -580 2613 509
2914 4 4958 588 6505 992 2930 318 2767 448
2915 5 978 495 1876 691 5687 787 7357 420 1341 -265
2916 3 8386 -828 3974 979 2783 0
2917 3 5182 946 3537 181 2417 441
2918 3 6094 105 3730 0 1962 567
2919 3 7944 -274 6943 680 1207 917
2920 5 5560 435 6212 400 3504 692 6817 332 2558 -874
2921 5 7472 0 7096 357 8471 -868 8433 462 1975 -371
2922 4 9783 0 7307 0 4997 585 2235 -239
2923 5 8244 950 3159 -960 4622 821 6947 466 2380 470
2924 5 5380 341 9606 877 9179 690 8436 90 2864 132
2925 6 580 194 1608 216 5449 402 6987 -687 5364 59 181 -271
2926 6 5517 -307 876 528 5699 284 8813 -256 2974 284 2730 883
2927 4 5089 747 337 873 3287 735 1272 -695
2928 5 5885 171 3355 0 9273 961 3785 701 663 -559
2929 4 9339 457 1181 391 2970 292 745 344
2930 3 8564 -290 6812 571 2914 318
2931 3 341 862 6767 741 2901 627
2932 3 7755 -329 4575 310 2367 -749
2933 6 3208 566 989 0 7559 -309 6348 0 3324 872 1422 542
2934 2 5698 363 2057 415
2935 4 9146 0 5237 848 4295 -645 2137 743
2936 5 9198 822 3760 226 6331 287 5649 134 11 513
2937 4 7013 743 5744 801 2717 315 1835 -943
2938 3 8724 670 8004 54 2001 871
2939 9 5008 453 2111 0 3552 496 3892 886 7073 26 4582 498 4406 -491 3037 -55 1567 110
2940 1 1670 74
2941 6 755 23 7718 698 1954 995 1138 625 7628 260 2693 149
2942 4 1010 555 7210 845 5715 -203 2116 -632
2943 6 6971 -358 4289 871 7351 225 4164 731 3658 -96 1749 408
2944 5 1818 8 6023 436 8302 897 8837 160 544 764
2945 9 3796 894 5143 4 8627 896 5630 362 8214 -857 7448 246 7752 663 6543 883 2860 -165
2946 6 8020 539 4729 88 2590 715 5578 0 3050 419 1679 221
2947 3 2333 175 5495 160 315 190
2948 4 4218 -643 4688 418 1351 319 2850 812
2949 3 2248 -358 4012 308 1966 -906
2950 5 3817 717 2184 762 3930 -10 4669 -183 2425 483
2951 6 9767 33 8040 -352 4365 57 3230 554 1775 944 1051 -365
2952 3 7304 5 9502 584 1297 -537
2953 2 6149 610 2110 843
2954 3 5280 0 3362 490 61 -855
2955 3 741 911 4762 -190 1236 142
2956 5 5914 559 8093 -851 3841 107 7291 -28 534 169
2957 5 5942 -548 6299 913 7205 269 4449 277 436 327
2958 2 2353 794 1741 323
2959 5 7570 674 1595 164 4879 717 3600 558 2859 -287
2960 6 6873 -195 8750 460 5069 -894 4754 0 3294 796 766 827
2961 6 1492 20 38 883 2610 -958 8860 983 6083 0 1606 633
2962 4 1569 399 9654 325 3727 -690 2440 -431
2963 4 2351 706 2539 446 4677 439 498 0
2964 3 8129 312 8683 -720 144 336
2965 4 8550 80 8846 111 4328 0 71 596
2966 4 485 907 3681 -345 1636 -563 2693 -151
2967 5 7303 574 7707 -689 1450 476 3526 902 1946 -558
2968 4 2716 549 2559 866 3078 -707 2459 -809
2969 4 8476 401 3262 -166 3261 0 1090 467
2970 2 6928 -346 2929 292
2971 5 5223 -607 598 -363 9759 414 9148 -771 2510 -505
2972 5 618 306 8625 -971 9538 773 4724 198 52 76
2973 3 9732 -640 7226 -482 2092 93
2974 8 5025 0 9560 -278 3234 90 9930 618 7982 0 4851 88 4078 491 2926 284
2975 5 8192 -810 3090 256 4673 -175 9436 855 2767 -976
2976 3 7418 673 5550 142 2744 0
2977 5 7335 658 5466 848 4099 -416 3043 400 128 534
2978 4 3981 809 3542 451 3111 13 1672 -84
2979 5 9968 -828 5083 194 3539 -94 3406 615 2248 317
2980 7 5847 0 7886 956 1292 445 9651 0 6648 -776 4862 486 1678 239
2981 4 1650 503 6018 -610 3384 732 969 815
2982 5 4294 866 7111 -679 7842 877 4953 739 793 -748
2983 5 5817 758 7419 -823 3638 621 3423 357 21 -306
2984 5 4958 908 4061 875 9341 55 6677 784 1581 -18
2985 8 6926 177 4291 408 263 153 9779 -933 8751 944 5410 66 4830 25 2061 837
2986 3 2582 -644 3418 787 2117 331
2987 5 541 929 1816 414 8364 -558 4541 -461 1158 313
2988 2 5112 329 1911 273
2989 3 9746 -587 7667 -853 2337 415
2990 4 5908 827 6528 503 3726 0 2828 -907
2991 6 4970 0 3887 646 6321 -297 5566 856 5530 -857 2559 693
2992 4 5580 291 6575 0 2517 480 1506 -361
2993 4 2698 578 7931 480 6165 -118 789 996
2994 2 9742 971 1056 818
2995 5 9252 285 6021 361 1403 870 3020 341 464 449
2996 6 9593 815 5005 386 7370 0 6792 326 5687 293 2804 507
2997 2 8284 323 1772 439
2998 5 9470 332 8855 526 7222 -207 9186 721 494 763
2999 6 8639 942 3416 67 8411 399 4147 230 3641 527 2544 593
3000 5 7078 327 522 -2 4348 -294 4104 58 1045 -511
3001 3 7225 -213 7050 333 339 979
3002 4 8195 578 8050 724 6908 129 837 715
3003 7 94 998 1471 -973 5357 76 4857 574 4459 -744 3813 -612 843 971
3004 2 4676 -416 1340 25
3005 5 3302 707 6251 128 9367 171 6828 -619 1664 668
3006 5 857 97 9979 0 4602 429 6329 697 1907 352
3007 2 3679 669 384 330
3008 3 8123 837 5633 294 2474 493
3009 6 8903 0 6859 749 6455 257 2087 883 7151 972 1913 217
3010 1 1935 774
3011 5 7707 -155 5426 52 9942 -964 6264 534 2231 771
3012 2 8817 694 773 503
3013 6 5802 -840 1418 -869 3548 -640 6593 327 7813 183 2288 76
3014 7 9316 787 7746 683 3809 379 5485 424 6261 -966 5882 -937 344 325
3015 6 1715 58 9886 486 1983 657 6829 -351 6118 445 1201 -650
3016 2 3088 530 1356 888
3017 5 4876 -359 5950 784 9518 574 4333 69 1013 -561
3018 8 2068 -978 2652 -558 1616 310 3777 -848 3131 788 7776 425 3370 252 2502 396
3019 6 4198 -453 4838 248 4778 464 4364 -591 4052 570 2166 -48
3020 5 6947 432 5297 632 4764 0 3038 697 2995 341
3021 3 8281 840 6338 -873 109 -379
3022 6 3289 235 5897 -47 1329 -750 2013 607 9132 672 2276 358
3023 4 8960 747 8103 360 5118 -582 1165 168
3024 7 8078 128 4485 -402 3832 -60 6238 621 2784 729 6471 10 1582 241
3025 4 7890 -906 5152 771 4556 101 1776 818
3026 3 526 19 6686 867 2719 525
3027 4 5946 769 9004 683 7263 0 1461 192
3028 7 1931 0 426 591 992 -341 8357 -300 6994 215 5818 694 1004 365
3029 4 4912 -574 7490 138 4691 -104 2089 0
3030 11 4910 727 3798 -788 4055 -87 1313 18 3347 0 407 244 9048 0 6152 632 9657 945 3485 -573 1130 0
3031 1 1857 940
3032 5 9975 108 7849 0 6406 823 9887 -613 2759 -64
3033 2 4003 642 822 943
3034 7 6620 565 8416 350 1929 662 9737 959 9374 426 7051 311 1609 559
3035 5 3391 886 8259 548 9165 194 5574 -322 403 1000
3036 4 5533 130 7023 -628 3732 897 1136 -531
3037 3 5507 363 4659 730 2939 -55
3038 3 5344 619 7330 661 3020 697
3039 2 6004 764 2452 217
3040 7 6154 891 7219 970 6216 643 4360 576 9218 251 6584 677 1304 565
3041 1 1310 323
3042 3 8836 -26 7014 140 899 862
3043 2 9005 871 2977 400
3044 2 5028 387 2797 650
3045 5 6707 -248 9774 260 7770 459 6477 365 2271 45
3046 2 2662 704 901 925
3047 3 3891 331 3745 990 982 -694
3048 4 6165 -633 8394 885 4229 262 735 921
3049 4 5632 0 6913 267 6860 -215 1095 205
3050 2 7208 849 2946 419
3051 5 8899 -986 1638 -112 2206 360 3779 387 2214 738
3052 3 6204 88 1878 -724 2499 -415
3053 3 4279 313 1500 445 2166 348
3054 5 8516 -325 6738 309 8685 137 6100 507 1909 953
3055 6 8789 -33 5330 100 5582 -115 5633 970 4254 715 211 -385
3056 2 5476 258 1135 614
3057 2 1103 702 1790 218
3058 7 2207 565 1448 642 382 204 6462 147 4100 319 4007 12 950 -553
3059 1 1721 821
3060 4 2053 798 6516 211 3098 996 1189 682
3061 7 966 -903 3616 963 6291 34 9438 299 4483 1 4297 400 541 -289
3062 1 627 -438
3063 5 5200 440 5056 209 4241 -412 3869 42 948 -296
3064 3 3715 420 3662 390 1037 646
3065 4 162 178 4538 732 9502 880 2544 301
3066 3 8370 755 7866 -735 2518 417
3067 4 7644 962 2485 624 5381 -614 1982 -772
3068 6 9886 695 6159 77 7685 925 5292 825 3724 -128 1213 840
3069 4 1621 -510 3080 858 939 -541 2124 -219
3070 5 3718 650 8546 885 3469 -109 3372 218 1883 72
3071 6 6787 496 5077 516 8381 662 7172 -999 3307 803 2559 733
3072 8 2882 662 6662 970 6112 -53 6485 810 6995 863 4195 473 4802 179 1728 198
3073 4 595 444 3883 -574 5278 341 2347 0
3074 5 880 717 1664 -757 7546 0 7745 -366 1182 679
3075 4 3766 437 5589 604 3431 700 131 -43
3076 1 447 855
3077 3 8823 697 4132 -254 829 564
3078 3 7456 726 2968 -707 1970 75
3079 4 4248 745 9003 13 5250 178 2511 783
3080 4 1750 403 3928 82 3069 858 1118 949
3081 7 8894 938 6023 746 1527 -560 9871 -152 4462 -928 3610 774 991 526
3082 2 2135 -444 504 502
3083 4 9223 -858 2170 682 3607 -364 406 34
3084 6 5374 -364 4594 -949 7608 322 6230 26 4381 600 2859 311
3085 4 7067 -343 5374 718 3711 924 1223 144
3086 5 3257 394 4965 652 9951 441 3952 -810 1288 -61
3087 3 7979 -913 4020 839 1033 -274
3088 3 8764 213 8536 646 3016 530
3089 3 2780 162 7655 406 2117 778
3090 3 2975 256 5085 -568 2706 -207
3091 6 688 335 3918 313 9335 -630 2152 222 6386 363 1561 -240
3092 6 2011 753 4354 333 7839 934 4566 899 4050 10 2366 -365
3093 3 9121 225 6080 367 2437 142
3094 3 6192 668 7781 605 22 127
3095 4 3953 144 4480 135 3902 322 1439 -562
3096 3 4855 672 5024 523 498 -639
3097 7 3232 155 6322 824 1549 481 6386 19 8226 71 3596 -244 455 342
3098 5 8903 886 1196 526 6741 548 3780 -281 3060 996
3099 3 1077 290 6384 464 326 0
3100 2 8717 -815 2651 738
3101 8 1671 976 456 109 8643 -353 2573 567 7008 823 6735 466 3116 264 2873 564
3102 3 900 -84 2259 39 2624 714
3103 5 1077 226 1256 763 3306 809 7180 248 1985 613
3104 6 5762 97 5548 143 5316 459 4482 564 3276 -393 2477 0
3105 7 9053 978 9466 -763 7159 -159 5920 587 4061 245 3789 52 2611 279
3106 5 5112 605 4627 -797 4555 0 3653 247 714 -518
3107 2 5643 -885 533 621
3108 4 3951 368 7877 329 9543 -814 711 -399
3109 7 1196 -35 1998 150 5911 -826 9276 -556 9027 825 4369 632 2451 365
3110 1 1585 191
3111 4 718 53 1885 494 6698 81 2978 13
3112 5 672 492 1254 358 1944 43 3710 414 200 473
3113 5 4357 311 9801 0 5558 767 5477 176 2128 45
3114 3 8487 159 8807 949 517 -749
3115 3 3923 135 4 880 248 835
3116 5 1652 507 9653 568 4076 512 5694 494 3101 264
3117 3 7346 0 915 781 1880 450
3118 9 7904 128 206 204 9636 722 7704 115 4099 56 1569 735 4755 365 3338 -949 2766 -963
3119 4 5948 254 9420 443 7545 -200 182 81
3120 2 6660 349 1627 -709
3121 5 9033 745 8411 172 6573 305 5350 640 1480 -42
3122 7 799 52 8641 -625 7453 416 3518 440 3508 853 3464 798 2699 251
3123 2 5094 -19 399 317
3124 6 4992 388 7282 657 5152 969 8895 646 5964 0 1514 871
3125 5 7643 -495 5912 0 3272 537 4097 394 1483 46
3126 5 8521 298 2858 -624 3659 306 8165 0 1355 588
3127 9 2879 -550 640 -88 2490 630 1393 27 669 0 6602 459 6174 198 3329 279 1169 586
3128 6 4157 814 7071 571 4106 210 7956 -309 6836 581 44 404
3129 6 7866 -919 5481 -653 8499 87 6778 519 5190 -294 2359 -246
3130 4 5521 890 9512 745 7233 0 472 452
3131 6 8221 73 4865 724 3018 788 3935 85 3445 646 708 747
3132 4 7996 -783 6940 -269 5473 550 1404 340
3133 4 9385 537 2386 362 4196 762 1914 -155
3134 4 4586 83 8680 650 4194 4 1365 659
3135 7 3633 171 7209 537 6547 628 1513 589 7809 461 7148 128 1987 733
3136 2 7030 748 2594 596
3137 4 2082 570 41 564 3250 530 1521 791
3138 2 4082 -993 2484 46
3139 2 5429 588 2287 896
3140 3 7153 102 148 597 519 952
3141 3 8686 561 5046 30 1730 525
3142 2 6311 -20 2890 0
3143 3 7732 898 5487 804 852 -553
3144 4 4440 211 958 399 5193 -48 1497 978
3145 4 6922 892 6374 704 4679 417 599 758
3146 5 5898 47 4785 296 7517 600 5039 121 1572 248
3147 5 5831 -773 4406 343 6639 68 3252 -564 2370 897
3148 3 6183 -313 9980 296 1299 -367
3149 6 7223 -209 6567 112 8744 777 7372 -66 4150 436 1787 369
3150 4 7682 0 9657 803 3898 901 2840 248
3151 4 3719 -552 7261 78 3453 -602 194 283
3152 4 8829 232 5710 0 6291 0 560 406
3153 5 4439 -38 8596 898 2766 835 2862 326 1549 807
3154 4 9513 781 8936 951 6017 185 100 259
3155 10 5085 398 9404 543 6050 827 1678 926 5255 268 9284 568 8529 682 6448 76 3818 416 2079 28
3156 6 5913 511 6078 738 7363 552 4564 662 4162 69 1602 465
3157 3 7462 967 3665 196 2155 -466
3158 3 6485 153 4240 101 259 279
3159 7 8678 0 6711 731 2923 -960 8586 880 7443 706 3473 -954 2408 43
3160 5 9313 801 7588 806 4508 610 3970 695 399 -989
3161 3 9264 -819 5697 572 581 560
3162 1 1583 789
3163 4 689 745 8651 858 6336 59 2540 716
3164 9 6868 -562 1365 -896 9505 187 6874 128 8052 0 8257 464 7349 794 6071 875 2735 919
3165 1 289 502
3166 11 462 469 8726 0 3566 -86 9160 657 1225 962 1103 752 8698 226 9395 200 6192 -66 5766 731 166 609
3167 6 6194 -981 3561 -714 5379 944 5283 48 4230 -726 1076 -566
3168 7 7195 966 8954 600 2834 524 3421 381 9132 79 8397 181 1261 200
3169 2 1455 163 1168 753
3170 8 693 323 7849 919 2863 -934 4657 973 6296 922 5546 -479 4767 950 1435 135
3171 5 5966 17 4448 522 5739 -72 5317 301 765 97
3172 5 8930 -332 6294 158 5779 267 9982 131 2557 644
3173 2 4661 511 9 297
3174 4 2704 979 9333 341 7688 585 1281 983
3175 6 6011 838 9512 984 9281 845 5885 135 3217 772 2326 135
3176 3 1022 43 7257 302 951 838
3177 2 9987 181 12 821
3178 5 6589 -798 6519 766 3836 614 6433 121 1283 -359
3179 3 8390 359 7470 787 2293 460
3180 2 9313 0 329 780
3181 3 382 599 7578 288 878 940
3182 6 7105 246 9484 71 6666 668 3308 952 3195 217 2493 -270
3183 3 8185 274 2177 807 258 798
3184 5 5570 905 8172 826 8729 516 7171 -979 1619 188
3185 3 9252 -201 7528 337 321 940
3186 3 3210 -68 7233 169 1713 437
3187 4 6815 278 8281 435 6522 198 894 840
3188 4 7109 -46 110 -115 4062 44 2503 43
3189 3 5375 18 3364 0 728 -10
3190 3 4233 445 3286 323 1114 856
3191 4 828 -873 6273 -587 5147 -195 2276 -520
3192 3 3848 -648 6987 411 2707 689
3193 3 1850 396 5345 397 1067 779
3194 3 9021 398 6232 731 716 -323
3195 2 3218 94 3182 217
3196 6 9788 69 6659 0 6566 670 4015 222 3482 249 667 731
3197 3 8780 817 9763 221 202 441
3198 2 7300 573 2117 -897
3199 5 9893 151 9346 776 7652 390 4234 303 611 -203
3200 2 290 650 2564 0
3201 3 9235 606 3475 769 986 0
3202 3 6782 207 3716 2 2391 -587
3203 4 604 243 3682 648 9019 114 658 129
3204 4 4169 -930 1600 972 8080 -121 2593 605
3205 4 496 797 7297 395 6772 0 1931 994
3206 4 7223 556 4248 563 3429 755 883 476
3207 5 9420 -817 4697 -997 4685 990 3936 89 1780 -21
3208 6 2933 566 5290 644 9067 -530 7785 -741 5464 811 1166 958
3209 8 8084 639 9316 310 3814 -745 3918 -455 1428 176 4663 790 3975 712 473 194
3210 6 3186 -68 4770 540 9219 -18 4559 -707 3472 650 2333 0
3211 3 2711 166 6682 -934 2274 517
3212 2 3584 345 2190 923
3213 5 55 741 8887 -629 7356 146 4187 202 648 -330
3214 3 6725 399 4368 474 2305 960
3215 2 8003 -638 698 744
3216 3 1609 781 6113 75 263 369
3217 4 5241 995 8278 -727 8132 -657 3175 772
3218 6 5343 -895 1887 66 1134 387 383 -496 8819 524 3195 94
3219 6 3424 877 3345 -463 117 -386 7785 392 5016 170 1243 997
3220 5 6343 -549 6271 519 1151 470 5443 649 2478 -782
3221 3 4615 -367 4635 211 719 -859
3222 3 1337 0 4747 422 1519 416
3223 8 5058 558 6079 866 8181 722 662 103 1500 438 9607 -246 5344 72 1007 -778
3224 7 6472 393 8089 17 8037 922 4631 47 4367 -110 4202 276 2103 867
3225 4 5519 209 6808 773 4434 130 998 254
3226 5 4945 338 6869 628 8528 973 4152 128 833 -311
3227 3 5907 671 1889 616 2097 697
3228 6 9652 -800 1920 806 1783 80 9065 -450 3770 521 1438 143
3229 3 3275 631 5511 61 241 -641
3230 6 2818 965 2951 554 7089 909 8432 132 7869 812 2330 976
3231 4 8295 10 4752 314 4597 240 2497 815
3232 6 4552 812 6442 500 3097 155 3819 185 8562 -426 2171 507
3233 3 5856 336 3934 374 2835 -824
3234 5 2974 90 9867 -568 7466 435 2482 478 2752 298
3235 5 3673 111 3314 -81 7601 -78 5034 547 700 403
3236 5 4963 122 3644 798 6129 652 2023 278 939 581
3237 4 1520 -562 3727 927 5686 431 2470 -638
3238 5 5548 -754 3699 978 7495 0 6324 801 2759 463
3239 5 9414 -871 9498 56 1226 -967 1917 913 2139 -658
3240 6 9462 -807 8778 804 6942 931 2648 0 9944 -554 1694 -81
3241 2 8127 110 122 -728
3242 6 4549 356 1114 228 5778 142 854 451 5948 191 763 -300
3243 3 8022 490 5391 652 359 0
3244 8 5845 907 3966 305 6098 140 2301 909 5340 -747 7871 78 3354 738 1800 -663
3245 4 5971 469 305 31 3986 929 964 415
3246 5 3671 -32 2360 742 8707 -7 8108 -499 789 992
3247 3 9608 95 7391 736 360 228
3248 8 2456 755 6858 216 8862 -157 2223 0 914 0 2107 -976 5901 945 574 772
3249 3 1904 284 3837 766 273 394
3250 7 3739 13 7310 106 6922 208 2847 602 7846 872 6554 888 3137 530
3251 9 4823 457 8123 76 5632 610 2767 -904 8654 225 6369 0 6350 226 5606 720 2228 -543
3252 9 9148 -977 7868 889 3147 -564 5752 620 6360 -540 2827 204 7410 819 5915 -464 591 18
3253 4 8764 421 3682 800 7475 252 1991 945
3254 2 6068 -129 597 -946
3255 3 2902 423 4357 569 1043 -486
3256 5 2883 334 4859 225 8643 0 6934 653 2830 -476
3257 6 7842 -313 3086 394 1350 0 8380 -292 509 918 1940 816
3258 2 4228 260 2082 589
3259 4 6992 342 8449 166 6287 99 1865 994
3260 6 7896 -419 1810 0 1484 -588 4272 353 4284 343 2018 44
3261 8 7957 871 7335 792 8510 -359 7532 761 6007 -145 4795 -450 4412 0 2969 0
3262 2 843 899 2969 -166
3263 6 4186 822 8043 532 4404 439 6353 0 5479 557 1220 277
3264 2 6668 202 2575 648
3265 4 3677 287 4414 238 5457 585 1480 492
3266 4 5411 798 8701 -759 5291 310 835 574
3267 3 3526 266 9283 399 2154 211
3268 4 9739 924 8916 84 4689 -41 2562 529
3269 5 618 476 568 -449 6019 572 7815 196 208 -853
3270 5 1418 -963 4359 -352 6125 476 2693 811 113 915
3271 1 956 -135
3272 3 5690 928 3125 537 2465 137
3273 6 2186 737 5787 -78 5529 787 3323 488 6256 -268 2360 419
3274 5 9958 -58 1627 239 6908 802 6739 -385 2279 930
3275 7 6828 853 7442 -984 1720 882 3229 631 9315 -927 4157 760 1319 800
3276 2 6439 377 3104 -393
3277 3 7048 255 3826 -583 1914 443
3278 7 3788 -902 5199 267 957 0 796 82 4939 -866 4841 410 1759 854
3279 6 82 221 523 621 1505 -689 6008 -172 8972 435 1478 461
3280 4 4886 0 9003 96 3553 0 672 0
3281 4 5040 900 313 0 3400 420 2382 443
3282 3 4019 338 5142 264 2498 25
3283 7 7452 198 7264 368 7937 517 7887 86 5173 -554 3961 625 494 3
3284 5 8767 351 7427 639 6380 849 3808 380 1501 0
3285 5 7430 721 6670 545 6224 0 4301 211 32 -84
3286 6 6349 880 8872 -676 7496 889 4618 145 4191 261 3190 323
3287 6 1635 359 4706 442 8225 -800 6475 418 6034 544 2927 735
3288 2 6016 259 1820 -508
3289 6 3022 235 590 796 615 323 8971 -331 6189 73 2124 887
3290 6 4802 661 8433 746 3744 55 4707 633 6992 -850 246 9
3291 5 4237 655 7087 -188 2708 999 7954 943 2454 -569
3292 3 5694 905 9758 0 2753 50
3293 3 1863 -573 3836 259 1447 97
3294 3 8437 0 4271 16 2960 796
3295 7 4522 862 9991 708 4692 129 5531 506 6015 14 3520 106 2048 -170
3296 7 1045 277 7951 -164 9783 526 2891 326 9310 387 3340 -14 2197 -938
3297 3 3567 180 3633 516 2612 -219
3298 7 5934 714 3577 70 4471 276 5516 272 1694 282 4192 282 673 208
3299 5 340 257 8589 0 5890 197 5983 684 395 223
3300 5 3985 995 7592 234 6411 96 8088 320 1651 -47
3301 3 8070 769 6570 -522 715 656
3302 6 2372 0 7076 -435 3005 707 5111 0 4205 644 2879 9
3303 2 2082 964 1796 -804
3304 2 3450 0 2238 859
3305 2 4172 621 199 -924
3306 7 5912 -194 4724 991 3103 809 3859 0 7203 -457 3339 545 1541 432
3307 6 8887 529 5770 -525 5114 171 7989 2 3535 125 3071 803
3308 1 3182 952
3309 2 7710 -425 459 724
3310 5 9644 -479 2308 -574 7309 121 4930 916 2841 -241
3311 5 2311 21 7274 226 9140 -901 5938 317 2837 -116
3312 5 7775 -101 7568 123 4758 251 3764 475 1576 954
3313 5 3531 600 3832 -244 4537 781 4101 145 734 -653
3314 4 9182 498 874 -40 3235 -81 1700 517
3315 7 9613 -12 3534 -918 6536 221 5904 630 4737 462 4033 201 2544 763
3316 4 6893 -315 5857 588 9105 516 1648 883
3317 4 3656 893 9209 -596 5704 108 1826 869
3318 5 920 984 872 639 5361 891 8770 520 1303 953
3319 3 8985 933 3666 396 1159 0
3320 3 6654 216 5672 96 1253 106
3321 3 7013 193 7431 112 2328 846
3322 3 5247 633 4404 358 2016 943
3323 5 7398 97 3273 488 5509 350 3877 -398 629 88
3324 2 9882 -135 2933 872
3325 4 1505 0 6719 657 9823 967 249 0
3326 6 8231 524 4990 747 7593 953 9307 -677 6460 49 907 429
3327 2 8246 -604 1891 729
3328 3 6434 635 5061 0 57 -304
3329 4 5401 701 7969 189 4461 262 3127 279
3330 9 7178 195 4655 776 2799 423 1724 993 6312 514 5935 67 3563 -29 3459 785 420 751
3331 3 6901 214 4810 117 1056 463
3332 2 5889 818 1406 95
3333 4 5894 159 3863 110 3348 720 2117 -490
3334 8 1438 13 6327 -761 5912 264 5869 119 924 -3 9116 31 6021 -582 2874 -391
3335 4 5774 840 5512 955 3995 -981 207 -364
3336 3 1851 972 5218 450 2430 -129
3337 2 8211 0 469 679
3338 4 8945 370 9945 462 8088 540 3118 -949
3339 6 3853 933 5983 677 8325 254 7916 177 7491 197 3306 545
3340 7 5474 -199 8931 195 2297 -594 7229 252 3975 663 3727 709 3296 -14
3341 1 352 206
3342 6 4317 598 7277 0 7938 -886 9834 27 9555 -520 533 753
3343 6 7902 966 5908 954 5996 -293 4978 -258 3976 249 2750 959
3344 5 7564 219 4687 563 5178 -308 3829 582 1634 762
3345 7 9895 282 3932 534 3219 -463 9132 199 5419 840 3376 -452 875 676
3346 3 2809 262 6330 822 667 465
3347 4 7777 686 3030 0 6965 986 1626 -313
3348 4 2154 -619 8758 -469 4030 592 3333 720
3349 2 4324 123 108 589
3350 6 4589 -117 6794 -593 9108 521 5076 513 3441 489 162 523
3351 5 7859 759 1119 504 8803 460 7314 217 76 410
3352 3 1941 642 6262 -201 2491 648
3353 4 514 73 6960 -911 4408 755 2761 299
3354 3 2237 -896 4378 682 3244 738
3355 10 8096 13 2716 78 2928 0 7825 888 4896 -471 5977 -109 5947 99 4293 0 4253 0 1044 0
3356 6 1346 -68 5427 794 9636 235 6888 542 5692 0 2729 -189
3357 2 5117 941 1737 -277
3358 2 5931 806 2005 623
3359 6 5368 -983 4210 424 3418 0 7825 115 4640 153 2746 0
3360 3 6139 -669 7922 11 363 559
3361 3 3626 228 6948 -898 528 136
3362 6 7547 0 2417 110 4367 454 7782 599 7084 -68 2954 490
3363 3 5198 425 6211 -736 117 889
3364 2 5900 906 3189 0
3365 4 5840 -762 9566 839 7485 482 1467 351
3366 5 7066 960 1416 669 6777 313 9959 893 2094 498
3367 2 2162 0 476 8
3368 6 4917 970 85 955 1557 892 7554 -930 1699 0 1860 375
3369 3 8145 45 9849 0 2871 404
3370 8 2103 154 3873 591 2525 0 8698 0 4937 29 5589 391 3884 119 3018 252
3371 4 7191 554 5973 512 3689 -279 820 763
3372 6 7143 252 7978 154 8233 519 8823 -255 4352 251 3070 218
3373 4 8872 443 8155 565 6062 707 269 -566
3374 5 2225 983 9435 599 7585 256 5645 -340 1416 -753
3375 2 7760 279 1618 4
3376 2 5551 537 3345 -452
3377 3 5213 243 3486 226 334 996
3378 6 646 140 9616 -821 4664 251 9700 772 4081 -602 2158 147
3379 4 4005 351 8497 -227 4992 717 2189 482
3380 6 4265 432 8037 199 8858 464 5293 229 3845 870 321 908
3381 4 9838 369 7784 921 7966 526 792 -239
3382 5 9810 737 8509 386 5726 -647 4782 824 419 136
3383 3 6162 -687 5705 154 90 -833
3384 7 1241 447 4968 969 56 782 737 -810 8906 -3 7170 150 2981 732
3385 2 3930 425 187 61
3386 6 2679 0 7089 354 2449 -8 5311 -356 6239 -843 2612 827
3387 1 1781 635
3388 6 5788 -285 6858 386 5063 545 8878 -989 5744 997 1920 384
3389 8 7025 0 8577 -809 7009 693 5789 0 4817 542 4006 -833 3833 785 2398 482
3390 6 2564 370 6514 -374 2347 925 9100 36 5751 -62 1677 0
3391 7 7300 407 3035 886 6136 459 4266 0 7764 118 7266 -721 2493 487
3392 4 6366 -976 8617 667 4824 816 2430 378
3393 3 8024 506 7848 -791 1678 -177
3394 4 5237 -535 6509 -78 5918 722 380 -426
3395 5 5357 90 4509 146 8444 300 8341 -856 2661 9
3396 3 7200 450 5005 -747 1641 213
3397 4 7302 738 6301 -76 4490 137 501 576
3398 2 3660 681 54 71
3399 4 9020 516 3838 0 4208 22 1052 818
3400 7 1393 -769 3281 420 3971 522 9714 -447 7056 850 3519 145 282 -591
3401 5 4091 691 9254 992 9772 -997 7699 -562 800 749
3402 3 489 850 9368 489 2751 950
3403 5 4891 -12 8286 257 7718 895 7914 697 414 316
3404 3 8298 265 7679 691 2715 612
3405 4 1845 0 8456 -204 8168 63 2244 -526
3406 3 2459 849 6876 -456 2979 615
3407 3 7397 170 9288 681 2725 -992
3408 5 270 -457 3582 9 6604 713 6267 78 2537 741
3409 6 2504 198 758 502 8865 958 6975 487 9372 -58 1190 143
3410 2 4073 284 588 -387
3411 2 4371 604 2215 112
3412 4 7436 -190 5093 -195 3756 566 1286 831
3413 4 7716 560 2077 -630 4987 0 287 634
3414 2 6107 -298 1946 532
3415 5 1597 332 7053 763 6184 787 9571 438 1955 -348
3416 5 4690 -434 2999 67 3668 791 9917 198 1994 17
3417 3 531 47 9008 -774 1304 -275
3418 2 3359 0 2986 787
3419 6 8198 -182 4264 112 9455 192 5598 551 5755 370 2184 983
3420 4 6182 552 4646 -538 5043 759 2817 0
3421 6 2887 3 3168 381 1505 270 3972 818 7572 78 1809 697
3422 4 5927 -703 8982 377 4690 617 205 289
3423 6 4981 -80 1615 540 2683 -647 5394 893 3524 131 2983 357
3424 6 3219 877 1632 487 760 864 5088 239 3661 318 723 566
3425 4 3853 157 7218 706 8954 861 976 -860
3426 6 7833 894 2799 719 5456 739 2610 -778 6756 -952 2494 235
3427 4 8076 599 7878 285 8401 33 2830 57
3428 5 8741 788 8391 751 5326 258 4218 -650 289 182
3429 5 4164 52 6641 690 5316 339 4698 196 3206 755
3430 2 8778 251 53 -354
3431 6 2895 193 6295 880 3075 700 7875 916 9046 -620 1681 -382
3432 8 9623 519 8108 435 6900 -673 8330 29 6830 438 6557 483 6217 217 194 208
3433 2 2103 -474 2341 0
3434 6 3737 635 1646 856 4504 655 8419 718 3847 0 1398 81
3435 6 6195 678 5804 -953 7544 71 3677 336 4107 889 1836 585
3436 6 4279 892 7364 272 9782 -315 3657 39 4087 110 2487 541
3437 2 4498 361 1897 312
3438 4 2536 931 5177 -684 4146 415 1484 94
3439 7 9185 696 6987 0 4154 786 3488 581 8295 -45 3547 135 2555 925
3440 2 5789 514 126 994
3441 2 602 364 3350 489
3442 3 4107 -468 7855 552 361 911
3443 2 5240 42 540 -399
3444 3 9286 517 8749 0 741 -514
3445 5 6983 0 6923 -29 9669 36 3648 273 3131 646
3446 6 8200 66 1764 382 6723 408 6370 338 1771 -290 481 476
3447 4 7246 361 2132 694 4502 238 1348 987
3448 2 9550 -466 880 -322
3449 4 2448 363 8951 277 7754 691 2241 104
3450 3 5412 676 3981 295 3304 0
3451 3 5860 435 8058 -651 1187 -371
3452 4 9026 -476 2442 373 3534 569 2700 66
3453 4 5024 -446 5270 510 8673 757 3151 -602
3454 6 54 762 8867 177 969 524 4756 442 7450 438 46 41
3455 1 1307 392
3456 2 8046 -28 1216 809
3457 1 232 393
3458 4 8565 176 7405 441 6960 -263 1236 517
3459 1 3330 785
3460 1 2853 381
3461 4 7195 988 6984 700 5714 -227 89 321
3462 3 7061 800 6861 -153 2135 837
3463 5 4358 513 4908 510 7802 235 3557 320 2384 669
3464 3 7790 -883 3489 690 3122 798
3465 4 6006 -283 2830 47 8223 -80 594 136
3466 1 825 815
3467 5 5591 0 5198 -135 9913 492 5040 569 1905 412
3468 1 2474 -865
3469 2 3622 99 3070 -109
3470 5 8915 679 5667 203 1986 504 4022 855 2583 -332
3471 4 8457 864 4815 470 8038 0 1946 784
3472 7 132 860 7709 257 8196 -458 7292 0 5931 -306 4132 698 3210 650
3473 5 9478 407 2244 -71 5675 -488 3682 851 3159 -954
3474 3 6387 994 5153 946 1548 398
3475 4 1102 964 9660 -614 5271 989 3201 769
3476 10 7452 169 8403 964 8533 236 6223 946 9763 -707 8195 486 8688 703 6889 -67 4683 994 2446 547
3477 3 9348 -487 4347 954 1381 146
3478 4 2295 399 1368 610 2620 850 59 834
3479 4 7997 -121 4378 655 3899 -238 695 248
3480 5 1327 -70 9164 293 6648 455 9350 782 2701 7
3481 6 9432 753 9426 -246 9157 729 8857 23 4887 276 1322 780
3482 4 8802 -60 5404 351 5786 289 3196 249
3483 3 7830 604 4014 270 87 -435
3484 3 7406 -848 5430 839 967 -784
3485 4 8208 648 4088 993 3554 925 3030 -573
3486 4 4514 964 7134 993 6642 587 3377 226
3487 4 319 570 7931 289 8171 239 1910 659
3488 4 6368 155 3439 581 4284 -793 1431 953
3489 6 40 758 6278 972 6114 214 5462 -919 5440 91 3464 690
3490 6 1848 -841 2873 418 7375 699 6644 -402 5927 221 111 7
3491 6 2385 -909 6848 -768 8969 934 9291 639 1127 -347 291 -131
3492 5 594 0 624 -670 9204 -883 3635 350 845 -829
3493 6 2071 896 490 -890 3941 871 8956 710 7109 542 1092 334
3494 8 7828 843 5068 729 8615 -746 6873 0 9045 973 8303 810 3801 769 235 587
3495 5 3868 100 9367 -257 3904 583 3510 197 371 748
3496 6 7275 458 1089 570 3928 777 6311 12 3904 656 908 -848
3497 3 6355 75 8999 930 1170 885
3498 5 6256 -523 4962 652 6345 645 5877 -316 2461 -774
3499 5 1514 271 5521 692 2489 -193 7614 944 801 199
3500 5 5539 150 866 -677 7010 106 4869 264 494 48
3501 3 9691 -11 4146 -943 2312 61
3502 4 7796 838 864 279 492 778 2462 0
3503 3 6569 864 4385 -261 1780 667
3504 6 1181 -150 2920 692 3703 -484 4708 717 3687 369 2108 142
3505 6 8521 316 4106 220 5265 161 7818 366 3853 482 2501 708
3506 1 2145 904
3507 2 4397 -825 492 0
3508 3 9935 741 4117 801 3122 853
3509 4 6556 102 5096 537 5075 986 516 -684
3510 3 7510 491 6546 352 3495 197
3511 5 8782 47 8403 769 5993 -146 5930 350 980 128
3512 1 1289 989
3513 3 2651 573 4292 25 1818 849
3514 5 3871 0 3896 -536 5651 -237 4091 744 2016 59
3515 3 8662 -564 4573 986 609 200
3516 1 2178 241
3517 2 689 50 1586 252
3518 2 5623 -277 3122 440
3519 2 897 824 3400 145
3520 7 755 861 7480 207 647 140 5297 575 4638 -302 8518 127 3295 106
3521 6 7566 241 975 -485 8116 296 6138 614 7094 -749 1360 746
3522 4 6567 -239 2745 645 474 496 2117 60
3523 1 2639 -763
3524 3 7155 230 6546 188 3423 131
3525 7 5829 707 9802 893 5312 948 9291 -607 8445 988 7775 2 389 -45
3526 7 4954 138 3267 266 2967 902 9528 426 4825 656 6275 452 1953 -575
3527 1 730 15
3528 3 5857 -495 6250 507 77 325
3529 3 451 217 2438 118 2729 -687
3530 3 9261 -575 4083 261 1547 674
3531 5 9819 506 170 -909 5255 0 3313 600 2663 548
3532 8 8323 125 5253 308 5923 666 8523 280 2123 940 8322 55 6476 -237 313 592
3533 2 6315 421 454 -519
3534 3 3315 -918 9111 85 3452 569
3535 3 8155 245 2490 295 3307 125
3536 5 4403 261 2661 30 9522 -458 4993 422 1142 834
3537 7 2917 181 5060 425 3993 -311 8754 -803 9766 577 4203 -698 2027 931
3538 3 2448 476 5834 43 1828 924
3539 1 2979 -94
3540 3 6081 992 9238 543 2138 127
3541 3 8769 -203 7909 219 1734 0
3542 8 2978 451 9233 697 6454 872 6322 -937 6317 229 5170 315 3634 298 732 204
3543 2 9804 -375 272 192
3544 4 1048 0 9165 -363 3800 910 2711 768
3545 4 3889 811 4817 429 5788 563 1316 -958
3546 2 8855 827 858 -936
3547 5 558 -127 1336 258 6408 -442 5029 9 3439 135
3548 6 6577 -209 3013 -640 7072 -407 5368 2 4420 247 1183 -238
3549 3 4762 541 7872 271 1846 933
3550 5 6929 -888 1536 353 5551 1000 3856 880 185 -566
3551 5 6878 281 9349 414 8417 405 4236 978 1095 291
3552 5 4984 -686 1833 -998 2939 496 5409 419 1820 783
3553 6 9741 534 2145 0 2558 269 360 0 5812 745 3280 0
3554 6 9310 517 7160 15 2603 488 8131 917 6190 188 3485 925
3555 4 4857 0 465 904 4927 971 927 306
3556 2 566 0 1008 980
3557 5 8521 99 963 -57 8404 0 5503 45 3463 320
3558 4 5773 151 4621 0 4255 -730 2360 529
3559 3 1952 61 8189 569 1871 -342
3560 1 371 473
3561 2 3167 -714 485 922
3562 4 2102 393 8068 421 5288 923 1688 95
3563 4 7303 584 8686 937 7713 -279 3330 -29
3564 5 4971 -734 7593 -970 4627 174 8282 188 2034 -556
3565 2 2864 -89 1960 293
3566 5 4867 418 3166 -86 5128 755 3629 -589 1557 905
3567 4 196 -797 3297 180 1274 961 715 658
3568 3 9053 279 6132 4 2020 -282
3569 4 5150 21 6965 195 8438 335 2729 3
3570 3 7390 574 8185 10 1582 -327
3571 5 4193 -915 7906 427 5932 29 4265 137 2164 574
3572 3 6822 0 5675 191 1530 810
3573 3 8437 944 5306 -269 1088 447
3574 4 8976 939 6532 0 4320 -86 1858 696
3575 5 9859 -270 1605 -280 7956 0 6550 -20 748 646
3576 5 1942 90 5516 234 4430 53 4261 859 2816 283
3577 4 3298 70 9541 465 7756 469 1862 -20
3578 2 9788 156 1975 295
3579 3 3896 -765 6813 -437 2776 933
3580 3 3803 146 5453 68 2226 230
3581 6 8076 143 5417 447 5798 0 1862 -954 6954 -580 733 992
3582 4 8852 274 3408 9 5009 703 929 378
3583 2 8123 0 1831 883
3584 2 3212 345 1283 -246
3585 5 5729 81 8949 180 5005 -519 4288 308 2615 363
3586 3 5242 910 9906 532 2594 917
3587 2 6781 628 2385 0
3588 2 8500 -77 654 385
3589 2 4557 204 29 715
3590 4 5628 842 4698 951 770 -258 1992 661
3591 1 2378 1
3592 3 9988 662 3922 445 630 -380
3593 6 7075 143 7121 840 7022 -170 6824 -403 4660 749 84 -102
3594 3 6885 -899 4402 457 282 810
3595 3 9138 0 5954 80 686 947
3596 5 7968 856 6150 51 8188 378 5523 866 3097 -244
3597 5 6366 -359 8708 287 5139 -653 5629 936 1197 165
3598 3 5750 0 4026 812 256 490
3599 4 8935 46 7105 465 3631 -244 2683 -926
3600 4 480 9 415 448 4142 883 2959 558
3601 7 7745 686 5537 573 4582 496 4873 614 2123 141 7468 -203 2908 604
3602 5 5941 494 3921 900 8626 -956 6040 215 1083 664
3603 4 6045 -935 5840 596 9349 468 2551 -343
3604 1 1973 686
3605 2 3820 274 2343 151
3606 3 6391 850 662 911 408 457
3607 4 7806 524 9891 769 8046 0 3083 -364
3608 5 117 -14 4850 204 2814 521 8539 603 556 -964
3609 5 885 -968 863 -172 5593 444 4133 -870 2135 0
3610 4 4793 817 5796 -289 2068 0 3081 774
3611 2 2220 876 2579 192
3612 5 5849 94 1730 574 7880 633 3889 752 333 466
3613 7 7507 235 4164 653 474 38 8565 -971 2149 0 7054 75 1555 870
3614 3 7617 -58 4183 -279 2788 898
3615 4 8649 883 1160 180 6053 937 225 805
3616 3 3061 963 7267 -891 2469 874
3617 4 1316 665 6748 -333 3777 472 2899 893
3618 3 930 0 2512 632 1504 -305
3619 4 6406 0 5713 847 9599 878 2708 898
3620 7 8075 443 6937 280 5354 919 1786 415 9098 377 6487 260 1831 0
3621 5 5696 10 5585 -310 7277 -465 9287 0 1929 -573
3622 6 6099 254 9378 497 6493 249 6303 -8 4335 59 3469 99
3623 4 9835 -228 9662 942 1969 685 1833 168
3624 7 5517 -205 9990 272 8783 44 8862 745 7529 392 3627 405 2215 261
3625 6 337 630 1991 873 2560 116 926 92 95 561 1403 850
3626 5 3361 228 7702 972 6846 -79 5939 788 1256 -756
3627 2 6520 907 3624 405
3628 5 6738 641 7727 368 7949 462 8646 347 2747 582
3629 8 1950 230 1995 970 8747 616 6877 274 7769 507 6492 -879 3809 765 3566 -589
3630 3 4833 -751 4595 300 1817 645
3631 10 3921 857 8476 -744 2804 322 9583 -953 9808 850 9909 0 9066 586 7209 874 4294 662 3599 -244
3632 2 1266 -671 2212 0
3633 5 3135 171 4830 101 7653 515 5346 377 3297 516
3634 5 8692 930 5555 729 8478 -983 1016 -607 3542 298
3635 5 1398 759 612 -885 7764 791 132 -121 3492 350
3636 4 5785 612 4322 549 6038 181 2834 216
3637 3 4717 965 3923 119 1712 439
3638 5 8211 -564 8016 -113 7333 620 3678 70 2983 621
3639 2 4431 401 2672 681
3640 3 4961 823 6063 -186 135 60
3641 5 5757 386 2030 -69 4287 972 8109 0 2999 527
3642 9 6207 252 1364 572 6157 672 7788 217 8821 291 8027 643 5014 608 4140 50 1436 0
3643 3 8117 -72 53 405 1484 902
3644 8 9930 -67 1837 -730 3236 798 9885 462 7488 0 4825 729 4667 -163 1353 -260
3645 7 586 558 5115 690 870 812 9407 688 4075 -238 5424 736 2011 -457
3646 4 2672 -267 7216 529 4270 233 644 697
3647 3 7963 236 6672 520 213 209
3648 2 8573 451 3445 273
3649 5 9353 98 2852 338 7342 -719 5871 988 2553 187
3650 4 7593 364 6435 370 3747 -709 1225 0
3651 3 6914 166 7928 144 427 263
3652 1 666 -716
3653 7 8137 363 3810 -943 9483 0 8147 670 7334 168 3675 0 3106 247
3654 5 4241 653 5095 -169 5611 850 4158 437 221 994
3655 4 2806 444 6447 345 8265 846 2068 -378
3656 5 312 389 7259 216 3317 893 4644 -246 571 262
3657 4 8334 283 2713 674 3436 39 531 609
3658 2 8854 776 2943 -96
3659 4 3743 171 3126 306 5235 477 1424 80
3660 3 1056 452 6563 354 3398 681
3661 2 2660 559 3424 318
3662 1 3064 390
3663 5 9063 684 8265 62 6075 886 3719 760 1212 783
3664 6 7258 617 8836 -564 3778 -505 7463 -939 4702 320 2377 17
3665 6 9496 -404 4119 184 6190 -173 4181 -413 4931 263 3157 196
3666 2 5402 896 3319 396
3667 3 6980 85 9568 62 572 988
3668 2 3416 791 404 319
3669 5 1891 0 1227 681 1628 352 4638 119 2765 277
3670 5 6825 63 6838 680 5395 35 5314 -904 2300 539
3671 3 3246 -32 9478 13 1675 330
3672 3 4057 937 3967 402 326 397
3673 7 7496 425 4001 121 3235 111 7811 200 7771 -646 3761 622 319 -788
3674 2 6959 268 1175 662
3675 4 7154 29 6376 0 4813 0 3653 0
3676 2 6072 320 1094 768
3677 7 8285 -48 4515 457 3435 336 3265 287 4399 224 7881 439 574 239
3678 5 4021 773 9084 712 4870 0 3896 -190 3638 70
3679 3 2068 344 2001 -604 3007 669
3680 4 6516 -880 7670 350 5660 -425 1378 650
3681 6 2966 -345 8103 982 6477 -577 9918 491 5239 791 2250 641
3682 5 4820 928 3253 800 3203 648 8359 -772 3473 851
3683 2 210 920 1634 0
3684 5 5381 950 1076 -948 5980 0 4424 947 21 962
3685 1 1092 -312
3686 3 4799 -14 6130 105 2397 637
3687 2 6518 -427 3504 369
3688 3 6556 807 4591 137 748 -924
3689 5 6526 151 5171 105 8477 937 4112 769 3371 -279
3690 2 7576 980 2062 771
3691 5 962 -342 4492 290 6616 -659 7011 346 630 865
3692 4 1772 -29 7090 924 8325 -814 382 -832
3693 4 6466 23 4161 516 7666 -888 887 -857
3694 7 3972 202 6314 852 5084 825 4536 0 4118 80 4092 380 161 777
3695 2 5553 -349 1038 706
3696 3 1693 631 4438 738 2518 85
3697 2 5969 -817 2198 875
3698 4 3946 859 8575 -892 8570 35 631 192
3699 3 4383 54 3238 978 2499 981
3700 3 636 -587 5974 840 2444 759
3701 4 2748 305 1084 -945 6325 342 1388 879
3702 5 9599 -600 4798 725 7513 -272 9692 815 2821 149
3703 2 3504 -484 250 238
3704 3 463 -477 4959 87 1522 408
3705 5 125 949 6667 348 9435 520 6176 0 2392 405
3706 4 7776 -942 2828 -436 8267 281 2703 -355
3707 2 9358 695 2835 0
3708 6 1255 416 2275 790 6446 168 398 0 5281 0 39 -971
3709 2 3965 567 913 -481
3710 4 906 938 3112 414 6526 857 635 697
3711 4 2796 -498 6842 -456 3085 924 1977 989
3712 3 9655 640 6548 21 506 -340
3713 3 7554 333 2743 841 321 109
3714 3 7726 464 8942 14 866 836
3715 3 2343 944 8400 -633 3064 420
3716 5 5328 325 5048 870 5411 -110 8583 -688 3202 2
3717 3 2063 613 1023 93 2468 419
3718 3 3070 650 1075 -997 354 687
3719 7 7794 615 3151 -552 5453 -248 9274 -623 576 937 6010 685 3663 760
3720 6 9407 -581 2835 -675 7049 -608 8389 366 3774 292 1925 -722
3721 7 4418 433 7473 20 998 826 7735 382 7078 -951 5201 14 424 673
3722 5 945 202 8061 -790 5370 585 6592 918 1518 0
3723 5 8753 -561 8051 368 703 -694 8435 -300 1643 412
3724 5 6482 719 2322 -315 7802 414 4440 -215 3068 -128
3725 2 2456 828 1783 -666
3726 5 2881 -715 9376 0 7924 -801 7569 162 2990 0
3727 7 6747 -466 3803 387 3237 927 3340 709 7262 678 8196 296 2962 -690
3728 4 5047 866 7878 661 616 710 1156 244
3729 5 5958 955 8299 731 7110 0 5874 156 1404 517
3730 3 8070 985 7507 -327 2918 0
3731 4 7445 707 6136 518 4588 -15 933 -597
3732 8 1826 906 7658 -284 9214 179 1206 631 7547 80 4154 407 3987 384 3036 897
3733 7 9918 693 2539 822 7172 -498 8193 345 1084 813 8946 409 1506 665
3734 3 7037 -289 9434 422 1689 -988
3735 6 9896 -546 9203 557 8649 9 3774 -497 9831 -85 639 474
3736 3 425 -460 6406 331 1807 28
3737 4 4876 404 3434 635 5381 580 1496 607
3738 6 756 8 8726 266 6027 307 4096 582 3928 -735 1503 614
3739 3 3250 13 5023 537 1604 -437
3740 3 4184 358 8131 654 296 -355
3741 3 4437 698 4036 104 1230 63
3742 4 4951 418 4775 -726 3832 -69 618 2
3743 6 3659 171 92 684 6481 -132 4519 652 4451 -124 137 566
3744 3 3290 55 9267 0 1081 114
3745 4 2312 486 4757 175 9211 996 3047 990
3746 2 9821 483 1553 -667
3747 3 1587 678 7903 -531 3650 -709
3748 3 8086 445 4146 -256 924 -178
3749 3 8307 -700 6690 725 2274 302
3750 3 6628 335 7495 -358 2404 -409
3751 4 9822 -207 9376 232 5031 -651 1197 679
3752 3 2730 -792 8009 807 250 26
3753 3 1720 -190 9860 741 341 924
3754 5 9456 748 8830 -35 3919 0 7518 853 561 -574
3755 3 6789 371 4975 -206 1461 -751
3756 4 2870 447 9182 795 8804 -184 3412 566
3757 4 9295 0 6761 934 6216 260 1496 871
3758 2 4123 367 394 932
3759 1 2312 77
3760 6 6416 -841 8626 211 2936 226 4588 905 3888 254 1207 509
3761 3 8141 -380 6326 830 3673 622
3762 4 2380 992 8956 0 7304 19 2859 1
3763 4 2778 673 5552 406 8509 -830 390 813
3764 4 7123 314 5935 -400 4466 0 3312 475
3765 6 2551 209 2465 144 3886 424 4776 715 3832 230 2723 894
3766 8 4101 830 8343 -211 9113 754 3075 437 8289 635 4198 -591 4128 -843 503 -502
3767 3 7193 16 7438 541 2528 271
3768 3 6738 63 5077 277 1654 206
3769 2 9319 -944 1657 -740
3770 4 9471 197 6793 868 4958 21 3228 521
3771 3 7809 379 7739 131 962 959
3772 7 2098 182 2052 0 9926 545 1688 153 8558 834 3890 -557 1342 182
3773 3 8271 272 7373 677 2783 -753
3774 4 4455 180 7823 11 3735 -497 3720 292
3775 4 1211 414 9816 -593 4337 0 1337 502
3776 5 6081 659 6204 630 1282 760 9611 -578 1843 -882
3777 4 3018 -848 7567 -364 7484 -284 3617 472
3778 5 7667 963 3664 -505 9999 -365 5065 806 2416 542
3779 5 5481 668 7793 337 7249 823 9074 -503 3051 387
3780 6 6389 452 8577 812 2541 996 6314 889 3962 -248 3098 -281
3781 4 7804 337 8450 383 4637 654 568 -717
3782 5 8320 0 8980 529 7948 21 5274 21 1891 -254
3783 2 4514 0 156 160
3784 2 2837 398 896 -275
3785 3 6935 144 3998 508 2928 701
3786 3 1014 40 4638 71 1059 -789
3787 4 5677 64 9600 670 8216 -620 473 658
3788 4 3278 -902 9064 188 687 -220 2240 -86
3789 4 5265 651 896 -329 4653 252 3105 52
3790 4 3802 443 1959 599 4067 377 416 110
3791 5 7628 201 9417 720 2419 -766 3942 371 2551 -761
3792 5 5821 980 7426 271 6316 -446 3838 673 1940 74
3793 1 1570 804
3794 1 2557 416
3795 4 2866 368 9292 821 4649 -415 304 481
3796 3 2945 894 9990 275 2616 978
3797 4 7693 0 5853 -32 4009 250 2894 -127
3798 2 3030 -788 1593 948
3799 5 4313 -263 8925 126 7432 -995 6640 187 2017 766
3800 3 7520 23 9551 -89 3544 910
3801 4 9908 662 9291 399 4098 713 3494 769
3802 3 3790 443 2208 302 184 569
3803 4 6240 225 3580 146 3727 387 848 0
3804 4 2072 58 8061 -178 2337 669 93 179
3805 4 4377 457 4753 -802 3834 0 2322 920
3806 2 4885 196 2091 -532
3807 3 8057 233 3850 473 2127 -444
3808 6 5697 -337 9223 273 2847 653 6276 890 5231 -740 3284 380
3809 4 7043 644 7212 830 3014 379 3629 765
3810 5 5840 -856 200 179 3653 -943 5423 -98 16 381
3811 6 9811 0 7702 -913 4229 548 4184 892 8883 -490 2350 902
3812 7 500 424 330 614 4343 844 2851 602 6922 -297 6153 427 70 20
3813 4 2596 236 6436 328 4531 66 3003 -612
3814 9 9649 -476 6414 481 5812 -201 3209 -745 7075 727 5221 -847 4731 -921 4399 40 958 413
3815 7 5584 464 2627 183 9984 453 290 -61 9640 -935 5378 658 1926 -518
3816 2 522 782 374 255
3817 4 4512 908 6570 464 2950 717 642 705
3818 5 4722 815 4595 642 4468 627 4996 848 3155 416
3819 4 3232 185 5549 894 4618 701 1572 638
3820 3 9228 -866 8753 20 3605 274
3821 4 8207 -451 2774 -387 5810 826 1250 -638
3822 1 1699 458
3823 4 9997 -572 2437 16 8541 -821 1428 320
3824 4 4761 669 433 95 4307 0 1711 -873
3825 6 1024 251 4027 -602 6216 398 1642 641 433 738 924 105
3826 5 8521 226 7925 -962 5494 420 8941 305 3277 -583
3827 5 9399 183 2108 262 2622 751 6310 112 1562 -504
3828 4 7375 -539 6893 -56 5050 806 844 300
3829 3 1242 539 5889 -799 3344 582
3830 3 9314 83 4278 531 740 773
3831 6 2865 704 1912 78 7747 855 8152 864 7187 502 2446 270
3832 8 9926 568 2195 481 3313 -244 3024 -60 3765 230 3742 -69 6962 538 521 49
3833 7 2561 0 7916 554 2487 814 2041 216 6995 -715 5454 697 3389 785
3834 5 2116 -901 5137 956 5653 -353 5340 219 3805 0
3835 5 9877 897 4496 936 4286 45 3868 359 1471 354
3836 5 4743 384 6043 356 4772 835 3178 614 3293 259
3837 4 8940 -645 6699 981 4441 299 3249 766
3838 5 9425 -272 3399 0 502 510 8571 344 3792 673
3839 2 6175 740 1091 684
3840 5 6255 0 9143 916 6428 0 5543 -21 667 -684
3841 6 1910 0 2956 107 5267 374 8617 -963 7121 -693 2629 543
3842 4 6277 -270 5519 -326 4204 832 2813 964
3843 7 4705 -980 8219 298 7642 658 4809 945 9663 790 4936 486 457 587
3844 5 7904 291 651 -806 1020 40 4956 691 1416 0
3845 3 7558 -593 4277 -158 3380 870
3846 3 5429 741 2206 224 2717 381
3847 2 7378 485 3434 0
3848 5 6703 296 3192 -648 1495 570 7861 396 2052 312
3849 5 4979 -450 841 -924 6098 894 6212 962 2100 899
3850 6 2605 514 4335 -564 242 -502 4888 355 4129 674 3807 473
3851 3 5466 -452 2804 -172 1743 220
3852 3 868 199 6650 -187 1116 398
3853 9 7650 261 7843 779 3339 933 7698 -498 3425 157 8589 174 5632 155 4922 742 3505 482
3854 2 5894 930 361 302
3855 3 5678 126 4426 958 1697 673
3856 3 7512 988 9809 201 3550 880
3857 3 8916 259 9596 353 754 725
3858 5 7762 188 7758 70 762 -321 8261 649 603 210
3859 8 672 257 9203 102 4522 -61 9045 -202 6927 823 3306 0 8489 139 1868 132
3860 2 7252 417 1493 294
3861 4 5898 358 9991 -69 5332 932 1059 642
3862 4 2762 270 6985 196 7965 513 1936 135
3863 3 1979 230 9437 685 3333 110
3864 3 9865 549 8122 -795 520 914
3865 2 1774 284 1657 -188
3866 3 1639 -28 7467 467 179 119
3867 2 5429 0 80 343
3868 6 249 686 3495 100 1829 239 5573 -556 4151 601 3835 359
3869 3 4949 958 8610 236 3063 42
3870 4 2800 135 7907 609 7270 -488 0 -940
3871 6 5147 95 9979 718 4894 670 3514 0 9740 44 1884 -896
3872 3 4102 118 7332 768 2816 -218
3873 9 7748 704 3370 591 6298 541 6659 241 4140 431 4575 -397 7659 862 4304 234 373 -159
3874 5 7350 465 273 889 7725 -550 6876 999 627 -706
3875 5 6964 673 4406 363 802 184 4742 71 300 297
3876 2 2463 280 1998 499
3877 2 1161 825 3323 -398
3878 5 8906 97 7390 0 4994 182 4948 823 2695 57
3879 2 5037 253 1082 248
3880 3 6922 -431 8058 243 1424 673
3881 3 9269 -298 7805 -656 666 323
3882 8 2030 -957 2266 -402 5885 12 9811 508 1347 -511 4054 218 9195 -723 2844 -315
3883 3 3073 -574 4365 -777 955 -910
3884 3 5898 961 6616 564 3370 119
3885 4 7236 283 8485 -200 6180 -82 2363 -921
3886 7 9898 -194 4435 -615 3765 424 310 240 329 416 5124 505 1619 862
3887 6 2756 458 9204 -272 7375 378 2991 646 7365 769 662 741
3888 5 7364 0 9054 -677 8319 416 5489 -612 3760 254
3889 5 8664 -628 6387 82 3545 811 5830 839 3612 752
3890 1 3772 -557
3891 5 8427 -89 2055 908 6953 287 4775 330 3047 331
3892 5 6666 919 8015 387 6611 340 2939 886 1022 971
3893 5 8221 435 9631 731 7716 963 4681 935 2079 521
3894 7 9041 5 324 -87 4880 -809 4489 515 8252 657 6056 109 144 430
3895 2 9257 -558 2081 594
3896 5 370 845 3514 -536 3579 -765 9010 405 3678 -190
3897 3 8615 85 6082 570 2545 -70
3898 9 7792 421 6478 70 1827 481 3150 901 5356 640 357 -628 1225 666 5347 762 116 478
3899 3 4495 932 8867 740 3479 -238
3900 2 9563 -851 942 0
3901 3 7058 -135 6072 575 825 667
3902 3 300 823 4179 978 3095 322
3903 5 1562 302 2636 576 7448 956 4120 0 552 905
3904 2 3495 583 3496 656
3905 7 6026 717 9808 113 8810 820 9316 -882 9118 688 5752 -822 2784 -884
3906 7 4043 -972 2285 901 6731 930 4527 66 8739 965 4928 553 1747 -322
3907 4 5178 434 7820 433 8098 796 2652 647
3908 4 583 470 9709 626 8346 -919 1702 513
3909 5 1116 925 8820 0 6254 593 5030 271 216 -646
3910 6 1701 -738 4856 510 2130 635 7892 433 5474 242 1560 555
3911 3 1551 858 1429 0 1447 743
3912 3 839 984 4808 512 1841 800
3913 3 5959 684 4518 245 2427 -247
3914 5 2572 459 4768 316 9472 672 8952 212 2257 510
3915 3 3938 811 7562 -619 1012 -416
3916 2 3953 906 943 509
3917 5 6657 865 9175 -143 6583 220 4425 436 2878 -486
3918 8 6770 529 3091 313 4991 996 6342 231 9066 512 3209 -455 5811 750 138 -426
3919 2 3754 0 681 -119
3920 7 2669 747 5360 604 9916 873 5935 631 5097 32 3937 443 443 0
3921 4 3631 857 4817 446 3602 900 2268 -665
3922 5 9949 851 9909 293 5323 220 5312 958 3592 445
3923 6 6260 -840 8866 132 3115 135 7103 434 6309 163 3637 119
3924 1 1374 371
3925 4 1970 740 7238 686 6393 636 337 474
3926 4 7418 -508 57 241 2455 0 2082 493
3927 5 5956 174 2825 592 5451 838 911 532 1691 86
3928 6 7430 896 3080 82 6139 781 3496 777 6800 849 3738 -735
3929 3 5510 174 4732 -449 1275 923
3930 7 2194 246 151 20 2950 -10 6882 226 5746 389 4652 477 3385 425
3931 4 7360 614 5235 639 5004 999 2376 -81
3932 4 3345 534 7921 367 7388 -280 995 138
3933 5 7650 585 6139 -184 6196 -683 5496 120 554 254
3934 3 4263 977 7777 872 3233 374
3935 7 964 75 201 0 1278 605 8486 919 8075 92 7127 104 3131 85
3936 3 7668 131 4201 246 3207 89
3937 4 7488 135 4985 750 4577 -537 3920 443
3938 3 3915 811 6195 314 2194 389
3939 3 8169 -822 8353 -33 2603 772
3940 4 6725 577 9679 722 6823 813 502 227
3941 4 1214 -514 5044 -792 3493 871 818 896
3942 4 5144 451 6512 390 5232 824 3791 371
3943 1 1419 575
3944 7 854 453 7771 202 4471 46 9793 509 8847 -174 7858 962 828 186
3945 6 4346 -749 4398 -261 286 9 8343 11 5538 -273 2898 -427
3946 4 3698 859 8445 331 6603 755 73 319
3947 1 1209 736
3948 4 4185 744 1104 726 4286 -573 2647 460
3949 2 9492 676 2313 -154
3950 5 6751 -530 7346 937 4783 273 4046 514 1396 282
3951 6 3108 368 7230 44 9066 326 6795 -524 4489 735 1237 -506
3952 4 8216 729 8293 268 8523 -320 3086 -810
3953 3 5030 0 3095 144 3916 906
3954 4 2619 51 5129 -216 8768 -157 1079 215
3955 10 3995 252 8419 699 8715 24 4791 900 7550 569 9673 0 9256 958 8947 229 5515 509 279 938
3956 4 9494 714 2654 -890 5058 374 2693 -340
3957 3 5162 959 4269 22 1643 967
3958 6 6319 -99 247 919 1 539 1746 472 2376 295 1286 749
3959 3 2024 446 8998 674 2078 -879
3960 4 9598 313 5171 149 5720 -997 2235 3
3961 5 2278 483 4402 0 5891 543 5392 -12 3283 625
3962 3 5779 155 8842 -665 3780 -248
3963 5 9702 0 5289 282 8345 0 5227 126 174 909
3964 2 2148 -260 186 705
3965 1 3709 567
3966 3 3244 305 8259 116 921 -671
3967 5 8605 -703 7297 -598 6180 -337 5144 792 3672 402
3968 2 6086 768 1386 196
3969 5 2719 313 5389 562 5236 66 2880 879 2034 0
3970 3 9590 577 8868 518 3160 695
3971 5 7640 889 8296 679 4335 688 3400 522 588 637
3972 7 3694 202 390 802 7469 -462 1763 423 3421 818 5679 575 166 477
3973 6 6562 278 7139 979 9406 34 6008 -93 4655 48 1911 134
3974 6 6961 -170 8996 559 9553 843 8088 371 340 -558 2916 979
3975 5 6944 439 3340 663 6548 -69 6388 -533 3209 712
3976 7 6903 -862 8568 69 2222 -175 1766 335 9500 838 8687 806 3343 249
3977 4 9870 130 6407 211 5408 -352 2442 422
3978 1 1595 722
3979 9 4906 -806 553 322 6891 428 321 836 4611 -534 5815 133 4501 970 4145 -271 926 -321
3980 6 6635 689 4253 188 9311 106 4369 -582 8569 979 994 302
3981 5 2978 809 6259 650 4521 491 8671 94 3450 295
3982 2 1465 0 1742 -469
3983 10 5655 -923 1513 -921 8514 633 5711 182 7707 162 5400 420 9423 580 8800 -630 4792 -583 2022 852
3984 5 5990 543 5913 955 9316 164 8103 530 1982 -423
3985 2 3300 995 2779 55
3986 4 8192 759 7194 -31 4180 -201 3245 929
3987 4 8175 -364 8016 -895 9073 299 3732 384
3988 3 5973 624 5985 975 1084 -113
3989 7 1482 906 8178 566 5131 723 9079 683 7850 148 7013 153 1735 0
3990 3 7691 942 4353 504 1975 536
3991 3 6975 552 4566 0 2273 585
3992 3 4711 166 4495 559 958 744
3993 5 8065 861 7118 277 3537 -311 4806 599 1252 -876
3994 3 790 -949 7251 61 2602 657
3995 4 4444 738 3955 252 5587 -753 3335 -981
3996 4 1592 -314 2894 346 4000 599 109 450
3997 3 1747 -342 5044 353 1479 247
3998 4 5079 917 5218 397 5431 17 3785 508
3999 7 2300 408 6671 827 8465 952 8315 555 7512 -890 5445 793 1071 667
4000 4 4689 272 5356 52 3996 599 369 304
4001 3 1338 823 3673 121 659 246
4002 2 7571 311 2787 63
4003 6 1208 483 1240 -471 8148 582 8423 820 7718 -528 3033 642
4004 3 2163 241 9581 430 2035 888
4005 5 5596 427 5057 72 9863 0 3379 351 11 532
4006 4 9473 618 4741 -624 2551 27 3389 -833
4007 2 8006 0 3058 12
4008 3 8643 -481 4366 -294 82 109
4009 2 5176 204 3797 250
4010 4 8574 642 2311 -640 8698 884 1036 456
4011 4 6444 193 7266 287 8253 -398 2417 -256
4012 4 4176 -877 45 -148 8124 961 2949 308
4013 3 4461 -728 6751 236 349 -807
4014 6 9648 955 9102 -576 8826 91 6199 56 4262 951 3483 270
4015 6 2223 233 2743 31 8008 -113 6776 326 4613 -206 3196 222
4016 5 4591 105 5463 -162 4145 437 5265 5 2735 542
4017 6 4653 939 6764 -511 8173 913 7095 -701 6204 0 753 0
4018 2 7554 729 555 -857
4019 4 9456 651 3282 338 5946 -283 412 323
4020 3 5802 479 1490 -146 3087 839
4021 2 3678 773 1618 132
4022 3 4445 387 8427 -684 3470 855
4023 1 1728 569
4024 1 2601 -805
4025 4 1166 344 8005 412 7110 -69 1093 -263
4026 5 6788 100 4668 -39 5063 -592 4390 65 3598 812
4027 3 3825 -602 9866 576 2781 864
4028 6 6985 -683 4480 713 1216 839 5590 226 4676 103 2609 27
4029 7 8973 -503 7347 473 483 -389 8241 799 7890 -498 4671 501 185 228
4030 4 8784 -200 5414 -813 9889 279 3348 592
4031 3 5873 351 1019 174 971 994
4032 4 5112 940 2489 862 8463 106 415 318
4033 7 7794 278 1289 639 1547 142 7789 608 6599 165 4044 -661 3315 201
4034 2 9676 115 2833 -38
4035 2 2240 -112 1280 0
4036 2 4877 -915 3741 104
4037 4 9069 274 9977 -900 7052 -910 2073 65
4038 4 8919 482 9998 812 4363 -659 1548 322
4039 8 4451 921 1816 355 6407 585 4824 201 4716 611 9267 985 4941 194 433 21
4040 3 6693 329 5602 32 1805 -815
4041 2 6550 260 2742 -717
4042 3 7689 895 4451 333 1461 774
4043 8 2091 0 7019 180 3906 -972 2488 637 4858 -720 8653 170 9981 822 1249 -27
4044 5 7813 569 9679 321 8676 726 7446 811 4033 -661
4045 2 1348 516 301 -165
4046 7 5350 917 8877 284 7755 894 7902 482 1492 62 8752 461 3950 514
4047 2 1572 223 1345 883
4048 5 212 -25 9653 487 7716 846 8301 20 565 -920
4049 4 9308 951 6623 321 6402 874 1519 666
4050 6 4277 0 8255 -69 5712 733 5499 484 4656 415 3092 10
4051 3 4572 -658 4122 601 841 -730
4052 3 5156 746 6464 0 3019 570
4053 3 2912 406 8042 765 2044 948
4054 4 3882 218 7800 -750 4271 0 2233 14
4055 4 3030 -87 266 -317 5513 90 2607 -270
4056 4 2316 -168 2251 509 8327 741 1227 528
4057 5 5443 -440 8636 970 3672 937 9064 309 1046 440
4058 6 2840 985 5 125 8995 877 8597 266 6708 425 2879 983
4059 3 6914 506 6140 169 988 757
4060 2 1187 -800 1617 501
4061 5 2984 875 5888 434 9216 770 6840 441 3105 245
4062 3 5062 -117 7932 0 3188 44
4063 3 5801 575 5604 956 2266 252
4064 8 9762 680 4651 535 6238 118 1707 753 2616 -832 7053 609 2570 -255 1883 768
4065 4 9594 0 4870 432 6834 -833 2358 864
4066 4 9769 167 1345 601 7085 13 575 -270
4067 6 1796 909 5724 709 9753 544 7388 546 6656 0 3790 377
4068 4 8417 93 1838 727 1025 196 104 -872
4069 4 8715 17 7115 107 6097 -532 863 796
4070 3 512 517 4161 896 121 731
4071 4 2810 733 8344 -865 6387 135 1676 122
4072 6 8308 357 2127 308 8861 -539 4913 -838 5829 77 1179 813
4073 3 3410 284 2487 397 1120 0
4074 3 5215 615 7117 837 1691 121
4075 4 9001 314 5186 0 3645 -238 1478 127
4076 4 3116 512 8170 585 4479 -885 149 737
4077 2 4701 -579 1750 709
4078 6 1865 941 6549 -377 8579 701 7555 203 4684 662 2974 491
4079 3 7176 56 4945 126 1559 110
4080 3 9526 -743 6832 -267 1777 432
4081 5 2528 166 9346 -671 3378 -602 4904 -294 645 961
4082 4 4319 101 8792 138 4747 -206 3138 -993
4083 5 9106 288 7563 323 6191 -751 6202 233 3530 261
4084 3 6220 -124 7650 48 572 315
4085 5 5349 0 8249 -680 4466 249 4125 -872 1521 425
4086 3 4127 459 2015 862 1081 0
4087 2 2540 689 3436 110
4088 4 9072 0 720 415 5650 161 3485 993
4089 6 8133 526 7089 822 8256 90 1821 128 835 -971 2684 798
4090 2 8521 -177 2528 202
4091 4 3401 691 6232 158 6908 354 3514 744
4092 7 6801 173 4851 938 2320 -149 7099 959 8431 112 9755 -504 3694 380
4093 3 8957 45 97 822 1449 550
4094 4 2222 312 7026 179 5346 68 501 726
4095 6 2060 0 6832 383 5158 606 7083 0 5164 346 1138 609
4096 7 7839 676 7394 -386 9449 730 9588 952 8972 -388 8224 343 3738 582
4097 7 939 -663 546 337 7827 659 5846 370 9404 45 9479 908 3125 394
4098 3 5885 969 276 508 3801 713
4099 2 3118 56 2977 -416
4100 3 8623 141 6470 682 3058 319
4101 5 3766 830 664 320 8087 598 8479 892 3313 145
4102 4 3872 118 6398 299 5556 448 2118 400
4103 3 1661 640 9746 -57 624 -638
4104 4 6318 0 2243 574 9846 564 3000 58
4105 1 1335 526
4106 6 3505 220 2192 748 7402 999 3128 210 9478 198 560 129
4107 4 3442 -468 6020 821 4794 647 3435 889
4108 7 2009 327 4429 243 4455 -547 7991 -543 7789 -424 7753 102 2287 645
4109 1 1815 206
4110 3 8645 0 7334 718 1050 568
4111 3 7185 811 5646 -260 2292 -330
4112 5 8839 -292 5935 0 8990 376 5009 332 3689 769
4113 3 7257 -636 6616 165 2461 52
4114 6 2768 -433 8347 140 8866 -888 8173 0 6779 -887 1384 -994
4115 3 9590 153 9480 0 870 0
4116 4 1299 31 5415 -651 4149 595 1569 851
4117 4 2595 46 9679 779 6797 -499 3508 801
4118 3 6369 104 1019 -465 3694 80
4119 8 9130 673 6607 647 3665 184 7765 -846 9876 124 7728 -702 5960 811 2674 914
4120 3 6977 -689 7324 47 3903 0
4121 3 5571 -245 9534 415 2022 -921
4122 6 1281 556 9884 933 938 173 830 71 1778 -122 4051 601
4123 5 5568 695 1199 -724 5772 0 6689 353 3758 367
4124 2 6966 -782 1018 414
4125 2 9677 699 4085 -872
4126 1 38 893
4127 4 4086 459 6370 97 8737 0 2610 0
4128 5 6453 491 2620 316 6445 -581 5677 -74 3766 -843
4129 1 3850 674
4130 5 6405 424 7304 -543 5429 989 9161 -569 2421 -950
4131 9 4934 771 6045 682 9064 234 7767 187 9646 256 6804 14 7343 439 7027 169 1844 380
4132 4 181 -655 3077 -254 4909 -153 3472 698
4133 3 7119 -195 9795 0 3609 -870
4134 4 5405 503 6089 655 6810 0 2470 0
4135 3 8856 491 5013 686 354 595
4136 3 8089 -347 7215 429 1246 87
4137 4 6453 798 8736 215 7455 -779 2419 254
4138 7 9735 -948 4982 550 5340 -940 45 357 5192 -859 4472 525 805 -139
4139 4 5951 884 5506 -879 9287 -1000 1486 -362
4140 4 3873 431 5062 151 4896 342 3642 50
4141 3 8150 405 1239 -888 2669 386
4142 2 7479 323 3600 883
4143 3 7863 250 7460 283 2472 336
4144 5 5173 0 9892 9 1511 -70 6086 635 1649 31
4145 6 1366 795 9137 960 5249 -32 6305 284 4016 437 3979 -271
4146 3 3748 -256 3501 -943 3438 415
4147 5 7603 998 8175 -906 9796 833 6031 597 2999 230
4148 3 5279 0 4196 349 2400 983
4149 5 6787 800 8913 -564 1179 -269 6727 663 4116 595
4150 4 892 -155 9491 45 5957 208 3149 436
4151 3 917 830 618 811 3868 601
4152 4 3226 128 8973 43 5507 557 2701 54
4153 3 7794 -419 7134 732 802 792
4154 5 7973 149 5824 0 3439 786 5958 0 3732 407
4155 7 2249 683 2659 733 7995 418 6220 32 7319 429 4989 156 864 269
4156 2 5999 258 1358 -514
4157 3 3128 814 5861 652 3275 760
4158 4 9387 988 281 -296 2365 -317 3654 437
4159 4 2767 457 5206 -513 4300 482 1042 327
4160 6 7059 202 8280 555 6080 254 5258 631 4711 -104 327 -452
4161 5 2198 55 9290 257 3693 516 5425 738 4070 896
4162 6 393 131 252 377 1056 381 8907 235 7080 0 3156 69
4163 5 6641 219 4842 -943 8478 -525 6402 -894 1210 -430
4164 8 5037 545 3429 52 3613 653 5837 283 4373 -912 8050 192 5385 0 2943 731
4165 6 4814 -210 8527 707 7374 -609 9414 0 6143 4 905 129
4166 5 7490 911 7768 591 6556 70 5764 0 2306 581
4167 4 8657 -421 7623 -25 5761 323 1426 -410
4168 5 5584 517 756 683 948 167 6373 7 50 -71
4169 6 3204 -930 6517 363 8100 390 9693 724 5724 492 943 266
4170 2 1629 767 1762 -348
4171 4 437 -886 7457 81 6447 685 1827 -176
4172 2 7636 111 3305 621
4173 4 7660 672 7215 0 4433 0 1299 -429
4174 6 4407 46 1988 580 2184 -194 710 434 6861 824 482 -861
4175 1 1898 746
4176 5 5190 200 4012 -877 2163 796 5823 -386 619 670
4177 3 5560 749 8290 380 2015 513
4178 2 320 174 2304 0
4179 4 3902 978 2130 0 4798 -253 2748 32
4180 6 5602 735 2460 849 4853 -744 5213 587 5119 833 3986 -201
4181 2 3665 -413 2034 209
4182 2 6043 752 447 881
4183 7 4396 788 2711 -649 3614 -279 177 211 1758 -545 7061 -782 1160 329
4184 4 3740 358 2856 748 3811 892 154 -150
4185 5 3948 744 5242 446 8105 579 7833 -751 1873 573
4186 6 3263 822 5722 853 1140 802 241 0 8927 0 825 0
4187 5 1213 -548 7202 -571 1727 753 8148 55 3213 202
4188 5 5171 392 1764 -250 9707 163 5096 42 1112 29
4189 6 6501 733 5729 707 6906 0 7601 296 5165 807 739 910
4190 6 9933 0 4996 333 942 784 5532 244 9145 368 1149 31
4191 2 6966 772 3286 261
4192 6 97 -885 459 -604 5548 -662 9351 882 7646 -566 3298 282
4193 4 8151 814 3571 -915 7592 716 2557 843
4194 5 9277 321 9843 633 6909 627 4906 725 3134 4
4195 6 1040 171 6376 316 2890 201 8517 597 3072 473 2343 859
4196 4 8372 579 1522 794 3133 762 4148 349
4197 2 7007 799 1259 498
4198 8 2414 980 269 585 8045 294 3019 -453 8362 287 9034 934 6082 296 3766 -591
4199 4 1646 935 5320 637 6634 125 1274 0
4200 3 200 745 4625 888 2785 -501
4201 4 356 -7 8791 245 6368 -897 3936 246
4202 2 5349 -260 3224 276
4203 3 9240 922 3537 -698 540 225
4204 3 7447 530 7576 -546 3842 832
4205 4 1151 103 1120 874 844 586 3302 644
4206 3 7503 576 7974 -969 910 -579
4207 2 2858 725 2246 -57
4208 5 7475 -337 8483 790 3399 22 5335 590 480 674
4209 5 2166 -675 6075 78 2179 -776 4776 -232 1041 266
4210 8 6825 716 7262 485 8015 153 3359 424 8732 -17 4739 404 4464 -309 2220 457
4211 5 9773 996 1876 308 1359 0 6925 0 1541 385
4212 4 9588 551 5366 0 491 -269 2771 915
4213 5 6248 0 6730 786 5084 0 7477 613 2075 478
4214 2 6515 434 1452 687
4215 5 5375 644 6035 886 5811 388 9540 903 2630 -958
4216 3 9736 475 5719 431 989 -529
4217 3 7941 36 9867 195 249 -301
4218 6 2948 -643 9125 -236 7007 951 5078 938 8741 327 3428 -650
4219 5 2789 909 4477 -245 7746 983 7883 -766 2407 287
4220 2 8622 801 2719 562
4221 3 4944 409 7836 -615 106 0
4222 8 9912 -57 1403 471 8722 902 8641 432 8264 318 7894 -764 5461 -939 2779 813
4223 2 4463 759 633 809
4224 3 4808 -95 1749 -917 2036 30
4225 1 562 243
4226 3 2761 2 7416 638 1322 -831
4227 2 4496 882 462 -750
4228 8 6078 -239 2768 771 7802 -407 3258 260 5348 710 4968 -403 4963 -209 2511 843
4229 2 3811 548 3048 262
4230 2 8151 642 3167 -726
4231 7 8701 -806 2182 926 6277 66 6307 504 7481 57 5838 746 484 750
4232 3 6816 -847 7900 884 935 -254
4233 2 6093 140 3190 445
4234 6 5964 370 6487 91 4738 561 2811 -873 7545 778 3199 303
4235 3 6438 0 8040 84 443 594
4236 4 4800 869 6732 -585 5929 316 3551 978
4237 7 3291 655 9401 419 1472 -727 8843 -139 8028 672 4287 344 744 513
4238 3 7194 101 8854 215 2498 463
4239 4 8889 778 1044 -903 9072 474 508 430
4240 3 7864 836 5222 0 3158 101
4241 5 9617 -245 3654 653 2640 946 8722 979 3063 -412
4242 3 9631 978 9862 340 736 853
4243 3 1443 129 6455 625 2245 69
4244 4 6946 617 8223 481 5916 889 55 900
4245 4 1188 -667 6064 0 4410 949 1968 -599
4246 4 6251 -356 8013 116 8859 0 1006 -381
4247 3 8912 314 4935 420 106 44
4248 6 7878 991 8308 -582 3079 745 6967 261 9340 846 3206 563
4249 2 7773 -749 2799 -791
4250 5 1381 -608 5146 372 8354 435 6585 947 633 -32
4251 5 6359 567 2087 -484 540 338 9444 -558 1341 369
4252 3 9345 -490 8808 712 646 87
4253 3 1383 803 3980 188 3355 0
4254 5 8730 333 8388 165 8006 813 6537 0 3055 715
4255 2 3558 -730 2005 918
4256 4 459 201 2603 427 5786 -25 2237 -846
4257 3 7339 -386 1625 336 721 723
4258 3 6650 882 2180 832 2731 735
4259 6 8862 -739 5217 65 394 561 8159 -694 4921 -958 2905 965
4260 1 1775 779
4261 2 6072 -516 3576 859
4262 3 1162 -648 2636 -426 4014 951
4263 5 3934 977 2252 -217 6076 359 5864 865 358 -746
4264 6 5356 381 5134 152 3419 112 8639 982 5081 0 1901 -358
4265 3 238 643 3380 432 3571 137
4266 5 1012 953 3391 0 5836 139 5187 -761 1836 815
4267 3 8144 192 7654 802 2552 384
4268 3 6767 90 2304 230 1534 478
4269 3 3957 22 1046 0 117 485
4270 6 6877 271 9750 741 4764 -550 5107 592 4429 701 3646 233
4271 4 4054 0 7598 103 5289 535 3294 16
4272 6 9361 263 9139 586 1582 204 7927 768 3260 353 2606 147
4273 6 8426 480 5682 304 6831 -373 2866 -329 4395 946 631 63
4274 3 5625 283 6532 -793 1869 0
4275 3 932 -950 5849 154 2117 -473
4276 9 9354 -457 7448 -545 2285 185 2750 0 7798 883 2263 207 5910 -31 5207 413 49 0
4277 6 4050 0 9969 0 8775 213 7719 376 4311 957 3845 -158
4278 6 5264 0 5684 -871 8472 44 1267 618 9906 -183 3830 531
4279 6 3436 892 3053 313 182 328 78 610 7236 -71 1804 164
4280 1 2660 697
4281 6 1343 -754 8047 842 2236 -687 9267 40 6959 302 226 -539
4282 3 6341 721 4382 -494 22 506
4283 3 9099 -965 6899 400 434 571
4284 4 3488 -793 3260 343 9311 81 728 992
4285 6 4487 404 6281 -728 9519 -149 4784 22 9461 795 2359 174
4286 3 3835 45 4598 -985 3948 -573
4287 5 205 136 3641 972 8701 340 4342 -604 4237 344
4288 4 9559 363 9774 147 2910 16 3585 308
4289 12 6443 -408 6488 914 9375 494 6628 573 9659 225 2943 871 4950 38 9175 122 8783 280 6500 958 6052 -171 644 134
4290 4 1641 27 6131 862 7045 0 950 522
4291 5 2985 408 2193 930 7986 461 5399 869 25 31
4292 3 1878 -328 4858 306 3513 25
4293 2 7217 193 3355 0
4294 4 4974 704 2982 866 5035 -122 3631 662
4295 5 5359 548 8884 88 7670 515 6483 765 2935 -645
4296 2 5601 415 989 678
4297 3 7169 57 2335 -985 3061 400
4298 2 4621 -752 2635 -642
4299 5 8003 421 9921 359 5657 231 6911 360 774 118
4300 3 8053 530 6115 140 4159 482
4301 5 7720 -48 7418 -918 7711 -34 8268 0 3285 211
4302 5 8287 -120 9369 751 5126 857 4658 -204 2106 630
4303 5 457 0 7013 -469 7661 0 6445 393 1251 0
4304 7 8234 641 6276 -793 9205 724 9939 -531 6454 77 5427 833 3873 234
4305 4 9655 710 6886 719 6207 -844 1271 513
4306 3 8244 441 9586 961 2458 -568
4307 1 3824 0
4308 3 1234 812 4427 -280 613 -633
4309 5 643 808 5447 122 271 214 6072 -124 533 269
4310 3 8681 95 4319 867 2000 -550
4311 5 9893 -603 4475 528 8747 640 5048 503 4277 957
4312 6 6883 -373 6884 480 8923 415 6636 656 4481 899 2736 -112
4313 7 699 289 3799 -263 6598 235 1459 895 8553 418 5329 603 2404 -206
4314 1 1078 -960
4315 1 25 3
4316 1 287 -881
4317 4 3342 598 4499 955 5508 68 1411 104
4318 4 6983 321 6128 138 5680 410 2403 425
4319 7 9074 -897 8321 -160 2720 -389 4082 101 8793 433 7261 185 4310 867
4320 8 1667 383 9140 985 6944 -689 6160 820 5017 -281 9637 924 8568 228 3574 -86
4321 2 9971 556 336 584
4322 6 8203 321 3636 549 31 159 8747 363 8212 -417 264 694
4323 1 2677 -866
4324 6 6866 305 9058 68 4586 204 121 474 3349 123 5 4
4325 6 6339 121 4964 169 1433 947 5745 976 9684 234 1224 220
4326 3 7334 -957 5154 192 2883 -19
4327 1 1298 652
4328 3 8430 -96 8396 216 2965 0
4329 4 6934 -323 7989 479 8570 125 2256 -72
4330 4 6365 -437 6654 0 6480 -847 1929 -882
4331 2 6653 106 2494 149
4332 4 4451 213 8164 193 7269 614 929 -328
4333 7 5327 -770 4418 510 6537 186 2311 932 5442 994 5129 58 3017 69
4334 3 9026 613 5115 -777 972 371
4335 4 8772 0 3971 688 3850 -564 3622 59
4336 1 1155 -942
4337 4 4533 645 737 223 5548 975 3775 0
4338 3 2740 517 6479 804 689 680
4339 7 7699 169 6496 0 1806 -66 1570 160 8477 500 704 217 1150 -765
4340 2 5169 797 1463 255
4341 3 5571 532 4985 222 2205 385
4342 2 8606 -304 4287 -604
4343 4 3812 844 7306 -68 5636 0 1569 428
4344 2 6431 756 1319 670
4345 3 9776 352 7553 0 36 -509
4346 4 9985 156 3945 -749 4451 917 533 131
4347 2 7010 603 3477 954
4348 2 7946 665 3000 -294
4349 3 5819 809 8776 -220 1033 637
4350 4 4615 766 6327 342 5100 692 927 -14
4351 3 5175 -963 9734 -412 511 149
4352 4 6566 435 4597 -927 5315 996 3372 251
4353 4 5221 773 3990 504 8133 859 1017 99
4354 2 3092 333 573 737
4355 2 7850 694 651 470
4356 2 6265 281 785 563
4357 3 3113 311 5429 -74 3255 569
4358 5 5089 -82 5641 814 3463 513 5775 0 380 962
4359 3 3270 -352 5831 -175 2094 558
4360 6 3040 576 4631 -321 6382 463 5858 881 4937 793 1202 -305
4361 4 7445 918 5909 -651 5183 533 2686 598
4362 4 6470 257 9063 359 4628 7 449 267
4363 6 2645 452 5913 976 6809 -449 7944 912 5085 71 4038 -659
4364 5 9674 608 1093 608 6357 -544 4553 -838 3019 -591
4365 7 9855 628 2951 57 9668 958 8623 -640 5592 423 9040 -6 3883 -777
4366 6 2861 4 8562 342 7574 645 7488 418 7300 505 4008 -294
4367 5 7671 384 433 119 4492 -356 3362 454 3224 -110
4368 3 3214 474 8082 0 125 906
4369 4 3980 -582 9505 695 7347 395 3109 632
4370 4 4684 -718 5144 637 111 210 68 280
4371 6 154 0 1718 -511 9657 424 9725 814 4544 934 3411 604
4372 6 6747 707 7562 123 947 656 9767 190 7037 308 2731 210
4373 8 5290 934 9885 680 7288 0 2095 483 9123 563 4164 -912 5944 -852 941 943
4374 4 9236 925 8790 879 8625 787 1427 279
4375 4 6930 9 2043 200 4818 370 2251 -278
4376 3 865 881 4433 690 489 609
4377 8 3805 457 5399 477 7899 780 4469 834 9230 380 5840 464 5242 -85 703 0
4378 3 3354 682 4409 -171 3479 655
4379 4 6039 240 6322 505 7524 984 566 -561
4380 4 9082 187 8154 70 7301 7 2723 207
4381 6 7660 113 1433 -294 6092 815 5343 517 5171 301 3084 600
4382 5 6156 77 8053 265 7504 -882 5521 660 4282 -494
4383 3 3699 54 4540 0 2794 505
4384 1 1486 217
4385 4 8569 566 6541 0 6152 753 3503 -261
4386 6 8224 -346 5615 312 7905 131 6478 -480 5910 7 2327 717
4387 3 4784 576 6051 602 2359 869
4388 2 4476 413 703 949
4389 4 5604 154 5124 662 6411 -421 387 7
4390 3 15 688 4676 932 4026 65
4391 3 9857 740 5095 324 2107 278
4392 1 2769 83
4393 8 6421 653 959 537 9755 623 8503 73 8095 70 7716 -738 7441 161 1679 202
4394 4 965 332 4887 848 5575 672 1612 835
4395 6 2147 330 5 239 9677 521 7939 199 5873 -859 4273 946
4396 8 6448 93 2198 -50 7955 -931 4183 788 7643 286 6770 282 4916 280 2142 961
4397 4 8387 365 2215 761 9347 481 3507 -825
4398 4 5615 419 3945 -261 6162 865 2154 343
4399 3 6028 694 3677 224 3814 40
4400 6 6090 28 1559 -943 730 587 6040 947 9243 509 1616 -948
4401 7 5381 743 1753 614 5868 480 1648 285 1712 0 4690 323 271 -144
4402 5 3961 0 1366 432 6429 -223 5444 480 3594 457
4403 4 9671 0 3536 261 8476 316 411 381
4404 6 8939 179 7581 118 8165 785 3322 358 3263 439 2478 -465
4405 4 9271 -343 4920 -986 1354 190 370 758
4406 5 3147 343 4551 0 3875 363 8963 945 2939 -491
4407 6 4174 46 2605 821 9144 13 6931 983 4417 263 1345 406
4408 5 7808 947 1794 592 9675 230 7791 156 3353 755
4409 4 4378 -171 7278 674 7302 585 1341 726
4410 4 5237 959 9745 901 5132 699 4245 949
4411 2 7025 -168 861 852
4412 1 3261 0
4413 7 8601 179 9544 -771 7435 707 5237 142 8962 599 5526 585 2364 -214
4414 6 3265 238 9688 436 4646 501 5824 -869 5616 821 404 798
4415 2 9269 139 2522 164
4416 5 5410 931 6627 314 8514 217 8824 765 1444 438
4417 4 68 451 8549 441 7106 -538 4407 263
4418 4 3721 433 4333 510 2471 44 785 43
4419 3 6508 978 4611 -587 2584 880
4420 4 5328 890 9967 248 6438 -772 3548 247
4421 2 7510 799 835 606
4422 8 9207 -939 8224 613 8652 322 2595 499 7652 -802 5737 726 5685 546 358 -661
4423 1 2652 0
4424 4 8495 410 4614 0 4497 531 3684 947
4425 5 8006 754 9195 966 8184 618 7056 666 3917 436
4426 1 3855 958
4427 5 6156 679 8003 -737 6619 -995 5426 -760 4308 -280
4428 5 4815 214 4883 278 5776 -522 8650 432 1102 0
4429 5 2442 998 9338 850 4108 243 8605 675 4270 701
4430 4 9532 -971 963 366 4608 257 3576 53
4431 1 3639 401
4432 4 9811 61 7635 121 9583 0 1663 996
4433 5 5061 -129 940 -312 4376 690 6841 34 4173 0
4434 3 3225 130 8033 803 1400 922
4435 6 7103 634 3886 -615 138 168 2637 262 8119 882 197 635
4436 2 7564 555 1099 514
4437 4 5894 719 8378 847 3741 698 2768 262
4438 2 1499 335 3696 738
4439 4 3153 -38 8026 479 4828 121 1696 59
4440 4 3144 211 5882 39 8329 0 3724 -215
4441 5 9336 825 9593 217 5215 0 5770 -752 3837 299
4442 2 1526 100 2819 463
4443 2 5657 877 229 988
4444 3 682 976 3995 738 2650 102
4445 5 893 217 4022 387 8411 -311 9384 452 58 823
4446 4 9473 -147 8540 367 5086 0 1291 -595
4447 3 6297 131 9042 143 1592 415
4448 5 5699 -228 5545 565 3171 522 2883 954 2835 971
4449 3 2891 278 6599 -69 2957 277
4450 3 5914 876 4535 -589 108 330
4451 10 8171 -13 4039 921 6544 0 4346 917 8969 -595 6457 57 4332 213 4042 333 9695 -628 3743 -124
4452 6 7889 -246 6874 198 308 -860 7548 793 6683 497 2650 -291
4453 6 7439 923 1551 -955 9569 938 8479 786 5374 41 2416 240
4454 4 4745 931 6186 50 1145 -370 669 170
4455 3 3774 180 4108 -547 60 680
4456 2 5303 -147 1552 818
4457 4 7694 336 4639 89 7202 311 2832 -936
4458 3 1660 457 9050 -109 1576 320
4459 4 8444 0 844 272 5718 110 3003 -744
4460 2 7367 782 675 636
4461 4 4013 -728 2727 38 6733 169 3329 262
4462 3 4532 -278 7038 582 3081 -928
4463 5 6918 -329 4223 759 7951 -476 4666 550 2427 0
4464 4 9930 216 9256 672 9345 538 4210 -309
4465 4 5833 103 9960 554 6171 292 2203 120
4466 4 3764 0 8043 809 4473 445 4085 249
4467 6 5086 427 9326 379 7024 788 5233 549 4756 752 67 704
4468 4 1109 653 3818 627 8639 708 1672 -548
4469 6 5842 -200 9136 365 6940 738 4377 834 6691 -393 1857 -901
4470 4 7579 453 4874 -572 8755 24 1797 187
4471 6 3298 276 3944 46 9424 670 7562 959 7459 595 217 85
4472 3 4632 240 5642 -333 4138 525
4473 2 2298 812 4466 445
4474 7 9206 -624 5518 575 6680 1000 5471 747 6372 362 4626 0 2583 97
4475 6 2868 993 6403 -705 4311 528 6751 887 5972 0 2403 988
4476 6 4388 413 5506 432 2405 132 5439 667 5371 926 713 608
4477 6 7575 -348 4719 -811 4219 -245 8780 -399 5166 -129 774 935
4478 2 5648 324 577 86
4479 6 8843 958 9306 36 5488 -601 9683 508 6177 0 4076 -885
4480 4 4028 713 3095 135 9699 708 333 144
4481 4 5756 789 2281 -953 8385 -640 4312 899
4482 2 4730 775 3104 564
4483 2 9586 257 3061 1
4484 4 7549 -845 8882 -501 5456 976 979 335
4485 6 6675 906 706 0 3024 -402 8787 508 4691 825 2113 -800
4486 6 5615 -933 7775 -551 5302 -272 5031 -172 1725 403 1548 0
4487 4 4285 404 9056 -547 2200 815 1616 -380
4488 6 8619 385 7618 758 6404 -881 6763 189 6065 492 2423 174
4489 2 3894 515 3951 735
4490 4 5272 256 6618 850 4502 172 3397 137
4491 2 5639 490 2572 343
4492 4 3691 290 4367 -356 6172 86 1349 769
4493 3 5264 246 6898 -595 117 -483
4494 3 9211 -943 273 295 720 102
4495 9 3899 932 9210 548 9040 743 8045 553 8655 615 6083 -816 1259 -11 9403 671 3992 559
4496 5 8711 431 3835 936 7486 -863 8710 678 4227 882
4497 3 5375 -274 5362 0 4424 531
4498 6 7445 804 8581 553 507 134 8191 603 5361 670 3437 361
4499 5 6342 497 4317 955 7277 21 7206 336 2430 -518
4500 3 5923 515 5000 -388 1735 648
4501 1 3979 970
4502 9 5374 -417 1671 568 7810 484 8629 842 1700 488 3447 238 8468 938 7125 827 4490 172
4503 3 2854 104 6216 404 1278 744
4504 9 8757 889 4762 253 9867 0 3434 655 1470 834 9300 905 7997 0 5158 635 1172 886
4505 3 6469 584 7139 -185 2579 341
4506 2 5090 710 1914 119
4507 4 8052 221 8007 357 4942 -633 2764 -374
4508 6 8175 -22 6570 205 7125 421 2565 -791 6122 -896 3160 610
4509 5 7191 -610 6974 131 3395 146 1307 280 2034 -5
4510 4 9646 545 7757 861 9491 801 1866 0
4511 1 1117 -148
4512 6 3817 908 959 796 6319 -104 5438 598 4829 712 1640 617
4513 2 4990 -863 1017 56
4514 5 3486 964 8163 139 5395 95 5627 -483 3783 0
4515 7 800 711 6364 549 6550 -383 3677 457 6783 -57 7748 -487 407 871
4516 4 9610 351 7020 826 7207 892 2514 544
4517 5 1901 61 4701 367 2659 -93 30 812 512 110
4518 8 5109 -522 9922 674 8972 623 990 -226 7239 996 7100 13 4806 800 3913 245
4519 3 188 91 7722 -716 3743 652
4520 3 5954 168 5366 -941 15 805
4521 6 6803 924 7071 -826 3981 491 8402 109 7602 229 469 -73
4522 6 3295 862 3859 -61 8275 629 9710 13 6225 631 2674 -667
4523 3 5970 0 4741 0 627 -866
4524 2 5618 -338 275 0
4525 4 6427 813 9870 -22 9069 682 1210 62
4526 7 8438 136 194 912 8090 -644 6528 -678 6039 -723 5843 638 1956 940
4527 4 9283 708 3906 66 5664 573 2269 195
4528 3 8215 -665 6346 998 713 -724
4529 5 5072 -830 5745 364 5851 686 9437 303 65 -845
4530 3 5886 -278 1398 923 1307 21
4531 7 8444 619 8986 878 5470 575 9992 -457 6291 316 7614 -976 3813 66
4532 8 349 415 9163 913 8243 717 4462 -278 5231 -474 8332 156 4770 -65 2771 900
4533 5 8169 69 4835 83 4337 645 9078 -119 2175 996
4534 6 1829 0 9971 440 38 -639 7865 237 5435 -151 518 948
4535 3 6859 293 6471 380 4450 -589
4536 2 5402 -343 3694 0
4537 4 1644 226 6349 -785 6450 230 3313 781
4538 3 3065 732 4926 896 874 764
4539 4 2730 460 8719 634 6398 257 1489 774
4540 1 4383 0
4541 5 5616 641 552 85 9735 86 5330 80 2987 -461
4542 4 2801 211 9780 757 9040 141 820 568
4543 7 2693 901 8106 908 1840 947 1206 10 8032 840 5471 734 1879 14
4544 6 8016 130 372 974 8376 -329 7581 922 5542 952 4371 934
4545 5 8881 269 6685 791 6369 -148 2330 129 2218 184
4546 4 7090 210 5632 688 4856 547 1081 4
4547 3 8047 8 4607 -454 1398 -223
4548 2 4636 118 319 -552
4549 5 5966 -314 3242 356 5739 486 6373 905 1874 0
4550 4 9009 0 8882 449 6431 589 2744 724
4551 5 7465 -260 4406 0 9949 536 1817 766 1739 211
4552 5 3232 812 7007 -412 5846 614 8485 -252 1429 954
4553 6 8505 677 1350 413 8104 467 9693 -398 9805 27 4364 -838
4554 4 2391 -724 446 494 6910 268 1254 106
4555 3 9178 656 5845 590 3106 0
4556 2 1050 565 3025 101
4557 5 6275 320 3589 204 7621 791 9081 979 1419 552
4558 2 8171 245 2438 365
4559 2 5280 0 3210 -707
4560 2 5745 -341 1596 -6
4561 1 1373 0
4562 4 9409 0 2399 814 4761 196 321 998
4563 5 9107 118 7032 295 6144 -109 4699 436 942 -48
4564 2 2359 474 3156 662
4565 2 9400 121 580 929
4566 4 6028 -19 3991 0 1187 62 3092 899
4567 6 8303 4 5605 310 2739 87 67 878 7070 83 2704 482
4568 5 1699 -516 2571 -560 6814 -565 1953 -674 2861 -463
4569 4 6883 588 7246 816 7807 488 2648 347
4570 3 7172 352 5993 -302 627 890
4571 4 5604 1000 430 -706 6940 296 2238 -239
4572 5 7634 798 2785 475 7270 -250 8031 842 4051 -658
4573 6 8675 28 6459 586 5152 274 5092 606 6285 131 3515 986
4574 3 660 -327 9531 971 2345 615
4575 4 8710 938 8859 484 3873 -397 2932 310
4576 2 8362 796 1036 918
4577 5 7532 927 7934 -829 6838 167 5899 304 3937 -537
4578 3 9439 -108 7048 -416 218 87
4579 4 8564 936 5451 -581 6231 676 675 547
4580 4 8862 484 7544 -49 2207 -930 747 222
4581 5 8181 688 1636 885 5990 845 5011 322 1104 -847
4582 7 5834 301 8285 189 9498 -17 3601 496 9816 323 8454 410 2939 498
4583 7 1914 -991 7135 -905 1358 541 7893 -668 6598 117 6535 -316 1698 -822
4584 6 6411 659 7266 20 8057 854 7247 -103 4932 204 198 424
4585 3 6236 -997 1517 -396 2038 769
4586 5 3134 83 2372 511 7070 463 4324 204 1727 761
4587 1 2091 -223
4588 6 9776 588 2715 104 3731 -15 9864 674 6289 -766 3760 905
4589 3 9105 -215 3350 -117 194 736
4590 8 6104 397 5519 0 5078 921 4741 553 2292 108 8427 424 6919 294 993 -123
4591 8 9010 828 4016 105 5171 767 5501 906 9541 982 6403 679 5026 957 3688 137
4592 2 1463 947 1991 299
4593 5 7071 150 9982 757 9686 -510 4651 844 1175 183
4594 7 6100 -888 8062 699 8735 652 8603 673 5255 916 3084 -949 1229 -885
4595 4 3818 642 8214 -673 9476 161 3630 300
4596 5 5258 375 5098 433 360 -706 8055 -430 1263 -347
4597 4 8171 190 8965 -351 4352 -927 3231 240
4598 3 6461 370 1962 254 4286 -985
4599 4 6684 575 9769 510 7906 327 1373 356
4600 3 9373 913 8886 357 1833 -869
4601 7 2432 839 7513 759 9483 714 5083 -593 230 -374 7021 816 1440 237
4602 3 6985 0 3006 429 279 826
4603 6 7795 221 6524 931 5758 -757 7074 225 6197 459 356 120
4604 2 9251 561 1510 -450
4605 4 5330 -857 9104 526 4902 882 1902 609
4606 4 6198 -261 4921 547 8743 0 2756 504
4607 6 5627 0 8739 872 4844 820 8721 779 6131 -581 4547 -454
4608 3 5482 0 4834 -758 4430 257
4609 3 7487 16 6819 -99 2196 676
4610 2 8544 153 1733 750
4611 5 9423 664 3979 -534 8487 -28 5641 132 4419 -587
4612 2 5371 630 1780 307
4613 4 1418 511 6310 152 6544 812 4015 -206
4614 2 4729 486 4424 0
4615 6 4350 766 3221 -367 7230 -427 9810 479 9218 957 2216 766
4616 3 1961 607 7703 144 706 554
4617 5 9462 770 6594 764 7427 384 7136 511 1190 815
4618 3 4678 917 3819 701 3286 145
4619 4 6606 619 4689 280 6657 -439 1624 653
4620 6 4622 0 9311 864 6181 -47 647 963 6443 -516 650 168
4621 9 6576 261 4298 -752 3558 0 9314 628 2069 683 9303 833 9278 366 7892 148 1015 547
4622 5 2300 -429 4620 0 2923 821 5518 -517 1651 804
4623 5 8089 241 5054 131 6933 -378 7714 427 1394 -190
4624 4 659 776 5550 95 5762 489 1494 741
4625 2 5405 626 4200 888
4626 5 4786 128 5799 676 9956 427 7564 639 4474 0
4627 4 5002 -552 3564 174 9388 -351 3106 -797
4628 4 1066 895 9735 126 4849 96 4362 7
4629 2 5138 -347 2873 775
4630 2 8084 694 392 -475
4631 3 4360 -321 1236 -435 3224 47
4632 6 4472 240 7382 971 8171 609 7867 -245 7240 210 2225 120
4633 3 6734 928 4679 570 907 677
4634 8 6206 536 9462 686 1537 838 7428 934 2481 999 7237 260 6074 385 2613 -574
4635 6 7486 604 9518 71 6932 309 1726 75 4883 -105 3221 211
4636 4 5992 0 5343 690 5254 725 4548 118
4637 2 7938 -8 3781 654
4638 5 5685 631 3520 -302 7443 524 3786 71 3669 119
4639 4 4457 89 1671 -21 9219 -243 216 16
4640 5 6780 -176 7153 278 8229 -44 6182 687 3359 153
4641 4 2063 926 9177 975 5546 831 1559 456
4642 3 9997 -485 8562 521 2480 808
4643 5 7271 -370 6151 376 726 643 9034 -469 916 52
4644 4 8181 284 3656 -246 9104 966 472 328
4645 2 7370 765 226 885
4646 6 5945 0 7789 416 3420 -538 4414 501 5772 -572 37 670
4647 6 8380 259 2334 60 9058 -327 8715 286 6446 -527 2077 -535
4648 1 1851 178
4649 3 1521 443 1577 331 3795 -415
4650 2 9464 483 2805 -579
4651 9 8334 405 9343 -69 4064 535 5868 828 6945 254 8253 566 8664 -411 7040 -368 4593 844
4652 3 4740 546 8459 452 3930 477
4653 5 4017 939 6690 746 8997 665 8415 531 3789 252
4654 3 6816 561 7700 209 848 884
4655 6 8516 319 3330 776 5667 113 5305 557 4763 540 3973 48
4656 4 5744 630 5095 874 8329 270 4050 415
4657 2 3170 973 904 -794
4658 1 4302 -204
4659 3 6527 -774 7944 272 3037 730
4660 5 8296 924 9668 369 8038 130 5740 0 3593 749
4661 4 9986 667 2472 535 6708 -266 3173 511
4662 2 5441 531 2032 580
4663 3 1859 -700 7359 0 3209 790
4664 3 7118 -862 3378 251 2607 -397
4665 4 6604 142 7344 -796 5738 -458 2337 8
4666 2 8407 60 4463 550
4667 2 7658 854 3644 -163
4668 6 6281 609 4026 -39 5317 257 8379 158 7616 345 2208 752
4669 1 2950 -183
4670 3 6698 -866 5659 0 133 237
4671 5 6226 -20 1966 0 7672 23 6959 902 4029 501
4672 5 6372 627 1524 258 6311 838 1047 817 2611 920
4673 6 8656 730 2837 -600 2975 -175 7851 -54 7996 -781 735 130
4674 2 5642 158 557 39
4675 4 4913 47 202 360 6510 668 2697 -91
4676 7 9629 273 9392 -709 3004 -416 4390 932 8984 -932 8254 92 4028 103
4677 3 2963 439 7162 948 1491 718
4678 5 1199 -395 8400 121 4618 917 5912 -68 1509 150
4679 6 8835 914 2057 941 4633 570 3145 417 8993 576 1051 450
4680 6 2771 386 5580 -949 5253 -227 5356 691 9097 271 1801 103
4681 1 3893 935
4682 4 7526 -89 7403 421 6597 576 51 262
4683 2 9936 -339 3476 994
4684 3 1697 36 4370 -718 4078 662
4685 5 8219 809 6115 408 4901 -390 6819 106 3207 990
4686 5 8213 321 6677 0 6867 396 9306 265 689 688
4687 5 9112 899 3344 563 2748 800 5880 0 1994 796
4688 5 2948 418 8147 64 8343 0 5387 -667 995 458
4689 6 9338 -164 4000 272 2431 -785 4619 280 7041 903 3268 -41
4690 4 3416 -434 4401 323 8439 326 3422 617
4691 5 4744 0 3029 -104 8221 -401 5879 -988 4485 825
4692 8 8728 323 6507 186 8827 461 5191 0 3295 129 5305 358 9262 295 537 -189
4693 4 427 188 9899 320 4971 -375 2514 -637
4694 1 2255 0
4695 2 7393 394 737 -769
4696 7 9094 804 4823 -705 6505 812 1854 701 7832 552 4744 471 1509 842
4697 6 5636 397 9054 -360 1033 944 8729 266 8285 33 3207 -997
4698 2 3590 951 3429 196
4699 4 9544 148 6088 3 6315 163 4563 436
4700 3 6794 82 5924 756 267 670
4701 7 4951 881 5060 -20 4517 367 7946 0 4077 -579 6823 737 862 623
4702 6 8232 0 2480 -212 3664 320 6949 849 6006 704 992 417
4703 3 6337 84 7850 376 126 896
4704 5 5041 -142 2482 18 9084 -351 5580 -278 1 848
4705 5 3843 -980 7665 -553 8332 741 7176 540 620 915
4706 3 3287 442 6809 410 1517 861
4707 2 3290 633 590 828
4708 1 3504 717
4709 3 6562 860 8782 137 1097 568
4710 4 530 956 5550 189 6208 715 445 -761
4711 6 2259 432 9029 105 8742 -635 3992 166 2224 187 4160 -104
4712 5 8711 493 1354 297 8863 -280 8355 -497 1123 -619
4713 3 6810 335 8871 0 1918 287
4714 3 8487 147 7115 601 2400 332
4715 5 5162 -418 8045 -638 409 409 5709 313 2640 -113
4716 7 8309 0 8011 -621 48 -530 4039 611 9465 389 8683 61 1223 729
4717 5 3637 965 9573 0 7074 497 5808 951 387 -402
4718 1 1589 859
4719 3 2409 766 4477 -811 1022 290
4720 4 9313 727 1252 -816 7176 124 2042 -867
4721 4 9648 129 8320 671 5324 -32 2871 -566
4722 7 3818 815 6992 88 1469 -384 8419 944 5302 577 7546 0 1380 493
4723 4 1760 205 5366 237 4810 0 2344 404
4724 5 8458 601 8326 608 3306 991 289 444 2972 198
4725 4 6430 858 1946 466 8438 226 162 332
4726 4 7408 322 8973 828 4977 -384 162 797
4727 5 5368 515 6495 462 5849 201 6235 -723 2695 932
4728 1 893 44
4729 5 8958 123 2713 -428 2946 88 4614 486 2210 -41
4730 3 5721 128 9526 967 4482 775
4731 2 511 678 3814 -921
4732 3 7373 217 5539 -935 3929 -449
4733 3 2026 28 5165 723 2873 282
4734 4 8008 805 4809 74 5134 -727 443 855
4735 2 4833 840 1225 856
4736 4 653 651 2131 495 6958 123 2139 427
4737 4 2073 -461 6289 33 1513 420 3315 462
4738 4 9754 683 4234 561 6621 715 741 615
4739 3 9804 937 7544 200 4210 404
4740 5 6081 -387 1945 808 4652 546 1302 132 2641 630
4741 6 5460 44 4590 553 4893 745 4006 -624 6444 635 4523 0
4742 4 729 -196 7518 -320 5907 4 3875 71
4743 4 3836 384 7575 -546 9537 0 272 375
4744 3 4691 0 9222 729 4696 471
4745 6 4454 931 8076 326 9372 -645 7429 710 7327 931 1265 55
4746 2 2143 -861 1346 899
4747 3 3222 422 5505 703 4082 -206
4748 4 1986 249 6260 543 6342 -664 1094 602
4749 3 2343 -227 6534 822 1307 -542
4750 4 4817 -898 8005 -985 7384 65 2744 215
4751 6 2848 277 6942 87 5960 934 5390 -921 6383 -435 926 -757
4752 6 9400 107 9953 561 5787 184 6969 174 7573 194 3231 314
4753 8 8931 903 8062 490 5365 293 8395 424 5230 422 9385 -353 5560 696 3805 -802
4754 3 2789 603 2392 721 2960 0
4755 4 41 -19 1629 858 5641 -348 3118 365
4756 3 2840 399 3454 442 4467 752
4757 3 3745 175 5984 634 1149 0
4758 4 7652 -208 6905 319 5322 543 3312 251
4759 6 6723 446 6576 -696 864 -631 8893 446 5793 624 2785 848
4760 4 5444 -356 8375 101 5638 704 1844 105
4761 6 6083 116 3824 669 960 214 4562 196 6100 337 1848 -1
4762 7 4504 253 9323 544 7498 -383 4950 232 3549 541 8734 408 2955 -190
4763 1 4655 540
4764 5 4270 -550 9219 64 5415 270 9206 715 3020 0
4765 5 7970 -147 6954 560 9338 2 5213 18 433 -809
4766 4 4830 156 8606 459 147 362 2792 653
4767 2 6277 498 3170 950
4768 3 3914 316 6911 461 697 910
4769 5 8651 787 9656 -837 8933 716 8274 -814 3 555
4770 2 3210 540 4532 -65
4771 3 5988 395 6920 937 2040 615
4772 3 3836 835 7188 464 910 878
4773 2 9882 597 842 310
4774 3 8527 152 247 -726 925 627
4775 2 3742 -726 3891 330
4776 2 3765 715 4209 -232
4777 4 5923 -510 6832 363 9561 434 2183 426
4778 4 908 277 7307 271 7694 -558 3019 464
4779 4 6207 161 6258 -356 9625 630 2754 344
4780 5 9533 -557 5952 174 1956 -87 2428 403 2898 -43
4781 1 1974 963
4782 5 2295 -237 7382 886 7589 -569 7197 682 3382 824
4783 1 3950 273
4784 6 5675 664 4387 576 4285 22 7666 876 7021 839 2126 -377
4785 3 3146 296 5100 40 1581 467
4786 4 4626 128 9295 10 825 -448 1142 982
4787 1 391 301
4788 2 7949 -813 2603 -260
4789 6 7050 328 6001 35 6561 -385 7720 617 9705 -233 1652 -140
4790 8 2764 520 6070 514 1912 898 9218 -895 9954 -948 6436 329 5624 443 2184 776
4791 7 5454 502 7957 670 9175 0 6347 -606 3955 900 7624 860 2693 468
4792 7 6689 653 4924 421 9304 264 8061 9 6530 869 5608 301 3983 -583
4793 6 2484 284 3610 817 9603 0 5758 790 9306 525 823 613
4794 3 5874 -576 7792 987 4107 647
4795 3 2636 471 4979 -267 3261 -450
4796 3 1760 -701 7341 887 1952 708
4797 2 2598 802 2734 284
4798 4 7316 -8 3702 725 9493 329 4179 -253
4799 4 3686 -14 1887 744 1957 -713 871 0
4800 8 9519 982 4236 869 764 -230 6979 885 6747 123 6017 -755 4907 531 52 618
4801 4 7901 -970 161 990 6376 714 466 -85
4802 2 3290 661 3072 179
4803 4 6842 -931 5780 694 8481 303 1647 -393
4804 2 6047 -674 2785 -876
4805 4 7878 -562 6479 929 7607 11 489 -152
4806 3 9251 251 3993 599 4518 800
4807 3 6628 910 7380 467 289 657
4808 7 7885 -938 4224 -95 5532 538 7367 -557 9638 972 9079 -123 3912 512
4809 10 2083 303 1157 419 4734 74 6337 0 2890 638 3843 945 9830 -298 9658 58 5282 0 219 191
4810 3 3331 117 8952 -413 4723 0
4811 3 6037 538 9833 660 2641 -615
4812 2 8736 566 29 139
4813 5 2487 -290 6014 477 9530 359 9841 144 3675 0
4814 6 5282 680 4165 -210 9574 -139 8720 401 8011 771 758 489
4815 6 4428 214 2899 520 8229 88 3471 470 88 723 2254 -368
4816 2 1954 962 2533 -279
4817 6 4750 -898 3921 446 2174 0 9638 241 3545 429 3389 542
4818 4 7524 -254 1480 588 7123 855 4375 370
4819 2 8106 310 2618 65
4820 7 3682 928 4894 617 9468 747 2785 542 7895 926 5422 889 2035 315
4821 3 9502 216 6155 -703 1478 -848
4822 4 9112 -936 6376 -642 7940 540 1204 399
4823 3 3251 457 4696 -705 338 706
4824 4 343 0 366 237 4039 201 3392 816
4825 6 8569 -602 7695 1000 9883 531 3526 656 7087 772 3644 729
4826 4 4832 188 6390 967 7369 222 2006 186
4827 5 7866 560 8170 -708 7079 345 5388 -91 2417 491
4828 5 6319 789 9560 945 6154 -805 5950 133 4439 121
4829 3 6121 -533 859 -918 4512 712
4830 7 8922 110 3633 101 4766 156 5126 0 6844 259 9631 367 2985 25
4831 1 1708 52
4832 4 7560 461 4826 188 9482 -106 1258 82
4833 4 769 594 3630 -751 6080 -191 4735 840
4834 4 681 -515 4608 -758 5593 411 29 582
4835 4 4533 83 9984 327 7326 410 2199 57
4836 3 834 924 8945 464 938 718
4837 4 1093 993 9476 0 8194 741 982 320
4838 4 6040 536 6051 730 2636 633 3019 248
4839 5 5739 729 7247 -928 5246 -603 5139 -476 1395 -988
4840 2 1375 195 2417 121
4841 3 4926 22 9407 689 3278 410
4842 4 4163 -943 8909 791 4957 -410 1707 959
4843 4 5147 474 9834 162 1878 -827 1307 172
4844 2 4607 820 317 28
4845 7 5060 916 9725 983 9667 -966 6392 102 7260 908 5098 -984 1925 492
4846 3 9185 801 5277 857 2263 -686
4847 5 1319 903 2032 -669 5618 126 5185 304 2760 -312
4848 2 5738 728 1603 192
4849 4 902 529 9154 898 4628 96 1079 656
4850 4 9429 0 3608 204 5278 -950 1374 661
4851 4 2456 -862 2822 51 4092 938 2974 88
4852 2 2556 335 793 49
4853 7 646 579 7571 141 8115 520 4180 -744 8393 -163 5878 -450 1145 711
4854 4 7078 0 8734 -166 7739 -768 1545 356
4855 5 2438 712 6985 0 3096 672 5105 414 2645 885
4856 4 3910 510 7726 126 5607 303 4546 547
4857 5 5287 1 3555 0 8608 336 5615 0 3003 574
4858 3 4043 -720 6764 470 4292 306
4859 4 9107 -268 9624 817 3256 225 1383 -640
4860 4 2191 740 9635 505 6478 93 588 845
4861 3 7919 904 7885 -148 2700 978
4862 3 8071 654 6646 672 2980 486
4863 2 7578 -244 340 150
4864 1 1512 -230
4865 3 9856 59 3131 724 2260 198
4866 2 9397 808 2693 847
4867 5 3566 418 9042 332 5690 434 103 869 2666 966
4868 4 7353 466 1114 827 6613 -217 2189 -407
4869 3 61 255 1448 -104 3500 264
4870 5 2887 861 8653 -297 4065 432 1443 659 3678 0
4871 3 9392 695 5103 88 1007 730
4872 2 6663 777 2003 -390
4873 5 3601 614 9914 564 9242 237 6726 612 264 424
4874 4 6338 413 8938 700 4470 -572 147 403
4875 5 6719 0 669 81 5269 -866 8060 282 927 167
4876 7 3737 404 2345 824 3017 -359 9598 283 7305 -479 7287 -784 2457 681
4877 4 6220 273 4036 -915 8106 517 501 167
4878 4 6338 28 2795 404 8178 807 538 -295
4879 9 6564 -155 8160 929 566 -183 8243 0 288 4 9463 380 2959 717 6241 765 2641 616
4880 2 3894 -809 188 -229
4881 2 5373 418 2537 808
4882 3 1591 914 7659 748 1796 -956
4883 6 512 499 4428 278 9280 -990 2714 -407 7938 -491 4635 -105
4884 5 6944 351 7701 395 2431 205 2860 356 2589 232
4885 3 6526 880 6014 134 3806 196
4886 6 3280 0 1204 487 5091 -110 7394 0 6181 367 2725 98
4887 5 1702 841 5487 72 5135 -972 4394 848 3481 276
4888 5 5781 526 9409 330 7837 997 5082 97 3850 355
4889 2 6885 434 2518 537
4890 3 586 0 2306 723 1272 156
4891 8 3403 -12 1494 482 6239 187 6990 729 8556 1000 8545 -139 6410 276 2343 974
4892 5 6587 770 8599 307 2709 739 8034 944 1240 439
4893 4 2454 860 4741 745 9966 273 1371 895
4894 4 4820 617 3871 670 9028 821 978 314
4895 3 9387 931 5400 -377 1914 -583
4896 8 1906 396 8285 -907 5137 321 6969 164 3355 -471 9881 314 6456 63 4140 342
4897 4 7904 901 369 451 8131 775 861 840
4898 5 6956 926 5831 25 7471 -941 9408 483 1880 878
4899 4 9416 -327 518 -457 5712 525 35 740
4900 3 9765 544 5261 600 1336 287
4901 5 8443 87 4685 -390 7416 335 7429 885 2332 945
4902 3 6710 837 8727 78 4605 882
4903 2 83 0 1874 796
4904 3 8907 616 7744 -285 4081 -294
4905 3 6979 25 9694 109 1982 612
4906 6 3979 -806 9524 -613 1636 -560 951 523 1449 463 4194 725
4907 4 7689 378 9832 -169 9121 541 4800 531
4908 2 3463 510 113 165
4909 4 1654 607 5806 804 9291 32 4132 -153
4910 6 5475 -879 3030 727 8936 812 6894 219 8079 368 13 482
4911 4 9309 338 8018 286 5149 -858 2196 345
4912 5 3029 -574 6511 -639 6732 280 9663 274 910 419
4913 5 4675 47 4072 -838 5900 41 7677 -97 1249 421
4914 3 1722 -974 636 947 350 988
4915 5 7967 221 9715 -603 6895 804 5678 232 399 764
4916 3 7234 -196 8380 -920 4396 280
4917 3 3368 970 9279 762 1796 723
4918 3 9247 -612 9178 617 2707 961
4919 5 6948 -891 1554 53 669 485 2471 816 1929 79
4920 3 4405 -986 7141 648 1827 40
4921 3 2844 423 4606 547 4259 -958
4922 3 9568 665 5798 533 3853 742
4923 3 7731 927 8301 250 725 186
4924 4 5665 585 6103 -684 4792 421 1074 609
4925 3 5285 0 5470 152 1371 469
4926 7 4841 22 6813 403 8770 756 8742 628 7630 721 6283 804 4538 896
4927 3 8809 611 5656 107 3555 971
4928 3 6362 474 2206 228 3906 553
4929 1 2362 233
4930 3 6207 954 9729 234 3310 916
4931 4 5752 446 5282 170 7227 -74 3665 263
4932 1 4584 204
4933 4 6937 166 6874 670 5267 -312 1228 637
4934 5 4131 771 2782 791 6304 700 43 420 71 -682
4935 2 9176 577 4247 420
4936 2 6285 559 3843 486
4937 8 5081 260 7918 162 3370 29 1242 137 6953 724 9391 356 5059 -316 4360 793
4938 4 293 871 8703 -114 8258 -410 1914 0
4939 2 5478 80 3278 -866
4940 5 465 -519 6816 -597 8680 236 8650 829 428 704
4941 4 89 134 8564 373 8819 803 4039 194
4942 3 6731 -598 7204 -899 4507 -633
4943 8 7530 307 6582 262 5806 84 6194 61 5571 -119 1361 489 1162 470 2374 117
4944 2 4221 409 1161 517
4945 2 3226 338 4079 126
4946 4 7686 126 413 704 9845 330 1494 0
4947 4 1338 157 2584 153 5828 594 984 112
4948 4 7798 860 6064 379 5574 262 3878 823
4949 3 3869 958 1802 220 2539 -901
4950 7 5950 682 4762 232 4289 38 6673 891 8945 439 5869 962 429 0
4951 7 3742 418 4701 881 7448 -747 939 149 9173 0 5722 756 2144 279
4952 4 1426 502 6625 897 6502 724 2459 184
4953 2 8672 460 2982 739
4954 6 3526 138 5670 -100 7255 269 7201 49 7192 628 2604 800
4955 4 703 38 8148 238 6055 243 271 -769
4956 3 5318 -951 9184 349 3844 691
4957 4 6952 227 9293 893 8561 179 4842 -410
4958 6 9725 316 2984 908 1656 561 2914 588 9003 572 3770 21
4959 5 6924 327 3704 87 8339 -580 6467 0 2511 174
4960 7 5320 601 9539 696 8789 161 7517 319 7146 -191 5700 297 284 274
4961 3 2542 -641 3640 823 810 223
4962 9 2327 -407 561 588 3498 652 9568 822 7429 730 9598 757 6507 547 6027 596 117 617
4963 5 3236 122 5051 241 9514 256 5878 840 4228 -209
4964 5 1832 -606 5264 474 4325 169 5052 846 729 -311
4965 5 3086 652 2180 108 9487 223 5914 482 1872 650
4966 4 5471 671 853 -758 8010 960 1060 520
4967 1 1935 194
4968 5 5296 -588 6958 983 2520 -979 3384 969 4228 -403
4969 4 6327 -824 6517 535 5374 129 2329 64
4970 5 5298 -976 5922 780 1103 726 2991 0 2622 -748
4971 5 1374 -332 3564 -734 5166 867 6178 80 4693 -375
4972 2 8411 261 1113 736
4973 8 5054 -492 9391 0 6054 0 9363 468 8310 -806 5745 157 5184 888 388 951
4974 4 2892 718 4294 704 7399 50 1696 509
4975 5 6805 145 7197 0 7636 388 6747 0 3755 -206
4976 4 1588 789 9938 582 9936 278 1179 44
4977 2 2219 607 4726 -384
4978 5 9810 16 493 -976 5883 0 8302 718 3343 -258
4979 6 3849 -450 5264 346 7028 0 7609 257 8637 317 4795 -267
4980 2 6159 843 1216 62
4981 4 8337 -234 3423 -80 6411 301 1957 830
4982 4 4138 550 7278 2 5072 -722 2138 -245
4983 5 9765 265 4996 700 885 712 9834 488 2694 361
4984 6 7034 709 7476 726 3552 -686 5945 -405 7505 0 2843 782
4985 9 8528 -271 9313 886 5907 280 1759 -47 4999 647 9364 -269 3937 750 7170 776 4341 222
4986 4 7199 108 7989 999 5155 58 353 0
4987 5 8516 80 7394 921 3413 0 7031 909 1965 -658
4988 4 7444 383 7369 900 5161 226 2873 650
4989 8 5512 267 5398 -89 6768 515 563 308 4995 -744 8451 488 8902 208 4155 156
4990 4 3326 747 5172 -152 5125 316 4513 -863
4991 3 3918 996 2207 412 2645 -997
4992 5 3124 388 8644 347 9655 869 5833 985 3379 717
4993 2 7368 530 3536 422
4994 4 5784 -818 7863 938 5517 279 3878 182
4995 4 2780 125 4989 -744 5967 633 476 414
4996 9 6034 337 9084 719 4190 333 4983 700 2194 491 3818 848 5570 773 2059 -923 954 576
4997 2 9760 -128 2922 585
4998 6 7363 486 1903 927 5216 0 8023 8 7067 -69 526 852
4999 5 160 -142 5933 -853 7127 915 4985 647 2536 759
5000 7 2808 -921 7800 77 2712 152 4500 -388 7735 328 8248 738 375 156
5001 3 5892 0 1008 338 2659 -350
5002 3 4627 -552 7256 -763 2083 677
5003 4 9887 -498 5058 124 8764 0 2362 557
5004 8 9372 192 7035 330 2738 0 7247 818 7069 -104 6579 993 5992 27 3931 999
5005 6 1037 -303 8406 44 2996 386 5608 321 3585 -519 3396 -747
5006 6 501 218 6349 -885 9901 606 6651 0 6576 575 1843 -527
5007 3 8833 464 8637 630 1277 47
5008 4 9680 539 2939 453 8523 160 168 244
5009 5 9023 -18 4112 332 7061 126 6930 508 3582 703
5010 5 2417 -103 2634 143 9819 217 6146 840 259 -945
5011 2 131 246 4581 322
5012 4 7270 226 5337 -633 6320 477 2418 -155
5013 4 561 -708 502 0 8884 864 4135 686
5014 2 2765 -274 3642 608
5015 3 7862 236 9113 -6 2803 548
5016 4 7073 783 2883 -264 2009 690 3219 170
5017 5 2236 -906 6779 503 9907 783 4320 -281 353 966
5018 3 9619 7 6137 721 1887 669
5019 7 2722 73 848 935 7438 658 2640 -848 6927 -517 1318 -70 173 75
5020 5 6150 880 6227 928 9008 194 913 225 948 229
5021 2 8924 -755 246 408
5022 3 6624 620 5868 -623 212 -230
5023 5 5411 125 6788 -922 9950 136 9854 885 3739 537
5024 5 7699 904 5837 852 3453 -446 6136 711 3096 523
5025 6 2974 0 6512 499 9674 -646 6087 187 8912 700 1311 990
5026 4 9919 -717 6898 805 5749 512 4591 957
5027 1 2212 751
5028 7 3044 387 6024 -101 8339 401 9757 -896 6468 374 5696 768 2782 498
5029 3 6356 783 8988 -988 3547 9
5030 5 3953 0 1671 114 8926 348 6823 646 3909 271
5031 6 7781 -120 3751 -651 2702 791 4486 -172 8406 903 9 -156
5032 6 2180 -10 1484 -699 2399 92 6540 514 5255 703 72 -780
5033 2 8679 993 327 -704
5034 2 9122 981 3235 547
5035 4 5830 0 9059 594 2652 -915 4294 -122
5036 3 580 682 2151 549 748 -903
5037 5 4164 545 5924 353 9353 115 9953 -667 3879 253
5038 1 1854 842
5039 3 7358 -360 6862 -933 3146 121
5040 5 3281 900 7637 133 1541 -194 5619 102 3467 569
5041 5 1169 646 8027 -30 4704 -142 1705 435 2421 -575
5042 3 9951 677 9515 865 1582 0
5043 4 6153 998 2265 -750 9514 0 3420 759
5044 3 3941 -792 3997 353 6 576
5045 1 1750 480
5046 5 6969 850 5226 780 9170 -767 9626 149 3141 30
5047 6 5693 874 3728 866 3 45 7964 658 8680 437 2339 594
5048 6 5721 141 7908 0 3716 870 9332 241 932 759 4311 503
5049 3 8387 559 2716 0 2017 -775
5050 5 1246 541 9098 939 8896 405 7064 245 3828 806
5051 4 4963 241 8967 700 7173 479 741 24
5052 3 750 860 7902 677 4964 846
5053 1 1322 805
5054 5 9848 647 4973 -492 4623 131 5270 592 1157 26
5055 5 7810 533 8279 0 7296 559 6187 417 815 134
5056 5 9478 -575 6613 -784 7233 -879 7753 543 3063 209
5057 6 7229 84 6459 65 9374 308 4005 72 7175 0 2241 897
5058 7 3223 558 5003 124 7556 164 5141 -812 9758 327 7141 -612 3956 374
5059 5 6695 600 9974 0 87 0 5982 39 4937 -316
5060 7 4701 -20 3537 425 4845 916 5117 357 6857 313 6570 12 1539 161
5061 3 4433 -129 9910 243 3328 0
5062 6 6499 396 4062 -117 7253 223 8099 436 7377 205 4140 151
5063 3 9249 225 3388 545 4026 -592
5064 4 2738 828 6127 7 8979 69 2211 -987
5065 8 9344 534 7866 226 9911 604 8881 706 6900 -527 7569 -140 9859 801 3778 806
5066 5 5247 947 9402 540 6621 248 5718 -333 2504 -315
5067 4 9299 985 2529 362 6768 36 2872 916
5068 4 3494 729 6465 90 6035 80 1122 -243
5069 5 1401 0 9107 178 5250 563 9187 0 2960 -894
5070 3 6545 48 6736 249 2272 907
5071 7 1934 953 6257 -273 255 -517 9060 -391 6857 413 5252 980 179 721
5072 7 4529 -830 8404 -616 1567 0 7607 -806 8680 580 5825 127 4982 -722
5073 4 9616 107 5606 959 661 106 971 845
5074 5 143 655 5139 300 6314 263 8117 726 1254 475
5075 5 9760 335 2318 -640 5310 657 5287 417 3509 986
5076 6 2338 249 89 435 6764 -382 9757 538 5145 -208 3350 513
5077 4 9427 -863 7045 346 3071 516 3768 277
5078 4 4590 921 4218 938 6671 0 222 101
5079 4 8359 126 3998 917 6033 565 191 -491
5080 3 7454 -686 9933 718 477 693
5081 6 4937 260 1214 923 5289 62 9086 0 6571 -647 4264 0
5082 2 7069 80 4888 97
5083 3 415 -899 4601 -593 2979 194
5084 3 8378 362 4213 0 3694 825
5085 6 8076 734 3155 398 6646 -473 8286 896 3090 -568 4363 71
5086 5 4467 427 6286 94 1214 10 5611 669 4446 0
5087 5 712 151 9828 513 9907 -242 7737 -454 2799 -306
5088 5 6843 393 7354 0 7577 779 7364 -175 3424 239
5089 6 4358 -82 2927 747 2286 781 6128 273 5482 0 2792 100
5090 6 8927 -737 2307 548 6942 -325 4506 710 5411 -208 772 133
5091 4 5478 411 4886 -110 6076 147 2450 280
5092 7 5109 -955 6846 697 5485 -939 4573 606 7098 -364 6269 715 1960 168
5093 3 5299 -414 9690 671 3412 -195
5094 1 3123 -19
5095 5 3654 -169 9139 0 4656 874 5981 -52 4391 324
5096 2 3509 537 4188 42
5097 3 8284 -411 154 361 3920 32
5098 5 4596 433 8536 -379 9294 767 8159 -103 4845 -984
5099 3 1327 864 9706 297 157 -361
5100 3 4350 692 1757 285 4785 40
5101 6 9900 -701 9624 50 2238 -844 5105 1 9823 485 332 -342
5102 2 5723 930 1033 177
5103 3 1702 0 8320 -665 4871 88
5104 3 5767 788 6688 864 746 369
5105 3 9838 274 5101 1 4855 414
5106 1 600 60
5107 3 124 797 5760 560 4270 592
5108 5 6940 113 5877 372 5126 77 6727 301 343 364
5109 4 5092 -955 4518 -522 5654 230 2558 -489
5110 4 7369 274 8386 10 6590 870 2375 -231
5111 3 9277 453 7611 -761 3302 0
5112 5 8731 185 4032 940 2988 329 3106 605 422 -860
5113 3 8684 -441 7412 -511 2856 522
5114 5 2655 -7 9696 78 3307 171 6211 135 1342 362
5115 3 3645 690 6025 129 4334 -777
5116 3 6232 378 9588 66 88 -121
5117 6 8492 704 5994 33 5060 357 7154 65 2544 133 3357 941
5118 3 5678 350 7191 -408 3023 -582
5119 7 5253 -332 2589 452 8564 150 8111 950 9082 996 8056 -580 4180 833
5120 2 5755 -339 1804 -116
5121 3 8165 -699 8097 572 1245 898
5122 3 6788 193 5126 -234 889 290
5123 2 9570 554 737 375
5124 4 6384 602 6055 351 4389 662 3886 505
5125 3 5755 358 5204 -408 4990 316
5126 9 7207 209 7749 0 312 915 5243 871 7360 481 4830 0 5108 77 4302 857 5122 -234
5127 4 7542 169 8345 177 5933 756 1211 -121
5128 2 6127 -937 3566 755
5129 4 9296 -730 6063 -880 3954 -216 4333 58
5130 4 7564 -614 6391 -722 5985 572 1935 -651
5131 4 8974 183 1775 445 3989 723 995 781
5132 5 5793 612 6276 174 2745 -588 7552 -367 4410 699
5133 4 8397 539 1305 672 8768 461 418 999
5134 5 4264 152 9014 650 6210 846 4734 -727 1098 936
5135 6 4887 -972 8596 798 6087 -107 5936 -434 5191 279 2366 422
5136 3 7800 712 6419 101 1257 -64
5137 6 3834 956 2114 842 6666 86 4896 321 183 -28 2828 270
5138 3 4629 -347 5935 700 204 -717
5139 9 1035 -579 3597 -653 9706 0 5305 0 5074 300 8675 952 8066 835 7244 988 4839 -476
5140 3 2154 814 8095 321 889 -690
5141 4 5277 376 1829 269 5058 -812 2495 726
5142 6 9701 0 888 -953 7322 -510 9659 507 9749 959 3282 264
5143 6 946 203 7991 0 2945 4 8943 364 6934 733 2218 45
5144 4 3942 451 4370 637 6129 -704 3967 792
5145 4 2235 995 6102 807 9771 249 5076 -208
5146 7 5355 236 8895 0 8640 54 4250 372 6590 606 9952 6 839 524
5147 4 3871 95 4843 474 2633 0 3191 -195
5148 3 7180 126 7009 -100 1701 56
5149 3 9535 230 9336 745 4911 -858
5150 2 3569 21 1047 -369
5151 2 8030 522 907 900
5152 6 7625 -169 2256 747 7939 303 4573 274 3124 969 3025 771
5153 2 6629 0 3474 946
5154 5 6711 308 1987 -58 6617 529 7018 -28 4326 192
5155 5 2073 444 2820 671 9584 131 7779 483 4986 58
5156 6 1598 351 8203 833 4052 746 9789 -41 6681 -578 291 -665
5157 3 893 198 9260 -526 2024 438
5158 3 4095 606 7608 240 4504 635
5159 2 2235 -738 1251 273
5160 6 6629 616 9819 538 8009 458 7824 -65 5718 204 2539 -927
5161 6 8760 -410 5 0 7545 134 2104 926 7016 67 4988 226
5162 4 4715 -418 3957 959 7136 -640 1594 749
5163 5 35 0 9613 -626 8408 424 7108 84 328 147
5164 4 850 789 5189 217 5182 -612 4095 346
5165 4 4733 723 9400 929 6749 -716 4189 807
5166 3 4971 867 6807 140 4477 -129
5167 3 2857 905 7574 812 2377 0
5168 3 5410 895 7660 -100 180 0
5169 4 9237 -130 5992 876 6737 834 4340 797
5170 2 9266 -906 3542 315
5171 9 5754 230 4591 767 3960 149 1871 586 4188 392 3689 105 5685 837 7962 493 4381 301
5172 5 7619 -165 7998 -436 8942 90 9444 683 4990 -152
5173 5 8387 674 4144 0 733 836 6030 728 3283 -554
5174 3 9863 852 870 188 2354 32
5175 2 4351 -963 757 679
5176 1 4009 204
5177 4 8136 30 9107 116 1191 762 3438 -684
5178 6 3907 434 5936 794 2406 748 9974 -177 6572 868 3344 -308
5179 4 142 0 6368 234 5340 795 1088 -814
5180 6 2805 835 1126 446 6430 -297 7054 -63 7606 625 2720 -723
5181 2 8744 778 1132 581
5182 5 986 364 2917 946 6222 0 9282 255 5164 -612
5183 6 6216 -823 5673 987 7485 -224 6913 593 7340 -369 4361 533
5184 7 5304 0 1069 399 8769 -983 5472 -237 8745 133 6249 522 4973 888
5185 2 8447 434 4847 304
5186 5 6803 582 6477 -709 4075 0 5256 498 636 293
5187 3 7813 338 2483 747 4266 -761
5188 1 1021 709
5189 6 7951 261 135 -631 7696 -386 9387 931 9774 244 5164 217
5190 8 4176 200 6758 0 8811 -762 8615 517 8565 -205 5473 -810 7471 -451 3129 -294
5191 5 6841 496 4692 0 9903 695 6061 965 5135 279
5192 4 1959 289 9980 925 9287 -691 4138 -859
5193 5 8468 -456 5714 329 9376 178 8945 396 3144 -48
5194 3 801 -871 6150 376 2502 -833
5195 7 6184 652 6122 405 7858 960 6431 699 9687 313 7071 434 900 -464
5196 2 8797 -760 1351 940
5197 1 1146 31
5198 7 3363 425 7629 -636 7300 358 3467 -135 9704 -986 8517 462 1729 -150
5199 6 8177 686 3278 267 5824 150 9032 -203 8691 -607 2316 563
5200 5 944 -17 7303 495 78 207 3063 440 2578 314
5201 5 7942 528 1592 470 8901 715 7583 578 3721 14
5202 3 8598 0 5956 -619 212 596
5203 5 5682 182 9363 697 8145 16 7610 419 429 26
5204 6 5125 -408 9007 991 1461 913 8335 387 6032 -208 512 637
5205 7 9305 11 9537 0 198 0 7942 489 8720 -547 9750 474 1673 775
5206 4 7730 -537 7379 -970 4159 -513 1244 -483
5207 5 8146 388 5208 0 8900 -735 8728 -602 4276 413
5208 5 5207 0 9367 723 1499 991 9647 937 1110 58
5209 5 7954 701 7409 162 807 0 8875 0 18 202
5210 3 9137 -602 6709 552 1770 896
5211 3 7896 -674 5880 0 286 866
5212 3 7996 885 1928 0 2751 958
5213 5 3377 243 8367 -847 4180 587 6636 79 4765 18
5214 4 1319 -443 5639 825 5578 467 2807 -361
5215 5 31 894 4441 0 4074 615 8582 0 2771 238
5216 4 7508 909 9248 566 4998 0 2662 840
5217 3 4259 65 5741 -856 963 1
5218 3 1093 829 3998 397 3336 450
5219 1 193 329
5220 1 2033 -842
5221 3 4353 773 9893 -714 3814 -847
5222 4 7461 597 6172 247 6081 0 4240 0
5223 4 8605 993 2971 -607 9837 746 1762 459
5224 3 8630 -403 9644 627 2314 -826
5225 7 2440 255 5861 -51 9719 -957 7892 899 9456 0 8553 65 1537 -840
5226 5 8263 883 6643 234 5046 780 5877 836 41 33
5227 4 1732 157 2724 -854 8306 417 3963 126
5228 2 6345 0 52 107
5229 4 5230 461 9771 0 1385 544 1781 710
5230 5 5229 461 4753 422 2525 839 6143 -494 369 141
5231 4 4532 -474 8809 140 6094 -390 3808 -740
5232 4 6342 292 8943 405 8773 108 3942 824
5233 4 8605 -772 6952 757 1201 -932 4467 549
5234 4 8241 521 7892 519 7556 0 436 676
5235 5 9290 156 3931 639 665 301 5797 435 3659 477
5236 4 2252 926 3969 66 9030 -289 707 880
5237 4 4413 142 4410 959 3394 -535 2935 848
5238 5 9718 242 8541 0 9103 293 7466 381 2856 422
5239 2 7186 267 3681 791
5240 7 333 469 6500 -196 7522 816 6112 -851 8219 -91 7582 -914 3443 42
5241 3 3217 995 8665 900 213 293
5242 5 3586 910 4185 446 9348 676 6430 204 4377 -85
5243 4 5126 871 20 -20 9070 637 2449 946
5244 2 9459 -452 2662 -808
5245 4 1968 991 7882 -225 7382 -431 43 17
5246 5 9538 579 2753 -913 286 -144 8996 812 4839 -603
5247 6 5066 947 5308 672 3322 633 9528 -139 7096 124 591 807
5248 3 1986 415 8469 251 1818 257
5249 5 9522 291 4145 -32 7288 517 8277 966 1340 305
5250 4 5069 563 6234 -34 5502 -981 3079 178
5251 5 7017 28 5833 734 911 -555 6750 -542 2906 -740
5252 4 5491 454 8100 -252 8442 526 5071 980
5253 6 5119 -332 3532 308 4680 -227 8269 384 7717 438 417 757
5254 4 5322 730 646 436 5612 715 4636 725
5255 5 1824 102 4594 916 3531 0 3155 268 5032 703
5256 5 738 -897 6443 66 9014 884 8702 800 5186 498
5257 2 804 525 2577 -281
5258 3 4596 375 8715 -615 4160 631
5259 2 1870 54 1877 863
5260 4 6491 -166 5926 -983 5457 959 2306 198
5261 5 4900 600 835 -348 8562 403 7698 561 488 -496
5262 4 9349 271 7483 -147 8361 -669 815 756
5263 4 9336 209 7851 597 6582 598 731 72
5264 8 4278 0 4964 474 4979 346 4493 246 2348 444 9851 639 5836 -870 2598 108
5265 6 6251 -570 6447 391 3789 651 3505 161 5356 360 4016 5
5266 2 9622 250 173 611
5267 5 9208 -320 3841 374 7723 35 8127 926 4933 -312
5268 2 8782 83 1269 -647
5269 3 7261 448 4875 -866 2328 797
5270 6 8335 427 6421 -656 1431 189 3453 510 6741 832 5054 592
5271 3 7374 114 2163 -319 3475 989
5272 5 6110 862 9096 957 4490 256 9392 984 1844 326
5273 3 5611 980 7833 495 529 -208
5274 2 9236 -901 3782 21
5275 4 6783 777 7338 -47 461 182 59 426
5276 4 5781 103 9970 876 7008 609 1654 760
5277 3 5141 376 6554 744 4846 857
5278 6 7284 -233 3073 341 4850 -950 8500 652 5730 443 2790 488
5279 8 2414 172 357 733 1419 247 2817 151 8735 248 4148 0 6705 616 2690 -742
5280 6 5528 174 7232 399 4559 0 5834 -575 2954 0 1104 752
5281 2 1275 363 3708 0
5282 7 2196 818 4814 680 5657 -263 1374 -375 4931 170 8416 321 4809 0
5283 5 277 400 8248 717 9630 187 6880 1000 3167 48
5284 4 8359 209 5491 -86 5767 295 1962 70
5285 5 6412 -980 4925 0 8376 -697 8501 673 1904 443
5286 2 6826 124 1434 -188
5287 5 4857 1 9045 24 7193 483 7086 169 5075 417
5288 3 5416 482 9206 328 3562 923
5289 6 5628 344 7290 877 3963 282 5081 62 5652 -952 4271 535
5290 4 4373 934 3208 644 6753 830 814 476
5291 3 9768 21 5658 357 3266 310
5292 4 5758 603 6010 670 9224 224 3068 825
5293 2 2563 989 3380 229
5294 4 7494 277 929 555 7437 -998 1264 318
5295 3 2094 547 9893 116 1872 376
5296 6 7946 -134 4968 -588 8418 456 267 611 7170 710 470 39
5297 6 2319 662 3520 575 5366 709 8309 443 7901 602 3020 632
5298 2 4970 -976 2592 417
5299 2 5093 -414 64 992
5300 5 1255 -848 2019 68 2448 689 7537 0 926 906
5301 3 5868 -157 7133 235 1820 801
5302 6 4486 -272 4722 577 1777 -46 2550 -269 7146 592 2890 -83
5303 2 7458 682 4456 -147
5304 4 5184 0 8160 -744 5979 -391 695 -708
5305 5 9819 839 6860 -47 5139 0 4692 358 4655 557
5306 4 8256 -51 7074 228 8020 385 3573 -269
5307 3 8182 815 9297 628 87 -337
5308 3 5247 672 7205 475 480 -385
5309 5 1915 0 7069 -554 6029 882 9797 687 2240 839
5310 3 9530 890 7704 757 5075 657
5311 4 6173 316 3386 -356 6657 705 1568 -427
5312 4 3525 948 5646 -898 3922 958 2117 560
5313 5 6024 -159 5390 588 6707 791 9538 539 450 263
5314 1 3670 -904
5315 5 744 626 9502 -870 8369 860 8347 -984 4352 996
5316 3 7584 58 3429 339 3104 459
5317 4 9552 -332 7666 -456 4668 257 3171 301
5318 3 4956 -951 7839 859 2629 -974
5319 3 9305 0 5707 3 1227 703
5320 8 8103 625 8313 329 4960 601 9821 877 9949 422 5781 -905 4199 637 1911 518
5321 6 2854 979 1549 131 6561 742 7539 -18 6816 921 231 487
5322 3 5254 730 5364 606 4758 543
5323 5 3922 220 8776 0 9302 907 5835 226 472 428
5324 3 7821 223 6518 -392 4721 -32
5325 2 6946 0 381 558
5326 3 7101 922 7815 -588 3428 258
5327 5 1227 132 4333 -770 86 -547 7488 0 1262 -934
5328 3 3716 325 4420 890 1989 302
5329 1 4313 603
5330 5 4605 -857 1415 910 3055 100 5950 -287 4541 80
5331 6 1006 438 8848 552 9940 861 8470 651 5565 491 1211 275
5332 4 3861 932 8082 -973 7564 494 1532 565
5333 2 8133 862 435 653
5334 4 8488 277 9373 410 8887 450 2541 93
5335 7 9692 453 5568 -458 584 230 5972 991 7519 -326 6821 -691 4208 590
5336 3 381 698 5535 -156 1196 245
5337 7 9482 702 7367 654 5012 -633 7158 0 9579 -984 7225 79 909 639
5338 2 41 966 1794 -460
5339 2 5715 991 607 0
5340 5 2767 151 3244 -747 4138 -940 5179 795 3834 219
5341 3 7853 42 8734 505 244 -335
5342 4 9166 -8 6521 958 6235 377 978 -805
5343 6 3218 -895 6662 -666 9945 29 9087 -543 4381 517 4636 690
5344 7 2516 958 2882 763 3038 619 8410 487 8752 -347 8376 0 3223 72
5345 4 9311 980 3193 397 8754 633 1110 -369
5346 4 6054 473 3633 377 6907 715 4094 68
5347 1 3898 762
5348 5 7674 669 5906 372 8734 832 8798 -548 4228 710
5349 5 1507 0 6532 369 4085 0 4202 -260 610 427
5350 5 2301 891 4046 917 5594 0 8594 876 3121 640
5351 2 5965 502 2498 813
5352 5 9555 503 376 0 1821 714 442 -29 549 788
5353 3 7432 839 8126 0 1383 883
5354 6 1770 129 481 -568 3620 919 2529 160 8864 -95 2217 -212
5355 5 5146 236 9961 585 9494 -157 7484 819 625 901
5356 8 6558 616 4264 381 4000 52 3898 640 4680 691 8610 330 6467 544 5265 360
5357 6 6003 0 3395 90 9033 107 8291 621 6220 802 3003 76
5358 3 9871 -114 8387 639 1168 -684
5359 6 9797 -543 7174 432 9516 636 5489 53 4295 548 428 217
5360 8 346 788 9323 57 7277 317 3920 604 6998 142 7489 746 6777 117 974 843
5361 3 2284 731 3318 891 4498 670
5362 3 6639 374 6706 56 4497 0
5363 3 6872 458 9355 423 2053 -330
5364 4 5322 606 7267 643 6529 -425 2925 59
5365 3 4753 293 6505 -701 2861 154
5366 9 854 -286 9488 303 4212 0 8804 510 2154 0 4520 -941 5297 709 6970 308 4723 237
5367 4 8502 334 8410 41 5417 887 1342 142
5368 7 4727 515 6762 157 3359 -983 5472 -685 6122 497 9286 -208 3548 2
5369 8 7964 519 6494 -289 6934 857 8742 -83 2144 463 5781 608 5717 727 2872 33
5370 4 7782 673 3722 585 7290 88 2491 -780
5371 8 1896 473 7071 -653 9179 -162 9933 509 4612 630 7230 805 6125 416 4476 926
5372 2 7475 216 1827 -306
5373 4 620 667 9639 118 7407 -59 4881 418
5374 10 4502 -417 3085 718 2722 383 2101 352 3084 -364 6601 -426 4453 41 8894 882 5563 138 4969 129
5375 5 3189 18 4215 644 2867 -69 9981 466 4497 -274
5376 8 1083 553 7271 366 5653 458 8221 636 8113 898 6804 83 5527 857 620 136
5377 4 953 -470 8850 178 5630 80 443 -694
5378 7 285 762 6539 714 1681 48 6141 88 7234 344 6661 215 3815 658
5379 4 7528 771 8640 0 457 0 3167 944
5380 5 2924 341 8936 372 8246 -147 6260 758 593 -867
5381 8 3684 950 4401 743 1824 341 6054 336 1571 623 3737 580 6562 290 3067 -614
5382 6 499 389 9090 915 2500 -302 1122 983 7871 -34 724 -921
5383 4 8145 -504 7619 105 5791 32 1947 -599
5384 4 2881 727 5602 681 8746 439 1268 370
5385 3 7857 227 7855 686 4164 0
5386 6 9690 468 9802 457 9554 367 5530 328 6588 479 350 797
5387 4 2096 607 628 899 1829 820 4688 -667
5388 2 7658 660 4827 -91
5389 4 8024 709 3969 562 6448 420 2760 -714
5390 7 8457 0 8912 936 5313 588 4751 -921 7654 844 6067 852 113 919
5391 3 6230 -211 9091 390 3243 652
5392 5 8021 -780 1997 -30 7029 900 9420 462 3961 -12
5393 4 188 418 8642 437 5588 111 2307 165
5394 7 9024 526 7226 534 9539 448 680 664 2680 130 8825 691 3423 893
5395 4 4514 95 6655 7 5963 -375 3670 35
5396 2 7487 -93 2882 288
5397 4 769 581 8653 477 7993 465 1876 -728
5398 6 4989 -89 8909 136 8927 527 7334 546 8044 908 917 40
5399 4 4377 477 7804 -945 7664 845 4291 869
5400 4 4895 -377 3983 420 9321 307 2461 258
5401 3 7861 435 3329 701 1442 511
5402 4 6513 157 7417 689 4536 -343 3666 896
5403 4 9933 237 1818 121 6846 -853 840 57
5404 5 8784 392 3482 351 6200 506 7057 794 523 398
5405 6 4625 626 6047 -437 6199 187 4134 503 559 213 629 850
5406 1 2404 508
5407 4 8070 16 8324 -214 6397 -685 2592 -151
5408 5 5829 197 2385 149 7328 522 8613 601 3977 -352
5409 4 773 -890 3552 419 8352 429 1696 546
5410 7 5168 895 7865 21 5979 -126 9148 0 4416 931 7480 -623 2985 66
5411 6 5023 125 3716 -110 3266 798 6856 730 7130 413 5090 -208
5412 6 3450 676 8494 -114 6834 -115 8214 709 5597 297 513 989
5413 3 5602 783 9424 25 798 121
5414 4 4030 -813 9159 -350 6274 397 1384 84
5415 3 4116 -651 4764 270 1087 293
5416 5 5288 482 5975 -989 8793 260 7424 237 1702 816
5417 3 8434 -943 3581 447 5367 887
5418 3 1969 161 5519 0 2113 245
5419 5 9781 -58 8967 507 6499 0 6198 984 3345 840
5420 6 6804 589 418 359 9302 202 1591 840 6963 -595 647 -856
5421 4 7823 112 6930 654 6600 527 1469 476
5422 3 2520 -188 2817 286 4820 889
5423 6 7748 976 7852 586 8475 321 6038 59 3810 -98 53 767
5424 4 2838 0 1588 348 9399 476 3645 736
5425 3 5848 707 1031 -945 4161 738
5426 3 3011 52 8227 937 4427 -760
5427 3 3356 794 8774 588 4304 833
5428 5 2763 -644 6315 -885 9272 8 7049 925 1478 877
5429 9 6240 661 1406 0 3846 741 9402 -167 4357 -74 3867 0 4130 989 7190 699 3139 588
5430 5 8858 978 8581 98 7010 -558 7556 797 3484 839
5431 2 9308 -350 3998 17
5432 3 7417 984 9139 291 2794 565
5433 4 6563 -530 951 412 1506 522 804 215
5434 4 9602 917 8082 188 8690 141 1272 412
5435 4 1280 767 8469 873 9339 -664 4534 -151
5436 3 1944 476 8333 948 243 -762
5437 3 6618 -646 6854 -354 2738 23
5438 5 9043 0 9435 329 7389 667 307 802 4512 598
5439 2 6152 -748 4476 667
5440 4 9351 242 9773 121 6465 33 3489 91
5441 3 8565 338 7589 255 4662 531
5442 4 6732 -420 2535 862 7525 387 4333 994
5443 3 4057 -440 6723 0 3220 649
5444 5 4760 -356 7490 122 6364 879 5506 0 4402 480
5445 2 9606 965 3999 793
5446 2 7530 0 1162 764
5447 5 7680 231 9004 128 7321 27 4309 122 760 932
5448 2 7376 621 2349 286
5449 4 2925 402 9398 665 7216 912 65 -797
5450 3 2815 -36 2494 12 395 85
5451 5 2474 -923 3927 838 4579 -581 9149 785 2769 33
5452 3 7431 -979 7018 988 910 -12
5453 9 8401 200 8644 307 1894 -930 9169 317 3719 -248 5662 -677 8584 -724 5647 0 3580 68
5454 5 4791 502 8024 859 9391 891 8048 697 3833 697
5455 2 7163 -253 22 156
5456 5 1177 352 3426 739 8528 634 9375 675 4484 976
5457 2 3265 585 5260 959
5458 6 8823 668 9785 559 5464 683 7561 799 7253 640 1366 91
5459 3 2815 867 1927 265 2855 766
5460 4 4741 44 9392 837 2800 774 18 -106
5461 4 6852 294 7596 866 6458 75 4222 -939
5462 1 3489 -919
5463 8 4016 -162 5733 446 8476 91 6230 -927 9135 -454 5917 947 6179 152 2143 -366
5464 5 5458 683 2645 205 2318 -176 1938 21 3208 811
5465 4 8113 361 7857 402 6853 -154 519 682
5466 3 3851 -452 6162 -784 2977 848
5467 3 5661 578 7358 512 2697 -280
5468 3 2457 500 6174 57 370 554
5469 1 2627 945
5470 4 7590 -646 4531 575 9986 959 4925 152
5471 5 8411 513 4966 671 8721 782 4474 747 4543 734
5472 3 5368 -685 5184 -237 657 709
5473 7 7277 352 6042 7 1953 980 6922 252 5190 -810 7179 -360 3132 550
5474 8 3340 -199 6980 616 5478 220 3910 242 8633 683 8338 688 6009 -962 406 433
5475 6 4910 -879 8305 751 8486 395 7803 445 5765 188 2405 722
5476 2 6893 663 3056 258
5477 2 9129 282 3113 176
5478 7 5091 411 5474 220 7153 -271 6707 395 7729 301 5821 908 4939 80
5479 3 2808 38 2434 -549 3263 557
5480 2 9234 -897 2194 874
5481 7 3779 668 2628 39 6727 -701 897 66 5902 613 3129 -653 2725 988
5482 4 9345 554 4608 0 7170 35 5089 0
5483 2 2028 0 598 153
5484 5 320 127 6081 22 9524 -766 2419 746 1000 49
5485 5 1655 412 5092 -939 1671 -106 3014 424 1771 706
5486 3 2686 0 6438 143 988 869
5487 4 4887 72 6540 -685 7950 803 3143 804
5488 3 1823 13 4479 -601 1385 451
5489 3 5359 53 7591 705 3888 -612
5490 2 5872 664 583 762
5491 3 5252 454 5284 -86 2877 -636
5492 6 5660 890 5625 502 8448 711 6740 59 5689 390 1439 661
5493 6 5566 350 5557 817 1471 -654 1206 -146 6993 354 282 -6
5494 3 1474 353 3826 420 1722 709
5495 4 7695 737 2947 160 5842 319 2543 -688
5496 2 1615 540 3933 120
5497 4 6197 -510 2032 565 6686 974 2297 -585
5498 2 1823 67 2495 263
5499 2 9007 -67 4050 484
5500 3 8254 -704 6801 675 687 -84
5501 3 934 9 4591 906 1154 530
5502 2 8461 855 5250 -981
5503 3 9785 397 6349 75 3557 45
5504 6 1162 313 9198 0 8378 0 6728 104 6575 850 2570 332
5505 6 8706 280 2452 642 5535 941 1507 370 9609 348 4747 703
5506 5 4139 -879 9331 738 8737 178 4476 432 5444 0
5507 5 5559 202 6498 325 3037 363 7934 -677 4152 557
5508 3 8705 704 6868 348 4317 68
5509 2 7947 -38 3323 350
5510 6 9286 218 844 99 796 59 8461 -412 9533 -286 3929 174
5511 1 3229 61
5512 6 4989 267 1048 -364 6717 26 6687 -318 6241 408 3335 955
5513 3 9420 526 6222 -8 4055 90
5514 4 8673 777 7843 252 7474 538 2246 177
5515 6 644 370 5676 0 6892 113 1178 0 6852 -251 3955 509
5516 4 3576 234 3298 272 422 -338 677 284
5517 4 3624 -205 2926 -307 7793 726 4994 279
5518 6 4474 575 6566 921 7596 165 7591 972 6773 235 4622 -517
5519 6 3842 -326 4590 0 3225 209 5808 706 8587 319 5418 0
5520 4 8039 -867 6210 579 7913 -595 1783 663
5521 7 3499 692 3130 890 9569 578 6328 794 8914 -221 8423 879 4382 660
5522 3 8644 691 7544 17 368 -665
5523 2 9073 283 3596 866
5524 1 2428 -380
5525 2 8204 612 605 -519
5526 3 7083 545 7258 -765 4413 585
5527 2 8587 331 5376 857
5528 4 5280 174 9810 792 8856 269 702 0
5529 5 3273 787 6916 -611 6496 125 9899 0 977 436
5530 2 5386 328 2991 -857
5531 3 3295 506 7515 -227 2364 866
5532 4 1172 867 4190 244 4808 538 872 385
5533 5 3036 130 1289 -134 9786 212 6243 720 1689 -725
5534 2 7761 -195 829 516
5535 5 9412 537 5336 -156 5505 941 5612 -956 2781 58
5536 2 8320 772 1718 237
5537 2 3601 573 1005 500
5538 6 8928 -628 7366 72 8027 -606 8942 483 3945 -273 356 654
5539 5 9352 -427 1887 528 8344 546 3500 150 4732 -935
5540 2 7232 593 1162 483
5541 5 1598 -126 5614 147 6759 521 6182 -752 2201 571
5542 3 9106 -881 8547 190 4544 952
5543 6 7134 547 1620 -956 9679 -482 9634 589 6257 441 3840 -21
5544 6 113 0 521 918 9297 687 6136 -387 6219 984 2612 -290
5545 9 5993 -972 4448 565 9013 4 7700 627 9954 -499 7400 696 7311 418 6921 508 696 -168
5546 4 2465 944 9060 693 4641 831 3170 -479
5547 5 8944 691 8105 765 9449 191 9359 589 2763 0
5548 9 8907 469 3238 -754 8188 830 4192 -662 6616 81 7190 456 6202 839 4337 975 3104 143
5549 5 6311 98 7972 -260 3819 894 5924 -859 2305 268
5550 8 4710 189 390 826 4624 95 8891 25 6307 -296 8221 351 6900 807 2976 142
5551 2 3550 1000 3376 537
5552 2 3763 406 1464 693
5553 6 8804 -401 6004 316 9461 0 9679 794 8348 647 3695 -349
5554 2 5576 365 727 357
5555 5 6834 281 7883 987 1190 411 3634 729 889 529
5556 4 9097 889 8722 695 9777 0 4102 448
5557 2 5493 817 734 655
5558 6 9534 -35 5814 60 2018 -47 6986 490 5681 -434 3113 767
5559 5 5507 202 6377 0 5801 460 8820 0 2877 238
5560 4 2920 435 506 526 4177 749 4753 696
5561 5 2354 -684 9705 216 6797 -342 5776 898 333 552
5562 3 6031 864 8848 0 1107 994
5563 3 9599 170 2567 717 5374 138
5564 2 8340 910 2513 937
5565 1 5331 491
5566 7 5493 350 1435 539 9098 580 8246 -226 9312 677 6695 593 2991 856
5567 6 9728 0 8951 529 5700 622 5568 684 6646 758 2048 -914
5568 9 1533 -65 5335 -458 4123 695 6214 716 5567 684 7307 -624 6806 281 6451 -963 1944 27
5569 1 2056 -3
5570 6 9763 659 7905 458 3184 905 9034 575 4996 773 1741 729
5571 7 4341 532 4121 -245 8643 620 4943 -119 7988 -251 7163 0 223 204
5572 6 7826 546 9583 849 7623 356 8709 708 6978 -579 1481 407
5573 3 8796 690 9994 291 3868 -556
5574 3 6949 370 4948 262 3035 -322
5575 6 9543 535 5997 968 1887 535 6497 931 5827 721 4394 672
5576 4 6673 770 2137 10 5750 70 5554 365
5577 3 1652 326 5836 675 513 -789
5578 4 434 415 2946 0 6333 353 5214 467
5579 2 2224 452 1077 665
5580 7 6140 -624 843 942 2992 291 8223 947 4680 -949 9773 941 4704 -278
5581 6 9202 0 7967 671 7458 -986 7199 242 7090 507 806 83
5582 3 7864 -76 3055 -115 2539 628
5583 6 9851 442 7790 604 8082 810 7741 349 7637 437 805 915
5584 8 4168 517 9077 -269 3815 464 9135 -355 7974 0 5943 219 6167 441 770 727
5585 4 9188 388 3621 -310 7365 600 1995 -918
5586 2 7605 906 905 0
5587 2 6475 134 3995 -753
5588 4 9566 509 7769 -474 5721 969 5393 111
5589 2 3075 604 3370 391
5590 6 6446 224 862 -85 6209 48 4028 226 6415 37 2708 -865
5591 7 7927 129 3467 0 875 -352 9360 292 9648 939 6381 67 1120 -618
5592 4 6801 841 4365 423 8061 944 153 -332
5593 3 8604 334 3609 444 4834 411
5594 8 7171 829 5622 527 9857 -741 6182 471 1132 815 55 -727 5350 0 1859 -421
5595 2 9610 -259 569 684
5596 5 4005 427 1403 -521 7316 -579 7053 161 2565 796
5597 2 7737 230 5412 297
5598 3 795 179 3419 551 208 -29
5599 6 6246 980 7646 650 7885 0 9723 0 7198 -313 1738 45
5600 3 403 935 6025 -537 2489 -115
5601 3 8959 380 7254 906 4296 415
5602 6 9586 488 5413 783 4180 735 5384 681 1802 -64 4040 32
5603 3 7316 537 7231 838 1003 620
5604 5 4389 154 569 0 4571 1000 4063 956 2779 0
5605 4 6435 667 4567 310 9641 261 2197 439
5606 6 9076 299 5073 959 8143 98 7146 -943 8294 -142 3251 720
5607 2 8439 0 4856 303
5608 5 9605 -435 1678 463 5005 321 7645 287 4792 301
5609 5 421 -863 8678 -620 8886 397 9752 542 1647 -490
5610 6 1446 -824 8163 512 5612 2 7981 942 6850 41 2243 29
5611 8 7425 204 6479 282 9920 683 3654 850 5273 980 5086 669 7509 -552 189 -817
5612 8 8149 484 6368 -878 7614 -899 8697 -659 5254 715 5610 2 5750 0 5535 -956
5613 5 569 292 57 0 9872 87 9139 -594 1072 269
5614 2 5541 147 422 345
5615 6 4486 -933 4398 419 2230 782 4386 312 8957 322 4857 0
5616 4 4541 641 7588 445 5843 620 4414 821
5617 4 7069 240 7548 545 5673 105 1616 0
5618 7 5991 -876 9682 -187 1745 884 1673 0 4524 -338 6849 235 4847 126
5619 3 392 600 6628 409 5040 102
5620 2 8992 229 1211 501
5621 1 2041 170
5622 4 7026 881 5594 527 6805 -325 1335 13
5623 3 8544 49 7840 756 3518 -277
5624 2 9141 -583 4790 443
5625 6 4274 283 9569 900 9513 502 8115 802 5492 502 169 -446
5626 3 2604 0 8883 887 799 958
5627 3 4607 0 8215 -920 4514 -483
5628 6 3590 842 5289 344 9280 29 6619 -765 6646 252 323 974
5629 3 3597 936 6013 0 1305 131
5630 6 7495 73 2945 362 8807 -599 1148 -837 9113 793 5377 80
5631 3 6067 869 8014 334 1625 807
5632 8 9754 932 7986 238 3049 0 4546 688 3251 610 9228 469 6406 219 3853 155
5633 7 6615 115 7549 -576 1747 190 5972 -848 9374 665 3055 970 3008 294
5634 7 2127 742 6304 938 8261 -699 8361 6 7878 368 9368 87 1464 449
5635 4 9914 -589 7870 718 7060 426 707 498
5636 5 4697 397 6978 492 8201 273 7627 -221 4343 0
5637 3 332 -143 9628 729 2605 939
5638 6 6466 -604 2896 412 7008 19 6011 -249 5905 0 4760 704
5639 5 6599 0 5214 825 4491 490 9279 -172 535 -106
5640 4 1833 459 7759 985 5961 0 571 561
5641 5 4358 814 4755 -348 9287 794 8551 145 4611 132
5642 4 4674 158 6897 825 9071 -35 4472 -333
5643 6 1630 -866 8574 962 9866 558 8381 899 9032 593 3107 -885
5644 3 95 660 7798 863 380 0
5645 4 7382 943 8125 -442 8689 -713 3374 -340
5646 8 8059 -608 498 340 1829 -146 6721 -122 5312 -898 4111 -260 8425 740 2223 0
5647 4 6902 288 8461 -132 9917 538 5453 0
5648 5 566 519 9536 983 4478 324 7129 584 799 -659
5649 5 8587 696 6848 964 8369 0 7762 35 2936 134
5650 4 7260 987 4088 161 7337 67 1764 934
5651 2 8024 785 3514 -237
5652 5 7546 628 7106 527 8758 185 6643 866 5289 -952
5653 5 9374 158 5376 458 1932 -420 7490 113 3834 -353
5654 1 5109 230
5655 6 9348 630 3983 -923 65 0 8951 681 7224 0 73 -358
5656 4 9308 422 7044 969 7167 0 4927 107
5657 5 5282 -263 2671 611 4299 231 8168 469 4443 877
5658 3 7176 -495 7379 794 5291 357
5659 3 6336 465 6115 636 4670 0
5660 5 2674 96 5492 890 7232 584 3680 -425 2529 -279
5661 8 5467 578 7051 -119 229 581 7113 657 8640 -864 7711 239 8835 630 1704 473
5662 5 8411 -637 5453 -677 6467 -477 8699 910 1434 635
5663 6 9677 505 8626 -910 183 853 6155 -706 7819 432 1430 744
5664 5 1743 333 451 631 6364 713 5881 301 4527 573
5665 7 4924 585 2101 696 8344 -775 6513 170 1813 988 6148 30 1765 200
5666 5 8777 -188 9977 397 9916 -741 7855 -779 303 994
5667 6 6985 103 8308 810 8756 249 3470 203 5747 -571 4655 113
5668 3 2451 566 8304 820 436 695
5669 2 6900 -121 1197 -457
5670 5 1887 504 4954 -100 7934 644 6530 527 1992 453
5671 1 520 628
5672 4 8217 932 3320 96 6829 303 1093 -995
5673 4 5986 196 5183 987 8396 0 5617 105
5674 4 7247 895 6869 956 6523 -518 2905 578
5675 3 4784 664 3572 191 3473 -488
5676 4 1660 338 5515 0 6356 907 225 307
5677 4 3787 64 246 728 7132 597 4128 -74
5678 4 5118 350 3855 126 7569 -145 4915 232
5679 4 8594 -556 6905 933 9629 -52 3972 575
5680 4 6634 294 480 637 6519 -254 4318 410
5681 3 461 588 1832 -364 5558 -434
5682 6 8835 969 4273 304 8082 745 5203 182 807 25 1493 -453
5683 3 6421 -374 8795 -592 104 242
5684 3 7564 149 4278 -871 1939 234
5685 4 4638 631 6338 265 5171 837 4422 546
5686 1 3237 431
5687 8 377 956 5920 796 1667 476 2915 787 8245 -174 8965 0 5890 501 2996 293
5688 5 2537 -929 5690 384 1759 893 2448 -715 2238 -446
5689 5 6032 0 9053 844 6210 327 5846 0 5492 390
5690 5 3272 928 5688 384 4867 434 7668 -610 25 688
5691 6 1438 -254 6678 -535 6966 446 6255 -877 7530 -348 2025 460
5692 4 6116 -607 6859 -16 2376 428 3356 0
5693 3 5047 874 8522 259 2358 440
5694 8 3292 905 9665 89 1602 738 7034 540 2644 452 6143 -517 9524 -185 3116 494
5695 1 2368 -16
5696 2 3621 10 5028 768
5697 5 6666 916 7781 -945 3808 -337 3161 572 207 690
5698 8 9048 824 1300 -251 5839 53 2530 423 693 173 9433 801 7649 -427 2934 363
5699 5 4448 -228 6614 492 1070 -94 2926 284 1814 433
5700 4 2513 -753 5567 622 741 533 4960 297
5701 2 8718 -5 1062 923
5702 3 7241 564 7213 -996 975 315
5703 3 1952 3 717 410 2390 -114
5704 2 7442 870 3317 108
5705 4 6278 -634 738 889 9034 741 3383 154
5706 4 739 922 7059 -117 6667 -260 550 373
5707 5 8743 157 9759 780 8709 533 8694 867 5319 3
5708 3 1866 -81 6896 203 1565 195
5709 1 4715 313
5710 3 7719 511 3152 0 2380 744
5711 2 3983 182 2693 179
5712 4 1996 -290 4050 733 8488 -492 4899 525
5713 4 9631 83 3619 847 6988 -13 946 187
5714 6 5193 329 7721 429 9073 0 9356 -314 8520 986 3461 -227
5715 5 5339 991 2191 -409 7379 381 9069 0 2942 -203
5716 3 2418 120 6217 876 1523 120
5717 4 8457 983 8587 454 9695 357 5369 727
5718 6 6489 -844 7734 -348 4459 110 5066 -333 5814 -872 5160 204
5719 4 8169 -772 6176 291 9835 915 4216 431
5720 1 3960 -997
5721 6 4730 128 5048 141 6797 176 9113 358 9467 -141 5588 969
5722 4 6863 497 4186 853 5768 -282 4951 756
5723 6 9596 746 5907 -280 9269 214 9969 -517 6625 581 5102 930
5724 2 4067 709 4169 492
5725 2 7447 895 1590 -946
5726 5 9922 432 7749 788 7017 518 116 634 3382 -647
5727 2 9717 -990 2059 -292
5728 1 743 987
5729 4 3585 81 4189 707 8946 505 2496 632
5730 3 2707 479 7142 -985 5278 443
5731 4 6640 -235 9975 921 179 188 1105 -172
5732 5 237 996 6130 -267 9947 644 7245 154 2822 93
5733 5 8189 0 5463 446 7185 806 6385 30 803 378
5734 3 7828 -833 8070 0 1061 13
5735 3 1548 526 7824 469 482 359
5736 4 8344 57 7915 -964 6054 286 1327 -433
5737 2 6057 380 4422 726
5738 2 4848 728 4665 -458
5739 4 8754 -977 4839 729 4549 486 3171 -72
5740 2 7817 0 4660 0
5741 4 9744 427 5217 -856 314 186 2242 331
5742 7 7863 -781 1104 770 96 -581 8019 35 7556 823 6878 750 2572 934
5743 2 6376 978 2108 819
5744 6 2937 801 4656 630 2105 -896 2071 -709 8433 -651 3388 997
5745 7 7065 318 4325 976 4529 364 7283 0 9345 44 4560 -341 4973 157
5746 3 7927 -246 9646 438 3930 389
5747 2 7706 -615 5667 -571
5748 2 8468 323 1612 0
5749 2 6095 -60 5026 512
5750 8 6477 353 366 26 9194 619 5576 70 3598 0 9535 672 9089 -77 5612 0
5751 1 3390 -62
5752 4 4931 446 1030 460 3252 620 3905 -822
5753 2 1974 876 1630 858
5754 3 6823 711 5171 230 1336 -758
5755 7 5120 -339 5125 358 6268 626 9441 -329 7004 986 5841 861 3419 370
5756 4 7297 78 4481 789 5955 0 531 97
5757 2 3641 386 980 504
5758 6 6798 200 4603 -757 4793 790 5292 603 9412 763 1491 -984
5759 3 7813 103 9595 259 2468 -798
5760 3 6522 816 5985 264 5107 560
5761 4 1372 -987 7326 500 5911 -748 4167 323
5762 5 3104 97 8742 -584 7525 603 9281 -215 4624 489
5763 5 6876 385 573 159 7154 429 6313 106 1425 216
5764 4 2225 441 7867 329 6956 140 4166 0
5765 3 9353 -332 7867 916 5475 188
5766 4 461 558 5907 -533 8900 562 3166 731
5767 3 5104 788 9171 2 5284 295
5768 4 7154 9 6738 -234 2589 763 5722 -282
5769 3 9882 127 6870 206 2848 0
5770 2 3307 -525 4441 -752
5771 3 5912 504 548 335 260 538
5772 3 6496 763 4123 0 4646 -572
5773 5 3558 151 7212 546 9883 0 9805 -647 2438 -767
5774 4 5948 -343 8103 -594 7896 -129 3335 840
5775 1 4358 0
5776 3 6414 582 4428 -522 5561 898
5777 3 6026 471 8029 896 419 -393
5778 4 7483 203 3242 142 8270 888 2405 -401
5779 4 7562 156 3962 155 3172 267 1381 813
5780 3 4803 694 6810 721 2460 197
5781 8 4888 526 8767 369 6655 468 6843 0 6524 0 5276 103 5320 -905 5369 608
5782 3 8386 925 7845 -590 105 0
5783 2 9150 467 226 -484
5784 4 8256 -461 4994 -818 6786 934 2095 352
5785 2 3636 612 1935 739
5786 3 3482 289 127 592 4256 -25
5787 6 7228 0 9981 883 3273 -78 7031 -675 4752 184 1281 878
5788 5 7689 678 3388 -285 8169 -928 6737 534 3545 563
5789 4 9504 476 3440 514 9578 -222 3389 0
5790 4 7563 963 6008 439 856 0 1233 -96
5791 5 8355 683 2588 594 6028 61 8494 112 5383 32
5792 2 7307 519 251 -896
5793 5 5132 612 8493 150 2680 570 9516 313 4759 624
5794 3 6688 -877 6440 -583 2777 459
5795 4 2144 374 2112 0 8995 -366 883 0
5796 3 3610 -289 9245 577 513 430
5797 2 7955 346 5235 435
5798 8 2733 -214 5937 895 95 -529 3581 0 8752 222 8662 -577 7486 355 4922 533
5799 5 2616 319 4626 676 6913 59 1580 -111 2270 328
5800 3 8535 703 6228 976 1788 923
5801 8 7427 869 9739 704 5990 -601 6316 306 5559 460 1636 304 4063 575 2629 653
5802 6 4020 479 3013 -840 9142 -439 1912 483 8150 -963 592 340
5803 2 7267 -293 2864 975
5804 5 8092 98 3435 -953 535 237 9878 690 62 799
5805 7 1877 -326 1818 467 9703 -69 7292 -846 964 -218 2342 16 106 930
5806 6 8395 -611 4943 84 8604 835 4909 804 8456 455 134 772
5807 2 6906 201 2768 512
5808 6 9733 -172 5909 908 6235 278 5830 861 5519 706 4717 951
5809 4 7292 610 8099 451 9559 -673 1804 582
5810 2 6970 274 3821 826
5811 3 4215 388 8208 -162 3918 750
5812 3 9843 536 3814 -201 3553 745
5813 2 6079 491 2515 480
5814 3 5558 60 7196 711 5718 -872
5815 7 8644 44 6194 415 6020 -742 6038 -496 7522 778 6788 364 3979 133
5816 3 8479 818 8512 479 1542 323
5817 3 2983 758 9808 730 1825 593
5818 3 2208 0 7057 308 3028 694
5819 5 6074 765 4349 809 9851 875 6442 477 1913 -804
5820 3 1949 -299 6465 642 2559 -70
5821 4 3792 980 9011 91 7146 443 5478 908
5822 6 9121 556 9359 -720 1587 413 2796 756 7864 0 1284 992
5823 3 9593 884 1801 593 4176 -386
5824 4 4154 0 5199 150 1187 281 4414 -869
5825 2 8684 -625 5072 127
5826 2 6264 595 1708 935
5827 4 7221 800 2621 0 6754 199 5575 721
5828 6 7885 395 6088 570 9888 588 9206 870 8784 -353 4947 594
5829 8 9150 321 3525 707 2608 -635 5408 197 9572 797 8210 0 6370 545 4072 77
5830 5 961 933 5035 0 5808 861 6767 768 3889 839
5831 7 3147 -773 4359 -175 8484 186 7590 206 2580 -87 4898 25 1272 677
5832 2 526 -623 1927 131
5833 5 5866 -605 5251 734 4465 103 6756 -979 4992 985
5834 8 7917 -489 4582 301 5280 -575 8159 363 6123 574 2134 716 8959 746 3538 43
5835 4 7578 0 6760 -404 6664 611 5323 226
5836 7 1201 -487 6888 839 8111 213 8831 785 4266 139 5264 -870 5577 675
5837 8 9501 847 6826 52 5024 852 7067 533 9038 881 4164 283 9597 5 1830 0
5838 2 9487 -635 4231 746
5839 6 525 -68 9667 -988 5698 53 6430 -673 6134 314 2408 948
5840 4 3810 -856 3603 596 3365 -762 4377 464
5841 5 7988 702 7275 -623 8898 -925 6138 803 5755 861
5842 4 9334 732 4469 -200 9805 374 5495 319
5843 6 6399 146 7357 891 5616 620 9857 989 8994 144 4526 638
5844 5 7579 983 6744 -27 9127 282 1145 734 1658 -886
5845 4 3244 907 9306 408 4555 590 1114 498
5846 5 4552 614 4097 370 9229 955 9047 -811 5689 0
5847 5 2980 0 518 898 7385 -431 24 414 20 566
5848 2 5425 707 1788 303
5849 5 6155 31 451 -139 4727 201 3612 94 4275 154
5850 4 7996 49 9718 611 7211 196 1372 -114
5851 5 8341 822 8841 -999 6483 826 4529 686 2898 631
5852 4 8884 108 9953 68 7200 135 1963 -784
5853 5 6320 498 17 322 3797 -32 7 375 2777 57
5854 3 8573 760 8280 -773 265 391
5855 6 7666 0 9112 319 6348 0 8352 850 9929 866 1391 -409
5856 1 3233 336
5857 4 3316 588 3528 -495 6808 357 2774 276
5858 2 9126 -347 4360 881
5859 5 7742 542 7095 443 2850 762 9141 797 811 -234
5860 6 7699 -793 3451 435 7408 251 567 644 7923 666 2555 527
5861 3 5225 -51 9461 927 4157 652
5862 7 7523 0 7209 -337 8547 450 9686 758 8606 -303 7050 907 1253 519
5863 6 9570 161 7311 181 9751 936 5963 630 7157 757 238 -543
5864 6 9202 0 7433 39 8621 -563 4263 865 7352 87 423 -734
5865 2 7805 51 2810 300
5866 6 5833 -605 206 -380 8908 162 1681 352 9819 92 1225 172
5867 4 2896 996 7042 544 8209 552 707 -688
5868 6 5301 -157 4401 480 4651 828 8159 -538 5022 -623 2730 351
5869 4 2444 611 3334 119 7146 825 4950 962
5870 2 8180 -459 1395 267
5871 2 9925 373 3649 988
5872 2 2723 291 5490 664
5873 4 2693 -191 4031 351 9891 5 4395 -859
5874 6 6070 915 6778 488 4794 -576 5942 970 9832 903 3729 156
5875 3 9266 419 8457 528 192 39
5876 3 122 279 9883 841 511 0
5877 5 8928 0 5108 372 9645 -655 5226 836 3498 -316
5878 5 7610 500 4963 840 8186 966 6085 -801 4853 -450
5879 3 1443 898 505 -95 4691 -988
5880 8 1170 -993 2374 352 6510 178 6315 119 2355 745 8282 964 5211 0 4687 0
5881 2 8795 -23 5664 301
5882 4 7474 -301 4440 39 8736 0 3014 -937
5883 2 4978 0 1248 -769
5884 6 665 576 6139 337 2245 299 8390 493 6879 962 2177 655
5885 5 3882 12 2928 171 4098 969 6896 -887 3175 135
5886 3 6492 911 4530 -278 1383 920
5887 4 879 -386 7759 375 8724 147 2903 116
5888 5 8868 -211 405 -40 4061 434 8099 44 1931 747
5889 4 3332 818 1745 848 8559 421 3829 -799
5890 6 264 894 9720 606 3299 197 7638 -282 6586 700 5687 501
5891 4 6290 627 332 -415 2796 157 3961 543
5892 5 8814 -347 5001 0 6447 -826 1527 186 66 804
5893 1 866 783
5894 4 3333 159 4437 719 8160 40 3854 930
5895 4 9480 480 1917 455 9807 397 2225 779
5896 4 6847 -296 6589 576 7937 768 1976 636
5897 5 3022 -47 7764 112 6806 883 8531 711 453 932
5898 8 3861 358 3884 961 3146 47 6971 175 9310 769 7534 0 6152 -709 2305 265
5899 2 6742 910 4577 304
5900 4 7701 0 7239 906 4913 41 3364 906
5901 1 3248 945
5902 3 5481 613 8079 236 476 688
5903 5 9894 -740 7438 -959 7441 841 7063 -364 1153 337
5904 5 8041 371 9151 -200 9398 -874 6042 -556 3315 630
5905 5 5957 -314 8525 741 1636 -901 7501 324 5638 0
5906 6 350 181 2508 198 5348 372 7772 -802 8175 -120 478 104
5907 10 5723 -280 2694 257 5766 -533 1556 -963 9260 293 6786 45 3227 671 4985 280 1656 608 4742 4
5908 5 2990 827 3343 954 9109 166 5942 253 1126 359
5909 5 1537 650 5808 908 1619 243 7473 891 4361 -651
5910 5 7039 317 9469 275 4386 7 8735 21 4276 -31
5911 4 8796 306 7834 -697 3109 -826 5761 -748
5912 8 5771 504 3306 -194 3334 264 6141 490 3125 0 6030 12 7480 971 4678 -68
5913 5 3156 511 9089 112 4363 976 3984 955 514 227
5914 5 2956 559 7647 344 4965 482 4450 876 2182 183
5915 4 9090 93 2450 458 7708 675 3252 -464
5916 1 4244 889
5917 5 8203 373 8381 962 146 35 5463 947 82 218
5918 3 7945 651 9894 182 3394 722
5919 2 6144 958 1207 979
5920 4 5687 796 6538 516 762 792 3105 587
5921 3 8408 817 2416 -140 2370 838
5922 4 4970 780 171 476 545 468 218 -824
5923 6 4777 -510 1709 -967 4500 515 1034 968 3532 666 769 607
5924 8 2797 624 4700 756 5037 353 8981 535 2372 -511 9251 367 6758 506 5549 -859
5925 8 1956 16 1974 750 8751 328 7428 316 7911 216 6734 787 6103 -379 421 808
5926 2 7399 -557 5260 -983
5927 5 6444 549 3422 -703 7246 683 6489 904 3490 221
5928 4 703 191 8591 350 7747 327 1720 624
5929 4 6807 0 6927 47 9829 189 4236 316
5930 2 8010 708 3511 350
5931 3 6372 683 3358 806 3472 -306
5932 3 1614 -91 7224 127 3571 29
5933 5 2571 290 4999 -853 7354 981 6112 20 5127 756
5934 2 3298 714 824 666
5935 8 3764 -400 8105 66 4112 0 1760 728 5138 700 3920 631 9221 0 3330 67
5936 4 5178 794 8814 169 6665 171 5135 -434
5937 2 5798 895 553 337
5938 2 9141 937 3311 317
5939 3 7514 96 1191 0 3626 788
5940 3 7541 411 8297 921 1615 122
5941 2 3602 494 2419 205
5942 7 2957 -548 6491 -185 1772 352 9393 452 5874 970 7312 0 5908 253
5943 3 2590 663 5584 219 844 75
5944 2 7876 -383 4373 -852
5945 3 4646 0 4984 -405 645 977
5946 7 3027 769 9791 940 7132 803 6414 771 7214 380 8631 96 4019 -283
5947 3 7779 0 8267 173 3355 99
5948 6 5975 -393 5774 -343 3119 254 6428 -633 7190 600 3242 191
5949 4 6870 -183 7469 401 8966 84 1285 -372
5950 7 4950 682 6249 0 2269 890 3017 784 5330 -287 9212 232 4828 133
5951 6 4139 884 1793 523 6030 954 6310 686 7384 798 1169 938
5952 3 4780 174 7924 608 430 489
5953 4 9801 298 2167 141 7039 433 2773 -661
5954 6 7400 334 4520 168 8243 868 9154 490 8578 455 3595 80
5955 3 9312 209 8109 0 5756 0
5956 3 3927 174 6205 129 5202 -619
5957 6 6669 -997 5905 -314 608 0 8304 -658 9499 -523 4150 208
5958 6 632 774 9907 499 3729 955 6699 636 5967 821 4154 0
5959 5 2200 -802 1302 537 3913 684 6590 609 649 156
5960 7 2504 789 6372 819 6221 584 4751 934 6907 40 9378 129 4119 811
5961 4 9824 706 2205 41 6885 629 5640 0
5962 5 7099 0 9968 901 8833 931 7612 923 2027 569
5963 7 7713 176 8230 -157 1203 912 5863 630 9064 267 7398 831 5395 -375
5964 6 4234 370 8748 77 9985 483 7549 161 6236 95 3124 0
5965 3 8596 -429 5351 502 2386 68
5966 8 1713 285 4549 -314 3171 17 9582 -946 8655 535 7815 648 6358 -30 581 -891
5967 6 4995 633 6917 -536 1715 736 6426 -86 6079 364 5958 821
5968 3 2316 -368 2360 173 2152 506
5969 5 8109 680 3697 -817 9556 0 6855 448 607 0
5970 3 9446 824 2540 111 4523 0
5971 5 2213 226 1676 518 8739 -445 3245 469 2799 427
5972 7 2077 68 9412 534 5633 -848 9232 808 5335 991 6141 0 4475 0
5973 6 8775 367 3988 624 7802 70 6014 -854 6124 864 3371 512
5974 4 3700 840 8259 -67 6539 945 2342 243
5975 8 5948 -393 7718 100 2158 0 5416 -989 1155 711 6509 264 6755 544 676 662
5976 2 9001 115 361 -339
5977 4 337 -256 7155 867 7134 -293 3355 -109
5978 4 7381 -467 550 -606 6503 214 859 604
5979 8 5410 -126 165 7 6753 -198 5304 -391 6050 997 6459 178 8183 546 880 814
5980 4 8618 -812 1530 331 3684 0 2219 -804
5981 2 7929 342 5095 -52
5982 3 8935 579 9183 852 5059 39
5983 5 1174 920 6077 -9 3339 677 6850 -460 3299 684
5984 4 7337 255 4757 634 7676 86 156 876
5985 4 1629 -967 5760 264 3988 975 5130 572
5986 6 5673 196 6565 178 8368 366 8828 0 9955 910 902 800
5987 4 8596 772 7942 -926 7244 783 2491 620
5988 4 4771 395 9185 675 9983 978 2242 0
5989 4 8477 958 6287 740 7274 694 1665 -768
5990 5 6413 -119 5801 -601 3984 543 9332 837 4581 845
5991 4 5618 -876 7094 582 6545 111 1370 565
5992 6 7940 364 2167 818 4636 0 1575 215 5169 876 5004 27
5993 7 9852 613 5545 -972 931 627 9055 820 9119 0 3511 -146 4570 -302
5994 5 6611 619 5117 33 8602 770 6473 -919 692 646
5995 3 6044 719 8934 952 485 877
5996 5 9944 119 6684 514 3343 -293 2404 969 207 485
5997 4 5575 968 1005 151 8283 437 1138 715
5998 5 7906 764 2247 831 2334 402 6484 345 1420 643
5999 2 4156 258 959 644
6000 1 2857 690
6001 6 4789 35 9721 504 2502 329 7842 321 9919 603 2714 77
6002 3 8045 112 9261 900 1391 860
6003 3 1334 -806 5357 0 171 674
6004 6 7856 -326 7500 -532 5553 316 8603 212 9143 -256 3039 764
6005 4 7732 185 6997 668 6612 812 1081 480
6006 6 780 165 3465 -283 6810 180 7269 856 9554 -74 4702 704
6007 4 6554 672 8680 841 8458 -189 3261 -145
6008 6 5790 439 1657 100 3279 -172 3973 -93 2482 -143 1194 44
6009 2 6894 367 5474 -962
6010 5 8164 -13 5292 670 7297 268 7235 5 3719 685
6011 2 3175 838 5638 -249
6012 4 2784 239 1129 0 1162 -550 2683 50
6013 4 7131 -926 2013 529 6679 -835 5629 0
6014 8 8036 984 7604 -473 4813 477 6369 -161 5973 -854 4885 134 8938 221 540 621
6015 2 1787 51 3295 14
6016 5 3288 259 327 831 6387 919 9614 241 557 417
6017 5 7614 950 3154 185 6625 712 8110 958 4800 -755
6018 4 7390 864 6136 964 9997 64 2981 -610
6019 6 6528 602 3269 572 1163 817 9951 -769 6904 474 478 522
6020 9 9029 -970 9817 916 5815 -742 9799 352 6767 236 1647 -867 6956 790 2495 975 4107 821
6021 6 921 342 2995 361 2791 253 8920 893 7208 0 3334 -582
6022 5 6202 -832 1880 438 2382 -718 9414 574 357 582
6023 4 3081 746 2944 436 7068 667 2404 671
6024 4 5028 -101 6860 985 5313 -159 1300 957
6025 3 7423 460 5115 129 5600 -537
6026 5 3905 717 5777 471 6794 620 6847 491 2549 0
6027 3 9267 -257 3738 307 4962 596
6028 6 4399 694 4566 -19 5791 61 7483 757 9044 108 526 2
6029 5 6961 493 7312 931 2519 -360 5309 882 872 477
6030 4 5951 954 8238 -604 5912 12 5173 728
6031 3 5562 864 9662 0 4147 597
6032 3 7279 -156 5689 0 5204 -208
6033 6 7351 -46 8909 430 6828 -475 6521 -201 7522 517 5079 565
6034 5 4996 337 572 693 7366 89 8135 227 3287 544
6035 4 6366 860 4215 886 447 214 5068 80
6036 4 2455 297 2453 535 9858 230 2429 -495
6037 4 1015 -205 4811 538 488 575 340 120
6038 4 5815 -496 2022 -668 5423 59 3636 181
6039 7 9834 -458 4379 240 9251 896 6974 765 8524 298 6418 580 4526 -723
6040 8 2283 0 4838 536 1506 -48 4400 947 7451 -181 9314 873 9418 -374 3602 215
6041 6 1717 -855 9304 468 2507 310 7987 483 6587 662 1707 701
6042 5 6972 -149 5473 7 7207 842 8026 0 5904 -556
6043 4 8020 878 7905 0 3836 356 4182 752
6044 5 887 112 7992 506 5995 719 6865 150 2669 744
6045 5 3603 -935 4131 682 8797 -934 8200 48 377 873
6046 3 9937 218 8008 -992 1425 765
6047 5 6643 869 5405 -437 7781 243 6066 135 4804 -674
6048 8 6962 -133 8398 -181 8712 898 8437 201 8320 -896 7931 489 6077 463 1153 -722
6049 2 9550 459 8 -614
6050 4 3155 827 5979 997 2149 385 2620 97
6051 5 1892 -106 4838 730 9766 907 4387 602 682 413
6052 2 6583 -540 4289 -171
6053 3 9502 395 8007 167 3615 937
6054 9 8284 -90 9346 484 9740 122 8469 764 5346 473 5381 336 4973 0 1789 -210 5736 286
6055 5 4955 243 5124 351 9042 595 6594 722 2018 -907
6056 6 6490 202 1766 994 7647 433 9911 360 9263 956 3894 109
6057 2 6073 -625 5737 380
6058 4 6641 0 2015 975 8987 722 2225 23
6059 4 7086 -998 2485 428 2601 432 381 875
6060 3 8217 781 2198 524 1266 -342
6061 2 9813 924 5191 965
6062 1 3373 707
6063 6 7334 593 5129 -880 7859 -760 6561 441 6967 784 3640 -186
6064 4 4948 379 4245 0 9033 -388 384 243
6065 7 373 976 9268 733 9918 707 8855 535 4488 492 8197 -496 928 432
6066 2 8765 326 6047 135
6067 5 5631 869 8162 985 9879 -752 6998 760 5390 852
6068 2 8434 56 3254 -129
6069 5 9668 -426 8935 0 6101 436 9609 90 883 148
6070 4 5874 915 8101 993 4790 514 638 42
6071 5 8010 97 9884 121 8113 998 9348 -369 3164 875
6072 4 3676 320 4261 -516 4309 -124 3901 575
6073 9 9607 785 2135 680 9430 305 7557 -771 6432 373 6057 -625 7912 669 1873 166 2269 969
6074 7 7475 -200 951 591 1807 59 5819 765 7172 90 7030 66 4634 385
6075 4 8363 -451 4209 78 9401 515 3663 886
6076 4 280 686 4263 359 5091 147 561 479
6077 4 1426 0 7047 264 5983 -9 6048 463
6078 4 4228 -239 8096 2 3156 738 1757 594
6079 5 3223 866 7508 323 5813 491 8450 774 5967 364
6080 5 1922 -507 4833 -191 3093 367 4160 254 930 527
6081 9 4740 -387 3540 992 6962 250 5484 22 3776 659 1061 138 5222 0 7913 304 21 232
6082 5 1608 57 9598 -885 4198 296 3897 570 2604 261
6083 4 4761 116 8352 -814 4495 -816 2961 0
6084 2 7404 887 362 -456
6085 3 1239 705 8677 606 5878 -801
6086 6 6410 384 8016 -48 1663 -545 4144 635 7671 8 3968 768
6087 4 5025 187 9523 528 8307 593 5135 -107
6088 8 9938 389 7121 156 1541 444 4699 3 5828 570 8771 950 7692 74 1188 517
6089 7 4134 655 9090 182 1544 164 7294 -554 8319 -228 8711 895 52 466
6090 4 4400 28 6266 -373 8276 143 2491 675
6091 3 7146 556 6601 914 2122 628
6092 4 8835 264 4381 815 6894 99 1432 151
6093 7 8433 -641 7133 779 4233 140 8585 790 8563 736 7111 880 1236 -362
6094 3 9211 -378 2918 105 5231 -390
6095 6 9036 977 1886 772 6700 -91 7055 297 6945 -850 5749 -60
6096 3 6881 -615 6139 458 1298 -413
6097 1 4069 -532
6098 5 3244 140 3849 894 8109 -527 9174 0 2498 891
6099 6 8889 -531 275 310 3622 254 9611 -607 6994 540 2174 493
6100 5 4594 -888 7964 0 6351 469 4761 337 3054 507
6101 5 1880 -797 9950 887 6069 436 9847 571 1029 0
6102 6 8605 588 815 369 2450 -615 5145 807 7313 -275 1188 823
6103 3 4924 -684 7456 728 5925 -379
6104 4 4590 397 7164 150 6674 348 2609 439
6105 3 9008 27 8317 -290 1677 810
6106 4 9707 -436 7611 123 7575 94 2191 229
6107 5 8381 451 7834 970 8481 -809 6146 899 3414 -298
6108 1 1313 -105
6109 3 7408 -511 6648 -387 204 -405
6110 5 5272 862 2104 982 7785 167 7333 0 722 0
6111 3 9534 336 9821 7 699 599
6112 6 6382 472 3072 -53 9999 700 5240 -851 6337 -887 5933 20
6113 4 8628 928 7193 882 2434 902 3216 75
6114 5 9376 451 8624 0 7706 657 7816 -901 3489 214
6115 3 4685 408 4300 140 5659 636
6116 5 5692 -607 9639 154 8728 -122 7220 -136 936 -670
6117 3 6129 718 7236 -887 2108 39
6118 2 9977 448 3015 445
6119 3 8011 -101 7798 -636 1882 801
6120 4 357 867 8993 -837 7842 610 910 338
6121 3 4829 -533 8864 801 2474 804
6122 11 7602 514 7595 0 8031 -121 7038 -343 5195 405 5368 497 9991 364 6869 15 6803 345 6596 -409 4508 -896
6123 7 8163 611 6907 -146 2353 397 5834 574 9318 52 9232 196 2531 538
6124 4 9674 625 9017 826 6432 580 5973 864
6125 5 1040 -362 3270 476 8181 991 6982 880 5371 416
6126 4 2335 672 7073 455 9134 997 2004 -464
6127 3 9425 -907 5064 7 5128 -937
6128 4 9988 -372 8642 607 5089 273 4318 138
6129 5 6645 259 9964 173 6117 718 3236 652 5144 -704
6130 4 9305 785 9606 50 5732 -267 3686 105
6131 5 8536 -371 4290 862 8234 552 4607 -581 831 -945
6132 3 9503 725 8455 526 3568 4
6133 3 7921 224 8957 546 1792 794
6134 4 1143 972 6980 760 6939 525 5839 314
6135 4 9892 -125 8014 -544 6215 713 2040 -973
6136 10 7096 680 3391 459 2255 500 3731 518 8935 0 5544 -387 6018 964 6912 135 6360 133 5024 711
6137 2 5018 721 558 948
6138 4 6310 -851 6402 -370 3521 614 5841 803
6139 6 8218 202 3360 -669 5884 337 3928 781 3933 -184 6096 458
6140 3 5580 -624 6991 793 4059 169
6141 4 5912 490 5378 88 8395 116 5972 0
6142 3 6381 512 2690 264 1360 -790
6143 5 2212 -34 5694 -517 1208 527 5230 -494 4165 4
6144 3 5919 958 8505 651 4563 -109
6145 3 2211 249 9769 808 738 139
6146 4 7912 388 6107 899 8767 101 5010 840
6147 1 1917 -620
6148 5 9241 694 9302 263 606 740 7941 232 5665 30
6149 5 6181 421 8630 -917 2953 610 7319 254 80 0
6150 6 5020 880 7297 -182 2857 296 3596 51 6396 500 5194 376
6151 4 260 1000 4643 376 8558 238 1258 132
6152 6 5439 -748 5898 -709 2186 673 3030 632 7794 441 4385 753
6153 3 5043 998 1610 84 3812 427
6154 5 3040 891 9189 751 2088 565 8251 0 4828 -805
6155 5 5849 31 7984 316 5663 -706 9095 668 4821 -703
6156 5 4382 77 681 -773 8915 -979 4427 679 649 -593
6157 4 8652 149 9119 209 3642 672 2719 515
6158 2 7793 711 1880 -23
6159 4 6629 489 3068 77 7992 652 4980 843
6160 5 7550 -900 59 -941 4320 820 6476 140 2411 908
6161 2 8403 478 2070 552
6162 6 6834 -836 3383 -687 7316 751 7334 0 5466 -784 4398 865
6163 4 6782 987 6593 0 8451 40 1908 902
6164 3 9200 336 9627 -265 328 148
6165 4 3048 -633 6936 -380 2993 -118 1561 721
6166 4 6296 22 8684 -830 6738 0 895 -317
6167 3 9023 -373 6298 494 5584 441
6168 2 2151 946 160 879
6169 4 9050 800 8913 -510 6426 601 771 73
6170 7 8524 833 7137 692 9261 214 6942 244 8103 903 8080 142 2333 320
6171 3 7688 637 8639 -939 4465 292
6172 4 7739 -875 7632 45 5222 247 4492 86
6173 3 7935 65 5311 316 2804 599
6174 3 8274 192 5468 57 3127 198
6175 4 1204 380 7455 821 6590 582 3839 740
6176 5 9243 313 5719 291 8846 443 7708 370 3705 0
6177 1 4479 0
6178 1 4971 80
6179 1 5463 152
6180 3 3967 -337 9782 383 3885 -82
6181 11 6149 421 7819 345 7470 -217 7715 785 7516 66 1938 421 8083 708 7373 609 4620 -47 7536 -254 4886 367
6182 7 3420 552 6936 13 5594 471 7383 -783 5541 -752 7576 421 4640 687
6183 6 1693 -808 3148 -313 9004 907 8845 891 8292 770 289 369
6184 7 6996 612 5195 652 7643 921 3415 787 8609 -392 7135 -615 2440 195
6185 6 610 739 8697 129 7079 -847 8056 -116 2813 0 256 898
6186 7 1278 -325 7622 425 4454 50 2097 943 8419 -839 8380 -90 790 -481
6187 1 5055 417
6188 6 7587 892 8612 0 9607 273 7743 746 7625 734 1044 507
6189 2 6974 -205 3289 73
6190 12 2333 0 9775 822 6900 859 7427 241 9510 842 9843 -140 8754 -391 3665 -173 8371 -438 7482 329 8575 696 3554 188
6191 6 8839 598 7519 42 8674 -536 1822 107 4083 -751 470 -166
6192 6 6822 -136 8273 497 3094 668 8043 469 6867 -712 3166 -66
6193 2 6876 -103 811 394
6194 8 5815 415 298 463 4943 61 3167 -981 993 823 1468 844 6790 679 1255 702
6195 5 7630 891 3435 678 8376 166 9409 131 3938 314
6196 3 320 903 6735 -746 3933 -683
6197 2 5497 -510 4603 459
6198 5 7569 688 9160 768 7829 278 4606 -261 5419 984
6199 6 5405 187 694 779 6309 640 8018 992 7091 0 4014 56
6200 2 5404 506 2213 866
6201 5 9335 -838 7775 -555 9944 -130 8491 14 665 0
6202 7 6022 -832 9664 832 580 742 7455 718 5548 839 9024 -257 4083 233
6203 4 9906 907 6345 -698 6525 809 2481 -37
6204 9 7313 718 3052 88 7984 -913 9852 -417 3776 630 9046 666 8619 739 8597 514 4017 0
6205 4 7530 17 9591 783 8356 420 5956 129
6206 5 4634 536 9748 372 7263 410 950 433 2606 -891
6207 8 7184 -277 3642 252 4930 954 4305 -844 4779 161 6265 -99 7686 522 2071 386
6208 5 8245 -214 4710 715 9177 37 7570 904 2233 913
6209 3 7035 224 5590 48 1632 11
6210 8 5520 579 6992 984 5134 846 9271 16 9711 412 8604 -103 8730 824 5689 327
6211 5 3363 -736 7450 809 8502 672 9049 -654 5114 135
6212 3 3849 962 2920 400 1677 482
6213 2 950 378 784 522
6214 4 9665 -388 5568 716 8162 -334 2209 230
6215 5 6797 753 9108 838 6583 759 9695 -447 6135 713
6216 7 3757 260 5183 -823 3825 398 3040 643 4503 404 7075 -936 1375 933
6217 4 8894 -385 1426 585 5716 876 3432 217
6218 3 1198 -344 8975 -851 308 -259
6219 4 7993 -624 8218 427 9768 245 5544 984
6220 7 4877 273 2912 605 4084 -124 168 -915 4155 32 6883 960 5357 802
6221 7 9190 854 5960 584 9076 713 9185 319 7860 680 6488 -239 773 5
6222 6 9726 918 5182 0 8656 202 8581 -97 6851 908 5513 -8
6223 5 3476 946 863 545 7731 547 74 -862 1262 -992
6224 1 3285 0
6225 3 8563 19 8739 728 4522 631
6226 2 4671 -20 228 899
6227 3 5020 928 7757 0 1408 -544
6228 2 9380 -432 5800 976
6229 1 2562 405
6230 5 9869 -367 401 689 5391 -211 5463 -927 3084 26
6231 2 7520 115 4579 676
6232 5 4091 158 5116 378 8740 -347 7136 -637 3194 731
6233 2 8271 462 442 658
6234 1 5250 -34
6235 7 8629 -913 9078 628 5808 278 1431 -594 4727 -723 7961 0 5342 377
6236 5 4585 -997 6562 782 5964 95 7404 271 1650 566
6237 4 8820 575 6848 -627 7182 20 1607 -848
6238 6 4064 118 723 -121 1511 -707 3024 621 6553 353 195 95
6239 3 4891 187 7586 189 3386 -843
6240 7 5429 661 8299 260 3803 225 517 763 7463 657 8129 -39 2820 360
6241 2 4879 765 5512 408
6242 6 9062 -578 8385 318 1717 92 9711 0 7878 -888 2061 -612
6243 4 8012 367 5533 720 9474 718 1912 420
6244 2 988 844 2030 578
6245 2 9334 -6 1181 309
6246 5 5599 980 998 -617 8533 239 6333 315 1597 264
6247 4 7128 -376 6847 296 9905 685 728 517
6248 2 4213 0 1014 -224
6249 3 5950 0 9000 620 5184 522
6250 3 7073 270 9196 969 3528 507
6251 6 4246 -356 5265 -570 3005 128 7900 817 7439 253 987 941
6252 3 9356 875 2311 820 1362 661
6253 3 6820 352 8568 635 2602 -935
6254 3 7006 157 6826 377 3909 593
6255 8 9908 -428 6334 635 6502 136 3840 0 8170 122 5691 -877 2352 373 2886 -530
6256 6 8893 829 3498 -523 1240 -868 9807 883 9880 38 3273 -268
6257 5 1624 513 7395 327 5071 -273 9301 795 5543 441
6258 2 4779 -356 2520 746
6259 4 3981 650 7320 861 7144 540 1052 908
6260 8 3923 -840 335 59 6927 284 4748 543 1617 287 9298 419 7724 259 5380 758
6261 3 1772 791 9037 0 3014 -966
6262 2 6535 485 3352 -201
6263 5 182 998 1564 0 1553 -550 6530 -756 906 19
6264 2 5826 595 3011 534
6265 4 4356 281 8178 881 6207 -99 2794 975
6266 8 7518 -896 6090 -373 9027 313 2017 399 7615 189 6741 -253 7641 86 1869 117
6267 3 7658 483 1655 0 3408 78
6268 3 9351 207 5755 626 3 585
6269 1 5092 715
6270 5 916 620 9299 945 225 93 9415 -263 2077 434
6271 5 9448 -24 2524 770 2256 37 3220 519 2621 643
6272 4 8829 119 6387 713 7037 -860 647 183
6273 2 7444 291 3191 -587
6274 4 1854 655 5414 397 8048 150 26 738
6275 2 4557 320 3526 452
6276 4 4304 -793 5132 174 9914 844 3808 890
6277 6 3842 -270 4767 498 9971 236 4231 66 7362 -780 921 751
6278 8 9082 -744 5705 -634 6478 8 6425 922 3489 972 7546 -129 6367 -355 2823 844
6279 4 9443 726 8002 743 1717 756 1421 -267
6280 6 9843 518 14 557 8458 116 8183 596 9586 301 2217 0
6281 5 464 733 4668 609 4285 -728 8394 236 1553 -157
6282 2 8427 53 969 204
6283 2 6753 0 4926 804
6284 8 6513 871 7401 743 41 320 2251 161 8779 525 9713 136 7684 -511 1848 -505
6285 7 4936 559 7059 164 8887 432 4573 131 8466 942 6341 14 406 -237
6286 5 6906 46 7928 0 1223 -339 5086 94 189 286
6287 5 9272 610 1250 0 5989 740 6478 622 3259 99
6288 1 508 -502
6289 3 2666 375 4737 33 4588 -766
6290 3 5891 627 7910 879 1789 98
6291 6 3061 34 6426 -841 8975 -151 4531 316 7503 884 3152 0
6292 2 2442 563 2565 181
6293 2 7292 873 117 -112
6294 4 3172 158 1259 -416 8921 562 554 566
6295 4 6719 168 3431 880 574 46 2385 627
6296 6 6166 22 6692 744 8018 0 1630 361 9792 576 3170 922
6297 5 4447 131 6759 927 9808 364 6564 -265 699 -647
6298 3 6963 -666 3873 541 6167 494
6299 4 6416 195 2957 913 9396 23 962 -966
6300 5 8784 633 8645 639 2484 414 2025 -304 529 -484
6301 2 3397 -76 531 -540
6302 4 9376 -674 7920 408 9077 824 1275 308
6303 4 948 -689 9035 625 8525 -63 3622 -8
6304 4 9509 247 5634 938 4934 700 461 823
6305 4 9640 78 2420 490 4145 284 2294 542
6306 3 721 474 6422 -256 1127 646
6307 6 6381 777 8612 887 5550 -296 4231 504 9561 632 1429 555
6308 4 9066 158 6403 -259 9148 912 2856 353
6309 5 7169 765 901 872 6199 640 6713 583 3923 163
6310 11 8578 -724 8313 575 8758 383 7531 705 6138 -851 8775 434 4613 152 5951 686 6552 903 6312 944 3827 112
6311 7 5549 98 9026 138 3142 -20 4672 838 2444 78 7133 154 3496 12
6312 4 744 -925 6310 944 8045 256 3330 514
6313 3 6331 -478 1638 212 5763 106
6314 6 3694 852 6585 -348 9865 -472 5074 263 8944 400 3780 889
6315 6 102 204 5880 119 3533 421 5428 -885 8233 -148 4699 163
6316 2 5801 306 3792 -446
6317 5 6556 874 8917 329 8939 541 6474 -451 3542 229
6318 5 8056 445 6749 441 4104 0 7107 933 627 -298
6319 5 3958 -99 6450 391 4828 789 1299 384 4512 -104
6320 7 732 67 5853 498 7140 459 9095 766 9993 913 8077 1 5012 477
6321 2 7758 -223 2991 -297
6322 4 3097 824 4379 505 7423 55 3542 -937
6323 2 7276 699 824 152
6324 1 3238 801
6325 3 3701 342 6662 456 1927 707
6326 1 3761 830
6327 6 3334 -761 4350 342 8095 644 4969 -824 9643 983 298 -106
6328 7 6441 445 9519 344 8754 901 5521 794 8868 380 8443 -385 211 410
6329 2 158 539 3006 697
6330 6 8940 946 3346 822 9499 120 7972 -959 8574 808 2155 0
6331 3 6417 902 6313 -478 2936 287
6332 5 2051 -288 6889 682 8462 -886 8333 -880 1968 -517
6333 5 2558 708 2892 357 5578 353 8658 29 6246 315
6334 2 6255 635 2872 0
6335 7 9379 -603 8707 977 8008 976 124 204 23 436 7387 -31 617 0
6336 3 3163 59 8496 -17 5659 465
6337 3 4809 0 4703 84 6112 -887
6338 8 4878 28 4874 413 5685 265 9924 864 7710 80 7831 0 7550 433 3021 -873
6339 2 4325 121 1417 741
6340 1 2781 22
6341 3 4282 721 7951 259 6285 14
6342 6 4499 497 5232 292 3918 231 4748 -664 8064 169 524 488
6343 2 3220 -549 888 945
6344 3 34 504 6454 445 1916 301
6345 5 6354 788 5228 0 1612 157 6203 -698 3498 645
6346 6 615 -994 8211 181 9900 588 6495 0 8313 815 4528 998
6347 4 4791 -606 2369 -218 7261 0 329 430
6348 6 8834 -602 510 -448 6571 -565 8613 69 5855 0 2933 0
6349 9 8033 379 3286 880 8651 36 4537 -785 5006 -885 7982 320 1740 -863 8605 26 5503 75
6350 3 796 772 9822 735 3251 226
6351 4 2758 68 6100 469 9064 0 2139 -574
6352 2 7267 657 1144 122
6353 4 8378 216 7670 259 7286 775 3263 0
6354 5 8768 322 6345 788 6890 939 6692 580 115 -42
6355 4 9757 65 3497 75 9480 198 2143 -970
6356 4 5029 783 6913 673 5676 907 2301 272
6357 4 8150 85 6825 -503 9016 161 4364 -544
6358 4 7601 -816 8163 -85 2651 636 5966 -30
6359 8 8747 7 4251 567 8073 976 1216 750 9667 919 7625 172 7912 529 468 519
6360 3 3252 -540 9516 554 6136 133
6361 2 2500 -114 1436 736
6362 7 4928 474 2741 10 8598 384 452 804 8795 719 8517 -612 2214 -448
6363 3 7970 47 6778 294 2659 -511
6364 6 7241 157 4515 549 5444 879 9238 82 6844 200 5664 713
6365 6 2068 783 9384 422 4330 -437 9490 191 6676 532 2703 608
6366 5 3392 -976 3597 -359 6035 860 8628 806 2764 340
6367 3 963 490 7598 91 6278 -355
6368 9 9415 810 7584 -504 3488 155 5179 234 8063 989 5612 -878 8518 560 4201 -897 279 -57
6369 5 4118 104 4545 -148 6014 -161 9018 723 3251 0
6370 4 702 -482 4127 97 3446 338 5829 545
6371 4 7268 727 7422 -393 6913 519 886 700
6372 9 4672 627 5960 819 7450 532 7130 -288 7508 550 5931 683 8480 192 8072 735 4474 362
6373 5 7421 639 4549 905 9366 -949 6903 167 4168 7
6374 2 3145 704 1547 558
6375 6 8162 -388 8333 533 8263 801 7636 797 159 106 1729 387
6376 6 4195 316 4822 -642 9395 450 5743 978 3675 0 4801 714
6377 7 5559 0 6988 628 7243 0 8795 -188 9633 -349 8929 928 1944 -711
6378 4 9789 -249 716 927 9521 335 758 -543
6379 2 7301 -784 494 416
6380 3 1137 -84 9486 16 3284 849
6381 5 7757 18 6307 777 6142 512 6725 875 5591 67
6382 4 6112 472 7147 722 7068 687 4360 463
6383 2 6870 -873 4751 -435
6384 4 2874 0 5124 602 9428 146 3099 464
6385 4 8635 214 7663 196 7353 208 5733 30
6386 7 8857 78 1811 -525 3097 19 3091 363 7286 2 7147 698 2892 8
6387 7 3889 82 3474 994 249 992 6272 713 6016 919 9721 983 4071 135
6388 6 6827 367 1464 0 437 -116 9674 831 1123 890 3975 -533
6389 4 3780 452 6530 63 8830 468 534 -23
6390 3 9950 472 4826 967 1408 314
6391 4 3606 850 8415 218 643 164 5130 -722
6392 4 6579 195 4845 102 9911 763 432 590
6393 4 6682 0 3925 636 1239 161 1427 19
6394 6 7783 52 7982 333 1575 177 6668 -106 9481 250 271 0
6395 4 2621 80 8684 542 8670 -983 2019 637
6396 5 8096 -594 6150 500 9013 -375 7385 344 1604 18
6397 4 1670 559 8939 661 6785 557 5407 -685
6398 4 1643 477 1406 895 4102 299 4539 257
6399 3 5843 146 9890 -875 2059 411
6400 8 8789 991 1188 116 9018 755 8247 955 7700 731 9313 951 9351 0 2009 52
6401 3 9248 207 8422 -436 1625 981
6402 7 8266 88 6138 -370 4163 -894 6765 943 7053 0 7383 545 4049 874
6403 3 4475 -705 6308 -259 4591 679
6404 5 2630 0 8574 -949 4488 -881 7952 534 1634 -622
6405 2 4130 424 2114 -642
6406 5 3619 0 3032 823 3736 331 1270 -90 5632 219
6407 8 1863 829 9208 -416 1618 354 4039 585 3977 211 8229 -77 6610 998 1968 0
6408 7 1038 656 9696 -903 7020 264 8667 799 6950 -31 9110 118 3547 -442
6409 2 7706 334 2640 -335
6410 3 8532 -699 6086 384 4891 276
6411 6 8289 -950 4584 659 3300 96 4389 -421 7373 359 4981 301
6412 6 7520 23 8135 360 5285 -980 8233 942 7623 952 2723 0
6413 5 5990 -119 611 91 8348 759 8377 -278 2579 -991
6414 10 5776 582 3814 481 8792 809 2674 83 9288 855 7351 419 5946 771 8712 -693 6815 95 934 -52
6415 3 7850 635 7700 835 5590 37
6416 7 8807 47 3760 -841 6299 195 7369 450 7642 489 7046 165 1568 641
6417 5 6897 720 202 106 6331 902 1523 -600 777 216
6418 8 9175 970 9735 696 707 634 7498 -125 9404 -321 6039 580 7499 916 1598 462
6419 2 7644 714 5136 101
6420 3 1592 553 7558 510 1525 778
6421 5 4393 653 1513 688 5270 -656 5683 -374 1651 349
6422 3 1753 656 6306 -256 257 -907
6423 4 6828 686 9241 -718 1661 826 1803 316
6424 2 7611 0 1384 690
6425 3 6278 922 9063 21 2169 76
6426 4 6291 -841 8474 385 6169 601 5967 -86
6427 3 8656 210 4525 813 591 -330
6428 6 5948 -633 7173 260 1360 461 3840 0 1536 -495 2297 575
6429 3 7824 904 7723 212 4402 -223
6430 6 4725 858 5242 204 9545 926 5180 -297 8205 20 5839 -673
6431 8 4344 756 166 914 6987 -233 5195 699 4550 589 6742 28 7295 638 1821 561
6432 3 878 928 6073 373 6124 580
6433 2 6945 951 3178 121
6434 2 8859 431 3328 635
6435 6 5605 667 8024 -605 7247 261 7875 0 7102 529 3650 370
6436 3 6830 996 3813 328 4790 329
6437 1 2684 28
6438 6 5486 143 4235 0 891 323 9157 -639 9186 535 4420 -772
6439 4 1805 155 8572 90 9702 674 3276 377
6440 3 7549 -306 7118 975 5794 -583
6441 3 6328 445 9084 -926 780 178
6442 6 7113 -137 6914 338 2037 48 3232 500 6543 -851 5819 477
6443 10 4289 -408 8132 311 255 391 7678 749 7748 125 7167 -723 5256 66 9228 -533 7013 -961 4620 -516
6444 5 4011 193 9527 521 5927 549 7769 516 4741 635
6445 3 4128 -581 8331 -298 4303 393
6446 7 5590 224 8175 245 104 276 9449 655 3708 168 7964 623 4647 -527
6447 6 3655 345 5265 391 9297 -138 8967 48 5892 -826 4171 685
6448 5 4396 93 8442 382 1021 -979 5389 420 3155 76
6449 5 9427 427 274 621 9811 538 7622 -389 1964 -551
6450 6 7746 824 6319 391 2596 649 789 243 8286 505 4537 230
6451 2 9174 -214 5568 -963
6452 3 9178 0 7652 742 61 -596
6453 5 1644 16 4137 798 6561 723 4128 491 697 349
6454 7 8070 939 3542 872 6344 445 9706 555 7614 552 7479 -480 4304 77
6455 5 9838 384 463 885 74 -143 3009 257 4243 625
6456 7 8909 -411 7916 -374 2195 648 8757 38 778 509 9638 83 4896 63
6457 8 1810 861 8802 -224 7923 -185 8644 -591 7448 60 4451 57 6685 871 548 654
6458 4 5461 75 454 569 6609 839 716 616
6459 7 7357 -159 4573 586 5057 65 7945 519 5979 178 7651 -729 2218 768
6460 2 405 -600 3326 49
6461 4 6490 307 4598 370 7465 -602 856 -601
6462 1 3058 147
6463 3 9949 499 6547 1 1563 597
6464 3 7601 307 7482 416 4052 0
6465 5 9703 929 5820 642 5440 33 7215 707 5068 90
6466 4 5638 -604 1105 0 3693 23 856 536
6467 8 6545 937 6707 -589 6848 -939 9653 26 7262 -630 5662 -477 4959 0 5356 544
6468 2 5028 374 2351 899
6469 5 9016 -510 4505 584 8235 401 8599 -950 255 615
6470 3 4362 257 7755 305 4100 682
6471 6 4535 380 9661 460 9992 77 2756 367 7730 898 3024 10
6472 2 3224 393 1444 519
6473 2 151 907 5994 -919
6474 3 7498 0 6317 -451 1092 -109
6475 5 1135 58 9324 158 8854 976 5587 134 3287 418
6476 7 8870 -535 7154 420 9977 -641 9320 -798 6160 140 8950 395 3532 -237
6477 6 5750 353 9403 913 5186 -709 3681 -577 7867 703 3045 365
6478 6 52 655 3898 70 6278 8 6287 622 4386 -480 4860 93
6479 6 9879 0 5611 282 1044 758 4805 929 9247 213 4338 804
6480 6 8767 862 8616 91 7128 709 6848 -681 9801 590 4330 -847
6481 2 8586 -486 3743 -132
6482 4 3724 719 8249 492 9674 633 1112 -879
6483 4 5851 826 9682 -701 9591 374 4295 765
6484 3 2895 271 6619 581 5998 345
6485 5 2260 957 3072 810 9842 -869 7850 625 3158 153
6486 3 8039 276 87 -345 1779 88
6487 4 4234 91 6904 473 7960 135 3620 260
6488 2 4289 914 6221 -239
6489 4 5718 -844 7987 0 7181 5 5927 904
6490 3 6056 202 6461 307 311 -348
6491 5 9747 136 5942 -185 5260 -166 7843 581 527 841
6492 4 8643 -617 5886 911 7873 402 3629 -879
6493 5 8361 -380 7483 443 7752 615 9220 477 3622 249
6494 4 5369 -289 9324 39 6946 -989 51 -196
6495 3 4727 462 6346 0 1855 789
6496 5 5772 763 4339 0 5529 125 6617 343 458 453
6497 5 2638 982 9411 606 6895 326 5575 931 2519 157
6498 3 5507 325 9031 -400 584 457
6499 5 5062 396 7124 -601 8735 186 7153 923 5419 0
6500 5 5240 -196 2212 -723 747 169 8069 -102 4289 958
6501 3 2832 702 4189 733 1032 174
6502 6 9781 1 6255 136 4952 724 8609 284 8943 -144 2758 307
6503 1 5978 214
6504 2 1679 -699 365 350
6505 3 5365 -701 4696 812 2914 992
6506 2 7653 741 1065 0
6507 9 4692 186 6662 -712 8799 266 9509 931 751 797 713 632 1758 -426 7797 -10 4962 547
6508 4 8412 894 6833 302 8669 104 4419 978
6509 2 5975 264 3394 -78
6510 5 1939 -429 5880 178 8661 424 7275 494 4675 668
6511 4 1528 191 4912 -639 7016 360 2441 345
6512 7 5025 499 3942 390 898 905 1285 39 7409 28 26 190 960 -290
6513 4 6284 871 5402 157 5665 170 2613 200
6514 4 6775 802 3390 -374 7156 354 1042 489
6515 2 4214 434 2865 693
6516 3 3680 -880 9731 0 3060 211
6517 2 4169 363 4969 535
6518 3 3687 -427 8543 831 5324 -392
6519 4 5680 -254 3178 766 7905 615 1296 -773
6520 4 2822 584 694 142 7842 0 3627 907
6521 3 5342 958 6033 -201 1541 0
6522 6 9654 -622 507 663 6841 507 5760 816 7739 725 3187 198
6523 6 8411 575 2023 840 343 967 9616 526 6551 -590 5674 -518
6524 7 4603 931 7862 251 5781 0 7379 962 9512 -614 1961 395 629 -53
6525 1 6203 809
6526 5 4885 880 3689 151 6596 589 8107 991 3710 857
6527 4 4659 -774 2070 181 8538 -705 1261 160
6528 7 1415 326 6845 405 6019 602 2990 503 9998 966 7358 0 4526 -678
6529 3 7164 361 7683 351 5364 -425
6530 7 6954 855 9711 7 6389 63 2061 -266 6263 -756 5670 527 4792 869
6531 2 8663 746 897 415
6532 5 7336 972 7107 121 3574 0 5349 369 4274 -793
6533 1 2173 939
6534 6 2687 -802 1888 569 8179 689 220 759 9813 439 4749 822
6535 3 1298 963 6262 485 4583 -316
6536 1 3315 221
6537 4 7243 827 8832 600 4333 186 4254 0
6538 8 8831 -163 1196 -67 5920 516 8822 298 8894 -65 7756 711 6759 -352 2887 45
6539 5 6577 540 8282 499 5378 714 7633 473 5974 945
6540 3 5487 -685 9270 178 5032 514
6541 6 1989 457 4385 0 1299 0 7860 9 7740 14 1856 798
6542 4 8847 0 2800 132 1588 -105 2673 -22
6543 3 7732 -435 6442 -851 2945 883
6544 4 6644 806 4451 0 4613 812 1730 -352
6545 3 6467 937 5070 48 5991 111
6546 3 7235 0 3510 352 3524 188
6547 5 8777 -949 3135 628 228 605 9230 819 6463 1
6548 4 3712 21 3975 -69 8871 -54 228 -586
6549 3 4078 -377 9140 860 1863 227
6550 6 4041 260 4515 -383 8956 485 7739 825 8366 582 3575 -20
6551 5 8607 641 2651 881 1460 628 9957 206 6523 -590
6552 4 9083 256 8311 859 6310 903 2275 455
6553 1 6238 353
6554 7 6007 672 7074 -524 5277 744 1017 14 8890 701 8240 -195 3250 888
6555 3 7539 975 9187 114 1855 148
6556 8 2196 -367 6317 874 3509 102 9389 81 3688 807 8353 466 2738 9 4166 70
6557 3 9773 817 8350 446 3432 483
6558 4 5356 616 7575 196 7353 107 645 -348
6559 4 8207 678 1746 516 8969 40 330 19
6560 2 8242 340 446 673
6561 8 4789 -385 6453 723 7003 778 7532 62 6063 441 5321 742 6999 -933 1182 867
6562 7 8967 202 8599 714 3973 278 4709 860 6236 782 1209 48 5381 290
6563 5 8637 -947 154 932 5433 -530 8763 272 3660 354
6564 11 7724 -492 4879 -155 8256 -489 1745 36 8855 811 6586 908 6297 -265 7048 345 9136 324 8054 -576 2340 978
6565 4 5986 178 8915 732 9762 -322 2010 449
6566 5 4352 435 5518 921 7783 967 9233 977 3196 670
6567 6 3149 112 2348 167 3522 -239 8799 872 7059 -459 1847 707
6568 3 9520 462 6729 -87 2034 185
6569 2 9262 778 3503 864
6570 10 3817 464 8865 521 1884 957 7132 642 4508 205 9496 639 5060 12 8368 414 7440 -800 3301 -522
6571 6 6348 -565 6689 -946 8400 0 9068 125 2760 915 5081 -647
6572 5 1475 826 9531 973 8214 -720 8512 -692 5178 868
6573 5 8417 612 8478 989 7487 827 8039 605 3121 305
6574 5 599 -319 6721 452 7043 301 9879 277 319 338
6575 5 2992 0 555 872 6730 567 9380 -255 5504 850
6576 3 4621 261 4759 -696 5006 575
6577 6 7232 493 6539 540 8540 -761 3548 -209 9748 -814 1642 -768
6578 3 8093 583 9088 640 773 -953
6579 3 6392 195 8490 554 5004 993
6580 5 6820 649 1563 839 212 492 9357 -42 825 518
6581 2 9729 38 489 -842
6582 4 4943 262 7275 93 7729 246 5263 598
6583 4 6215 759 3917 220 6052 -540 943 146
6584 6 460 144 7003 482 9395 682 8135 783 6607 917 3040 677
6585 6 6314 -348 1439 -550 8302 388 839 -637 2255 769 4250 947
6586 2 6564 908 5890 700
6587 3 4892 770 9911 249 6041 662
6588 3 1890 697 9020 -325 5386 479
6589 4 3178 -798 5896 576 9797 725 317 115
6590 7 9664 508 2747 470 8041 -765 5959 609 6175 582 5146 606 5110 870
6591 2 9836 0 1538 863
6592 5 7314 -493 3722 918 1636 608 9210 925 1757 323
6593 6 1652 683 6163 0 9313 352 3013 327 1870 739 380 -222
6594 3 7470 748 4617 764 6055 722
6595 2 7644 177 922 -232
6596 6 201 823 7228 675 6526 589 6987 -695 8657 -793 6122 -409
6597 6 7788 685 6710 574 6598 553 8589 -908 7015 684 4682 576
6598 5 7614 716 6597 553 7460 102 4313 235 4583 117
6599 5 5639 0 9485 436 4449 -69 7584 665 4033 165
6600 4 2904 846 6949 -583 5421 527 178 820
6601 2 5374 -426 6091 914
6602 4 7793 -856 132 264 7789 210 3127 459
6603 2 3946 755 2443 373
6604 4 4665 142 9502 600 1949 -189 3408 713
6605 3 8740 -229 8437 -419 2651 189
6606 6 4619 619 6612 281 9364 -311 8518 -686 7361 289 2429 -931
6607 3 4119 647 6784 -963 6584 917
6608 3 7716 154 9459 -594 20 680
6609 3 9402 528 6789 44 6458 839
6610 4 9493 44 8731 594 6978 954 6407 998
6611 7 5994 619 8961 975 7382 -55 6969 594 3892 340 8845 570 1600 377
6612 5 9019 -680 6606 281 8475 0 9908 533 6005 812
6613 6 9818 202 5056 -784 8785 238 4868 -217 7183 853 1510 177
6614 3 5699 492 6969 691 594 988
6615 3 5633 115 606 0 486 969
6616 6 8516 397 3691 -659 5548 81 4113 165 3884 564 1245 57
6617 5 8899 893 8531 7 5154 529 7025 814 6496 343
6618 2 5437 -646 4490 850
6619 3 6484 581 5628 -765 4427 -995
6620 5 3034 565 2161 369 9439 308 8021 795 1336 286
6621 5 5066 248 8171 985 992 21 7615 843 4738 715
6622 4 7626 556 6996 818 9099 88 993 615
6623 2 9446 -552 4049 321
6624 3 9200 955 5022 620 1249 -650
6625 9 8551 113 4952 897 7801 289 9015 -280 6017 712 931 362 5723 581 7745 758 1508 494
6626 1 971 800
6627 4 9943 86 9767 23 4416 314 2798 256
6628 8 3750 335 7793 0 2493 964 782 339 4289 573 5619 409 4807 910 1030 147
6629 8 6159 489 5153 0 5160 616 9395 143 8840 235 9996 -554 6739 936 1482 552
6630 4 8725 53 7082 -981 9245 980 2579 -681
6631 4 865 308 9348 238 7625 18 2792 -689
6632 4 9211 154 7053 -29 7538 240 2896 -67
6633 3 9150 80 7023 761 1889 236
6634 4 7623 634 5680 294 9200 611 4199 125
6635 5 3980 689 6682 -477 2068 -996 253 993 2905 383
6636 3 1647 209 4312 656 5213 79
6637 5 9907 255 9700 -894 7642 835 6957 0 2500 78
6638 3 7004 285 9366 -627 609 426
6639 5 3147 68 5362 374 2698 159 7265 779 368 -332
6640 3 5731 -235 9555 298 3799 187
6641 6 6058 0 4163 219 3429 690 9953 29 7445 -749 539 -514
6642 5 3486 587 9011 547 7193 41 6859 -86 1925 127
6643 9 6887 292 6047 869 5226 234 8935 -561 9719 0 7673 158 1276 327 7294 572 5652 866
6644 6 6544 806 8777 -473 2324 841 7118 -399 9020 0 3490 -402
6645 5 7089 815 6129 259 8111 47 8964 793 2842 -912
6646 6 5085 -473 4862 672 5628 252 7716 666 9921 148 5567 758
6647 5 7882 208 7672 413 2902 161 2793 542 2642 -719
6648 5 9260 -790 3480 455 6109 -387 8086 -290 2980 -776
6649 3 7290 160 9225 594 1469 -624
6650 6 4258 882 507 -748 7186 331 9713 -892 8669 416 3852 -187
6651 8 9615 308 8417 20 8626 -74 1202 -371 5006 0 9860 -280 7565 44 77 427
6652 2 9781 -288 2252 504
6653 5 7507 0 7288 -573 4331 106 1621 265 182 -147
6654 7 8382 -870 7320 -49 8581 294 3320 216 8119 -235 8206 822 4330 0
6655 5 63 60 5781 468 7411 853 1322 659 5395 7
6656 4 9022 -877 7338 -426 8882 693 4067 0
6657 6 3917 865 9688 -40 4619 -439 9724 688 1943 105 5311 705
6658 6 9563 806 9978 681 2901 674 9025 -90 208 137 918 -322
6659 4 9853 843 3873 241 8475 182 3196 0
6660 4 609 -119 8128 469 7470 954 3120 349
6661 3 7373 -987 119 589 5378 215
6662 6 6507 -712 5343 -666 3072 970 6325 456 8107 515 1281 599
6663 4 7872 0 2587 677 4872 777 705 630
6664 2 8824 203 5835 611
6665 2 8089 -757 5936 171
6666 5 3892 919 5697 916 1672 356 5137 86 3182 668
6667 7 1512 383 6892 -492 3705 348 9925 331 5706 -260 8279 0 1490 533
6668 3 3264 202 6394 -106 2165 -47
6669 5 7126 868 5957 -997 7322 957 9432 0 573 -804
6670 4 6751 607 8527 645 7264 0 3285 545
6671 4 6746 -902 3999 827 7053 -393 5078 0
6672 5 3647 520 9194 -941 7209 695 9181 713 2265 826
6673 4 5576 770 9222 134 4950 891 2705 0
6674 5 2497 842 8508 749 9850 455 8729 463 6104 348
6675 4 8315 358 4485 906 1597 0 1801 454
6676 5 6831 247 1132 264 9186 546 8234 -477 6365 532
6677 2 4686 0 2984 784
6678 5 9367 101 5691 -535 2760 -465 2821 144 1825 -30
6679 3 6013 -835 1906 795 1824 -365
6680 3 4474 1000 8388 719 1946 -713
6681 5 8651 -485 7131 469 8632 378 9845 832 5156 -578
6682 5 590 76 6393 0 6635 -477 6980 -753 3211 -934
6683 3 1556 896 9783 -792 4452 497
6684 4 5996 514 8306 39 4599 575 825 36
6685 8 4545 791 9917 -520 9419 65 8665 519 6857 583 7460 963 7066 738 6457 871
6686 4 9994 873 5497 974 9443 24 3026 867
6687 2 7024 281 5512 -318
6688 3 5794 -877 7820 -990 5104 864
6689 6 2901 189 6571 -946 4792 653 1595 -759 6794 307 4123 353
6690 5 6894 148 8391 535 4653 746 8860 984 3749 725
6691 5 7026 768 7720 -53 4469 -393 2149 103 1248 686
6692 4 8632 942 2732 317 6296 744 6354 580
6693 5 8988 -508 4040 329 9651 476 9612 443 1991 169
6694 5 7882 202 7545 411 8538 -416 9766 949 30 374
6695 4 5059 600 7739 -556 8013 -560 5566 593
6696 7 9227 656 8264 891 8027 864 8848 -329 8810 557 9568 392 1711 -644
6697 4 8412 812 9245 944 8004 440 920 0
6698 2 4670 -866 3111 81
6699 3 7129 205 3837 981 5958 636
6700 5 8920 -285 1182 -773 6095 -91 7174 367 422 0
6701 5 822 -983 7378 -389 77 394 8311 843 2406 -645
6702 4 9282 -475 9535 -707 7992 252 742 983
6703 4 480 857 3848 296 7353 693 2214 -446
6704 7 9598 937 8629 148 9060 491 1768 0 7360 36 7322 884 989 837
6705 1 5279 616
6706 4 8457 380 5362 56 9478 32 2051 409
6707 7 6467 -589 3045 -248 761 -256 5478 395 5313 791 8301 680 2199 380
6708 6 7970 -7 6743 60 9103 398 7024 136 4661 -266 4058 425
6709 1 5210 552
6710 4 4902 837 2499 1 6597 574 2578 165
6711 4 5154 308 3159 731 8454 471 1593 -898
6712 3 2855 -36 7039 836 145 570
6713 2 8138 851 6309 583
6714 4 2373 862 7049 994 2893 36 716 52
6715 4 7928 159 2655 982 6761 184 1390 599
6716 2 8633 -657 2549 886
6717 3 8918 323 7983 871 5512 26
6718 2 7156 573 93 657
6719 8 7559 917 4875 0 6295 168 3325 657 1351 559 7823 853 9920 704 202 438
6720 5 7605 820 9323 857 8820 -977 8201 462 1394 -597
6721 9 6574 452 9738 113 8863 211 5646 -122 7336 256 9081 571 8383 99 6843 107 591 -868
6722 2 74 435 2220 491
6723 7 1414 76 9301 264 4759 446 3446 408 8166 430 7002 226 5443 0
6724 4 2312 483 9841 -406 8314 278 1614 718
6725 6 8398 872 3214 399 1971 811 3940 577 7829 584 6381 875
6726 6 7001 78 7132 322 9015 -120 6944 114 8037 -781 4873 612
6727 5 8809 646 5481 -701 4149 663 9528 920 5108 301
6728 1 5504 104
6729 6 2785 699 1532 -105 8620 0 326 -237 712 843 6568 -87
6730 5 8091 -238 7626 364 4213 786 6575 567 1186 252
6731 6 4942 -598 3906 930 7912 379 9254 -907 8204 783 1181 -140
6732 4 5442 -420 4912 280 1707 173 4236 -585
6733 5 8422 610 9983 168 8819 31 7854 -971 4461 169
6734 8 2873 209 7038 -45 9162 70 4633 928 6790 322 9638 -947 7407 89 5925 787
6735 3 6196 -746 8076 577 3101 466
6736 3 8708 -323 8158 871 5070 249
6737 5 856 983 7892 -260 5169 834 7766 783 5788 534
6738 6 3054 309 3768 63 5768 -234 3628 641 7271 428 6166 0
6739 5 1936 958 7048 894 9068 95 6629 936 3274 -385
6740 4 7772 615 9927 -334 8544 500 5492 59
6741 5 2609 94 3098 548 7105 -730 6266 -253 5270 832
6742 7 9875 440 8380 -131 2495 209 5899 910 6431 28 8385 -75 1736 -111
6743 7 788 135 7010 704 8527 610 8129 122 6708 60 2825 78 2827 685
6744 5 5844 -27 8775 27 9253 473 2665 732 1987 48
6745 4 8325 930 9290 748 8012 -349 1098 337
6746 3 6671 -902 8964 133 1664 555
6747 7 4372 707 3727 -466 8859 280 7123 903 4975 0 7268 385 4800 123
6748 5 6831 -895 9851 -615 2586 294 7325 -852 3617 -333
6749 4 9893 891 6318 441 8919 887 5165 -716
6750 4 9331 721 9870 658 8665 -858 5251 -542
6751 5 3950 -530 6670 607 8085 183 4475 887 4013 236
6752 2 8549 678 1758 297
6753 4 5979 -198 9125 988 5290 830 6283 0
6754 4 7068 -996 1276 661 5827 199 1560 306
6755 2 8983 908 5975 544
6756 7 2717 13 7957 133 8966 43 3426 -952 9094 776 8206 42 5833 -979
6757 1 1093 587
6758 3 5190 0 9621 -569 5924 506
6759 5 7386 -388 6297 927 5541 521 8913 169 6538 -352
6760 3 2402 -178 9557 -315 5835 -404
6761 5 3757 934 9651 799 9262 717 2265 961 6715 184
6762 3 5368 157 966 616 1279 -376
6763 3 4488 189 429 0 1977 238
6764 5 4017 -511 1671 -222 5076 -382 9670 817 4858 470
6765 2 6402 943 2629 -811
6766 4 8305 279 2777 729 6827 -81 1258 910
6767 6 2350 817 4268 90 9890 -261 6020 236 5830 768 2931 741
6768 4 1283 460 9467 -739 4989 515 5067 36
6769 7 1549 842 1385 486 1024 447 7061 95 7385 -739 665 53 247 274
6770 8 3918 529 9167 -709 8240 874 9081 685 7934 826 8641 -440 9913 797 4396 282
6771 6 9037 887 6823 63 218 -457 8747 -82 7721 863 994 513
6772 1 3205 0
6773 2 1335 124 5518 235
6774 3 9599 -266 9318 -269 547 785
6775 4 9362 825 6514 802 8869 72 2145 -83
6776 2 7105 628 4015 326
6777 4 817 724 3366 313 7449 252 5360 117
6778 4 8018 941 6363 294 5874 488 3129 519
6779 5 8229 254 5017 503 6964 -886 7710 -540 4114 -887
6780 4 4640 -176 8819 177 6830 127 373 287
6781 4 211 281 7256 -600 9777 242 3587 628
6782 4 9663 168 6163 987 1729 256 3202 207
6783 6 7018 930 5275 777 4515 -57 7726 380 9051 524 1806 -763
6784 4 9849 391 7648 510 7557 -267 6607 -963
6785 3 7303 711 7995 47 6397 557
6786 3 9246 958 5907 45 5784 934
6787 5 4149 800 3071 496 7087 215 9044 796 2417 912
6788 6 4026 100 5023 -922 5122 193 7183 20 8187 953 5815 364
6789 5 6989 -992 7711 710 9248 781 3755 371 6609 44
6790 3 8360 50 6734 322 6194 679
6791 5 7975 167 2304 -628 8152 24 8531 -593 35 104
6792 7 8916 918 8107 -357 9083 58 1190 30 9732 373 8116 194 2996 326
6793 2 2855 33 3770 868
6794 8 1922 794 8042 360 7389 -233 4700 82 2884 0 6026 620 3350 -593 6689 307
6795 2 7677 471 3951 -524
6796 5 7087 529 1550 984 9158 517 8831 0 2572 665
6797 8 6215 753 1628 155 5721 176 8589 -957 4117 -499 7235 114 6944 -38 5561 -342
6798 3 5758 200 932 68 48 199
6799 3 7484 656 2310 -169 354 461
6800 3 1529 -289 9610 -526 3928 849
6801 8 4092 173 7676 0 5500 675 9013 447 5592 841 9190 883 7337 514 77 862
6802 2 8589 500 2391 259
6803 3 4521 924 5186 582 6122 345
6804 6 5420 589 2449 7 4131 14 8134 -70 8067 878 5376 83
6805 3 4975 145 8554 308 5622 -325
6806 4 9086 818 5897 883 5568 281 2238 210
6807 5 5929 0 7229 919 7780 63 8324 706 5166 140
6808 4 2332 -667 8659 811 3225 773 5857 357
6809 3 2763 453 4363 -449 4706 410
6810 7 9500 755 4713 335 6006 180 7408 793 4134 0 445 -227 5780 721
6811 2 9945 -997 771 2
6812 2 9355 106 2930 571
6813 5 4926 403 7303 40 6907 -62 9551 87 3579 -437
6814 5 7261 -438 9364 -642 4568 -565 7257 -346 1314 -919
6815 3 3187 278 7639 204 6414 95
6816 7 2171 789 6958 -705 4232 -847 4654 561 4940 -597 7491 43 5321 921
6817 5 6903 542 9373 283 2797 -377 7993 109 2920 332
6818 4 8931 0 9391 540 1328 456 2608 151
6819 5 8671 -347 7016 169 4609 -99 755 581 4685 106
6820 5 6580 649 6253 352 8306 449 9481 219 34 612
6821 3 198 880 8532 306 5335 -691
6822 4 3572 0 6192 -136 7962 479 2165 781
6823 6 5754 711 6771 63 4701 737 7138 -546 3940 813 5030 646
6824 6 1014 763 8880 593 7555 137 8540 -989 9898 541 3593 -403
6825 7 4210 716 3670 63 7074 273 7653 325 6357 -503 9821 -400 843 0
6826 9 8473 865 5837 52 7791 956 2888 194 8171 0 8728 456 1893 6 6254 377 5286 124
6827 8 9533 898 6388 367 1935 843 2746 594 8504 214 9485 933 7826 97 6766 -81
6828 6 3275 853 6033 -475 6423 686 777 217 9576 -120 3005 -619
6829 4 9509 543 3015 -351 7005 -168 5672 303
6830 3 6436 996 6780 127 3432 438
6831 7 6748 -895 2618 236 6676 247 4273 -373 8401 -410 9349 494 139 926
6832 6 4777 363 4095 383 9700 0 4080 -267 2509 -843 1355 566
6833 4 6508 302 7582 -197 8530 -52 454 258
6834 6 5555 281 8665 146 6162 -836 2048 663 5412 -115 4065 -833
6835 4 755 -212 8668 -105 1593 606 47 731
6836 2 1095 176 3128 581
6837 3 1590 -677 9340 699 2525 -940
6838 4 2100 84 9955 975 4577 167 3670 680
6839 3 8213 -569 9670 449 1183 148
6840 3 6902 0 7381 47 4061 441
6841 6 7740 10 8932 510 6522 507 5191 496 7044 442 4433 34
6842 5 4803 -931 3711 -456 487 147 9037 761 131 -264
6843 8 2581 654 5088 393 9742 433 5781 0 432 -872 908 0 1580 -657 6721 107
6844 4 7921 186 2208 -786 4830 259 6364 200
6845 5 6528 405 9675 776 9632 85 9472 514 1844 -179
6846 4 5092 697 3626 -79 9058 179 5403 -853
6847 5 6247 296 5896 -296 9597 851 7020 668 6026 491
6848 10 8085 -377 3491 -768 6467 -939 5649 964 533 781 6237 -627 2185 708 9971 0 6480 -681 1490 200
6849 2 1027 252 5618 235
6850 4 8806 459 9360 -183 5983 -460 5610 41
6851 2 2532 708 6222 908
6852 2 5461 294 5515 -251
6853 2 5465 -154 1793 220
6854 2 9456 177 5437 -354
6855 2 8365 -646 5969 448
6856 5 432 766 8645 0 5411 730 8492 496 1183 655
6857 3 6685 583 5060 313 5071 413
6858 4 3248 216 3388 386 854 -342 394 106
6859 8 4535 293 788 912 3009 749 8293 746 5692 -16 8642 4 7794 304 6642 -86
6860 5 9403 -944 6024 985 5305 -47 1513 490 3049 -215
6861 4 3462 -153 8598 212 7317 474 4174 824
6862 4 8835 123 1705 649 9566 178 5039 -933
6863 10 41 722 7735 -469 9424 -639 5722 497 9465 -32 2033 -384 7625 168 9788 -642 9812 168 2193 0
6864 4 9581 -94 9399 -723 7509 473 1136 12
6865 4 7637 9 9417 0 1198 -54 6044 150
6866 3 4324 305 9032 -918 214 289
6867 4 4686 396 7356 691 9252 -379 6192 -712
6868 5 3164 -562 9831 319 9412 17 91 494 5508 348
6869 8 9830 0 3226 628 5674 956 6122 15 7543 -557 792 -823 9776 -195 858 -806
6870 8 6383 -873 7737 764 7763 0 5949 -183 7769 467 2595 268 8339 413 5769 206
6871 2 9043 -284 2026 -81
6872 5 8659 0 9908 324 5363 458 7214 202 1880 -145
6873 6 8157 291 9946 645 2960 -195 3494 0 2059 0 378 -520
6874 4 4452 198 1794 769 3164 128 4933 670
6875 4 9631 347 6974 -736 7008 399 2149 422
6876 6 5763 385 7957 251 6193 -103 3406 -456 668 791 3874 999
6877 4 9470 -808 4270 271 3629 274 301 478
6878 5 3551 281 8044 566 7841 454 7543 525 5742 750
6879 4 2849 284 9029 180 8078 -96 5884 962
6880 5 7953 -405 8268 0 8203 -608 9666 679 5283 1000
6881 3 8300 57 7555 358 6096 -615
6882 2 8612 230 3930 226
6883 4 4312 -373 4569 588 6897 733 6220 960
6884 3 4312 480 8283 502 952 -344
6885 3 3594 -899 5961 629 4889 434
6886 4 800 945 858 -366 4305 719 202 -850
6887 3 6643 292 783 957 1318 223
6888 3 5836 839 2315 439 3356 542
6889 5 6924 0 6332 682 9518 615 8080 -847 3476 -67
6890 3 935 -444 7674 349 6354 939
6891 5 8517 214 8763 -770 7786 289 3979 428 1972 -781
6892 5 7832 280 8968 -955 6667 -492 5515 113 2850 831
6893 5 3316 -315 9405 750 5476 663 9083 -754 3828 -56
6894 7 8711 -216 6690 148 6009 367 4910 219 8071 313 8180 160 6092 99
6895 4 7739 -474 6497 326 9290 -179 4915 804
6896 3 5708 203 9167 834 5885 -887
6897 5 7468 -498 6417 720 5642 825 6883 733 2583 369
6898 8 6906 411 1043 728 4493 -595 9748 137 8649 -862 9650 650 9369 -60 5026 805
6899 3 47 -863 9410 693 4283 400
6900 9 9941 144 1974 -658 6190 859 2569 869 5065 -527 5669 -121 8482 663 3432 -673 5550 807
6901 2 3331 214 1672 -588
6902 5 8279 751 8763 -265 5647 288 6840 0 2082 320
6903 4 6817 542 3976 -862 749 474 6373 167
6904 2 6487 473 6019 474
6905 4 5679 933 4758 319 8661 379 1941 330
6906 5 6286 46 6898 411 8147 -374 4189 0 5807 201
6907 6 6123 -146 6813 -62 5960 40 476 -755 5346 715 2665 726
6908 5 8812 805 7839 0 4091 354 3274 802 3002 129
6909 4 2580 189 9285 163 9230 983 4194 627
6910 2 9802 773 4554 268
6911 6 9546 100 2307 80 9353 -723 9053 533 4768 461 4299 360
6912 7 9483 -854 7788 -69 7672 156 9285 346 9989 846 7680 226 6136 135
6913 8 6356 673 5183 593 1437 -650 2143 -410 5799 59 3049 267 7784 571 6371 519
6914 7 6442 338 8082 332 8929 547 3651 166 8486 -509 8527 -213 4059 506
6915 3 8872 884 1771 -969 1426 -977
6916 4 1246 197 5529 -611 2365 716 928 64
6917 3 8121 -459 5967 -536 2447 541
6918 6 4463 -329 773 808 9756 82 9419 -25 9311 851 404 -898
6919 4 8726 557 7577 714 9374 320 4590 294
6920 6 1561 427 2376 414 2196 -604 9856 962 8414 685 4771 937
6921 2 8168 138 5545 508
6922 7 9849 -852 3145 892 3880 -431 3812 -297 3250 208 5473 252 1189 796
6923 3 3445 -29 8391 154 1087 906
6924 5 9357 710 4959 327 6889 0 9759 858 1752 15
6925 6 9849 0 9894 987 8291 857 7996 659 9342 18 4211 0
6926 6 2985 177 8253 293 9971 605 1700 52 8592 -624 2753 395
6927 8 6260 284 7799 901 8874 -514 5929 47 7282 0 5019 -517 3859 823 2303 0
6928 2 9542 0 2970 -346
6929 3 3550 -888 8833 580 2234 187
6930 9 8055 786 5421 654 9462 -47 9553 89 4375 9 2571 -316 2514 625 5009 508 1713 332
6931 5 9292 306 200 -1000 7910 333 8819 169 4407 983
6932 6 4635 309 8930 832 7627 -793 522 0 6949 0 227 670
6933 4 7182 90 4623 -378 6991 963 1069 -212
6934 5 5369 857 4329 -323 2383 174 5143 733 3256 653
6935 1 3785 144
6936 6 7043 475 8033 -91 6182 13 7825 -192 6165 -380 1220 716
6937 5 4933 166 3620 280 8591 343 8383 884 448 993
6938 2 8065 234 2701 242
6939 2 7568 -808 6134 525
6940 7 5108 113 4469 738 8842 323 1909 328 4571 296 7355 298 3132 -269
6941 2 8863 675 2585 -981
6942 6 8778 884 6170 244 3240 931 4751 87 5090 -325 859 18
6943 4 1092 851 626 -613 9696 -953 2919 680
6944 6 4884 351 3975 439 9737 364 4320 -689 6726 114 6797 -38
6945 6 7545 -909 4651 254 6433 951 8252 786 9934 313 6095 -850
6946 6 5325 0 4244 617 413 767 6494 -989 1389 16 2545 0
6947 3 618 25 2923 466 3020 432
6948 4 4919 -891 8806 576 3361 -898 2820 791
6949 5 6600 -583 7937 473 5574 370 6932 0 4702 849
6950 6 7667 624 8819 438 6408 -31 8300 132 7956 325 1564 -752
6951 2 8926 0 1018 -973
6952 7 5233 757 9178 -245 4957 227 8293 -110 222 559 7251 583 687 287
6953 3 7711 -378 4937 724 3891 287
6954 5 6530 855 7534 700 4765 560 8770 960 3581 -580
6955 4 7858 398 8276 0 7689 940 2256 240
6956 5 5764 140 2217 -22 4898 926 6020 790 1206 -713
6957 5 1163 612 9114 357 7589 169 8247 -863 6637 0
6958 4 4968 983 6816 -705 9442 371 4736 123
6959 6 3674 268 8798 -131 1768 267 8909 818 4281 302 4671 902
6960 3 9620 566 3353 -911 3458 -263
6961 7 3974 -170 7957 869 674 758 6029 493 8598 931 7613 -254 1204 591
6962 5 6048 -133 6081 250 8483 48 8215 -121 3832 538
6963 3 6298 -666 5420 -595 1752 722
6964 7 3875 673 8699 30 6779 -886 8873 675 8048 596 637 323 1260 256
6965 3 3569 195 8245 491 3347 986
6966 5 5691 446 9759 -40 4124 -782 9561 365 4191 772
6967 3 4248 261 9370 504 6063 784
6968 2 9794 418 1218 -229
6969 11 8007 305 1656 164 5046 850 7402 421 240 411 6611 594 8172 -289 4896 164 4752 174 6614 691 378 974
6970 4 5810 274 7914 -859 7799 -113 5366 308
6971 8 5898 175 9160 746 7073 124 9304 682 2943 -358 9764 687 8384 665 2241 594
6972 5 6042 -149 8681 73 2170 -487 9162 344 2235 -112
6973 2 8942 600 2913 -580
6974 5 9524 12 6039 765 4509 131 6875 -736 6189 -205
6975 4 1023 69 3991 552 3409 487 718 232
6976 3 556 394 9109 408 1122 -948
6977 5 9713 182 4120 -689 8430 -557 9981 767 557 348
6978 10 5636 492 9289 568 9347 795 9364 80 6610 954 7101 6 7232 990 7962 213 7139 451 5572 -579
6979 5 7410 0 9640 653 4905 25 7709 208 4800 885
6980 6 5474 616 3667 85 2249 432 6134 760 7731 317 6682 -753
6981 6 1519 57 7410 -377 2068 409 8493 140 2160 -254 2122 569
6982 3 1631 -691 9280 -601 6125 880
6983 4 3445 0 4318 321 8313 -814 270 590
6984 2 9004 416 3461 700
6985 10 4028 -683 705 56 5667 103 4602 0 3862 196 8926 448 8510 535 4855 0 9703 901 1787 346
6986 1 5558 490
6987 6 3439 0 6431 -233 9268 -432 6596 -695 3192 411 2925 -687
6988 5 7791 -279 6377 628 5713 -13 9102 579 1721 573
6989 2 6789 -992 2158 820
6990 3 4891 729 9397 679 959 594
6991 4 1463 81 7774 -182 6140 793 6933 963
6992 6 7502 291 4722 88 3259 342 6210 984 7856 799 3290 -850
6993 6 9557 431 9212 302 9949 568 5493 354 8051 579 2833 719
6994 3 9967 -934 6099 540 3028 215
6995 5 7816 -494 53 622 7838 -983 3072 863 3833 -715
6996 6 6184 612 8183 0 7129 190 8148 34 6622 818 2213 -559
6997 1 6005 668
6998 4 5360 142 7331 280 9922 558 6067 760
6999 4 9971 0 7636 835 7953 -915 6561 -933
7000 3 7023 316 8636 349 2703 -795
7001 6 6726 78 2157 25 572 97 1512 525 1003 888 1322 184
7002 7 436 38 7417 777 8885 964 8042 656 6723 226 8957 1 1309 910
7003 3 6584 482 6561 778 2642 144
7004 3 6638 285 1225 -502 5755 986
7005 6 8830 -923 9985 62 2076 475 7119 749 6829 -168 522 230
7006 5 6254 157 9729 -640 9660 601 8717 -982 821 653
7007 5 4552 -412 4197 799 4218 951 9348 556 506 863
7008 7 5638 19 7514 -293 3101 823 6875 399 9489 515 7767 -131 5276 609
7009 3 5148 -100 7231 41 3389 693
7010 8 6743 704 4347 603 7355 21 570 885 8609 110 8751 -633 5430 -558 3500 106
7011 2 8269 -777 3691 346
7012 3 2383 847 2821 -819 1099 269
7013 9 2937 743 7951 -824 2714 204 1808 612 3321 193 6443 -961 4303 -469 7192 324 3989 153
7014 4 8969 626 745 891 8228 71 3042 140
7015 3 7201 847 8421 492 6597 684
7016 6 7976 -518 6819 169 5161 67 6511 360 9418 413 509 186
7017 4 7059 520 5251 28 5726 518 1280 785
7018 5 6783 930 5452 988 2716 923 5154 -28 2848 286
7019 7 4043 180 8552 777 1969 533 9033 -834 8529 185 7421 23 1056 141
7020 7 7373 44 4516 826 9172 0 6408 264 8566 867 8139 -252 6847 668
7021 4 725 647 7079 838 4601 816 4784 839
7022 4 7108 -647 3593 -170 7196 83 115 449
7023 7 3036 -628 600 581 7510 973 7099 -938 7000 316 7320 35 6633 761
7024 4 9265 334 6687 281 6708 136 4467 788
7025 5 4411 -168 3389 0 6617 814 8163 904 2503 662
7026 6 5622 881 6691 768 2665 782 7754 783 2195 756 4094 179
7027 2 7099 0 4131 169
7028 3 9375 -761 4979 0 1083 -394
7029 4 9465 913 7633 85 5392 900 1727 518
7030 5 3136 748 7966 349 9512 482 9405 417 6074 66
7031 8 7314 102 1633 122 5787 -675 7630 698 9124 -950 8339 288 7665 274 4987 909
7032 3 7732 0 7793 163 4563 295
7033 4 1459 201 7683 -244 1285 229 324 -223
7034 8 8483 0 4984 709 5694 540 400 415 2893 375 886 -88 7815 -541 1899 637
7035 7 474 18 6209 224 8230 955 7142 516 9101 522 5004 330 2210 274
7036 6 8609 756 2299 0 8359 -566 7208 744 8783 -120 2363 358
7037 5 3734 -289 8346 -68 969 155 6272 -860 4372 308
7038 5 6734 -45 8229 289 6122 -343 4462 582 1184 -485
7039 7 5910 317 9275 -979 6712 836 7492 -474 8735 225 7272 473 5953 433
7040 2 8125 0 4651 -368
7041 5 7087 218 8838 139 9802 -970 8328 -528 4689 903
7042 6 7075 413 5867 544 7701 -192 9743 -550 8321 -228 1360 0
7043 9 3809 644 2497 688 6936 475 6574 301 9789 460 250 193 748 590 9848 633 445 143
7044 4 5656 969 8482 516 7092 -414 6841 442
7045 5 5077 346 9787 31 9066 -917 4290 0 915 718
7046 4 8191 307 8740 806 6416 165 127 -602
7047 3 6077 264 8420 834 2349 0
7048 8 7339 8 1103 -592 4578 -416 7143 197 6739 894 6564 345 8256 731 3277 255
7049 4 1666 870 6714 994 3720 -608 5428 925
7050 5 4789 328 7602 -684 3001 333 9127 0 5862 907
7051 5 7098 -685 5661 -119 7575 589 7512 -884 3034 311
7052 5 2719 -850 8529 413 265 527 8559 110 4037 -910
7053 9 3415 763 5596 161 8186 48 6632 -29 6402 0 4064 609 8845 645 7339 529 6671 -393
7054 6 8172 123 2561 141 8405 -784 8928 -288 5180 -63 3613 75
7055 3 9739 -376 7490 686 6095 297
7056 3 1190 947 4425 666 3400 850
7057 4 5818 308 1163 857 5404 794 2173 614
7058 2 7327 -357 3901 -135
7059 9 4160 202 7017 520 6285 164 7536 -545 9588 -187 5706 -117 7372 483 7317 601 6567 -459
7060 3 8159 -940 8792 181 5635 426
7061 8 3462 800 9250 246 5009 126 6769 95 7704 -728 7774 958 8984 907 4183 -782
7062 4 7877 138 2348 -555 2856 -136 2292 -889
7063 2 8788 149 5903 -364
7064 3 2563 827 9615 36 5050 245
7065 2 5745 318 1544 404
7066 4 3366 960 8515 354 7241 259 6685 738
7067 8 3085 -343 9863 26 304 -780 9488 503 9141 -479 7181 0 5837 533 4998 -69
7068 3 6754 -996 6382 687 6023 667
7069 6 5082 80 897 -549 5617 240 5309 -554 8981 802 5004 -104
7070 5 4586 463 8529 -574 8976 715 8100 819 4567 83
7071 8 5371 -653 4593 150 3128 571 4521 -826 653 367 5195 434 8660 -888 2801 327
7072 2 8093 351 3548 -407
7073 6 5016 783 6971 124 6250 270 6126 455 7219 862 2939 26
7074 6 6554 -524 6825 273 4603 225 9683 926 5306 228 4717 497
7075 6 7042 413 3593 143 6216 -936 8737 -354 2356 -475 3814 727
7076 4 3302 -435 1899 588 8194 -306 1109 468
7077 2 7451 88 2912 733
7078 5 4854 0 3000 327 8026 584 8830 840 3721 -951
7079 6 7966 -285 7021 838 6185 -847 8888 443 8692 -453 4827 345
7080 2 9169 126 4162 0
7081 3 2488 -428 7673 582 939 684
7082 6 7088 59 8347 82 9341 -516 6630 -981 7454 803 658 591
7083 6 9029 -653 5526 545 8920 899 4095 0 8953 821 1355 629
7084 5 7156 -736 9908 337 9196 -16 9102 -645 3362 -68
7085 5 9486 0 8303 983 7116 35 9001 -162 4066 13
7086 4 7505 814 6059 -998 7643 455 5287 169
7087 9 6796 529 7041 218 3291 -188 8847 370 6787 215 4825 772 9568 -321 7540 367 1409 -24
7088 8 7695 253 7082 59 8362 13 1073 -625 7562 324 543 -687 1658 265 2236 337
7089 6 6645 815 4089 822 3386 354 9037 -876 3230 909 56 802
7090 7 3692 924 8257 286 4546 210 2912 842 8826 27 9581 500 5581 507
7091 2 7156 266 6199 0
7092 3 7932 600 23 2 7044 -414
7093 4 9881 830 9944 544 9531 416 1267 561
7094 6 5991 582 7352 32 8935 -800 8374 -685 7964 211 3521 -749
7095 2 5859 443 4017 -701
7096 5 7212 -358 6136 680 5247 124 2921 357 383 704
7097 1 1820 46
7098 3 1742 0 7051 -685 5092 -364
7099 8 1401 -372 1545 436 5962 0 1572 203 7023 -938 4092 959 7027 0 2426 966
7100 5 9102 461 2851 788 997 -948 2675 705 4518 13
7101 8 7402 218 5326 922 9673 876 1928 168 9427 658 6978 6 9571 208 1441 885
7102 1 6435 529
7103 3 4435 634 9310 772 3923 434
7104 4 777 548 902 716 1908 -948 2227 -211
7105 6 1774 926 6776 628 3182 246 9776 506 6741 -730 3599 465
7106 4 221 -927 5652 527 8919 82 4417 -538
7107 5 8404 281 6532 121 8244 793 6318 933 508 -290
7108 6 2837 217 1650 -418 7022 -647 7889 950 8182 884 5163 84
7109 7 8353 949 8639 21 9063 67 2810 265 3188 -46 7150 -344 3493 542
7110 5 1575 271 9571 -550 4025 -69 7697 595 3729 0
7111 6 1600 -319 7414 184 1801 678 9271 -571 2982 -679 6093 880
7112 4 9480 -819 9054 722 7756 224 2411 927
7113 5 6442 -137 818 0 5661 657 9014 833 203 183
7114 2 9421 741 714 -698
7115 10 9475 198 2740 -476 1507 932 9101 961 9474 -836 7779 344 4714 601 8173 813 9207 880 4069 107
7116 3 7827 434 7085 35 1408 885
7117 4 8202 175 8154 247 8143 157 4074 837
7118 10 442 25 6644 -399 152 319 3993 277 2481 826 4664 -862 8596 534 9735 -179 7376 827 6440 975
7119 7 4133 -195 771 -397 2299 -827 7684 699 7005 749 8464 575 993 -610
7120 3 9127 460 7688 525 1993 828
7121 3 6088 156 3593 840 3841 -693
7122 6 7597 -1 8538 -906 163 0 9465 380 8557 914 970 575
7123 6 2104 687 3764 314 9458 99 6747 903 4818 855 2870 795
7124 6 9382 792 8735 155 8373 750 6499 -601 9203 116 1254 436
7125 2 4508 421 4502 827
7126 4 6669 868 9441 -807 9236 8 1622 0
7127 6 9663 322 7193 117 2444 -813 4999 915 1639 6 3935 104
7128 5 6247 -376 7489 708 8091 348 6480 709 2371 -69
7129 4 6699 205 6996 190 5648 584 990 441
7130 2 6372 -288 5411 413
7131 6 6681 469 9711 0 6013 -926 9939 166 7909 157 1673 960
7132 8 6726 322 6570 642 8537 383 5946 803 1738 346 7456 258 9433 997 5677 597
7133 7 1748 -34 6093 779 5301 235 2765 920 6311 154 8542 775 806 635
7134 7 5543 547 588 456 3486 993 9069 511 8790 261 4153 732 5977 -293
7135 4 4583 -905 7457 98 7820 -891 6184 -615
7136 7 7986 42 5162 -640 8033 689 7438 161 6232 -637 9147 86 4617 511
7137 4 9593 765 6170 692 7627 -772 1142 781
7138 4 8851 -708 6823 -546 9562 -729 673 -772
7139 5 3973 979 2323 838 4505 -185 6978 451 342 -275
7140 4 8443 647 6320 459 9998 884 2432 676
7141 4 7833 -170 4920 648 7563 111 5058 -612
7142 5 7035 516 8231 613 8074 387 5730 -985 2281 666
7143 6 1168 942 8913 -252 3372 252 7048 197 9074 322 644 413
7144 1 6259 540
7145 3 9640 787 1374 633 2713 413
7146 10 8170 79 1466 698 5821 443 5606 -943 6091 556 8508 477 4960 -191 5869 825 8024 936 5302 592
7147 7 2423 991 1534 -89 2781 -151 7349 218 6382 722 9331 -645 6386 698
7148 2 8431 0 3135 128
7149 5 8933 976 9780 520 827 470 7441 -812 2524 350
7150 4 2321 -29 9753 876 8041 -807 7109 -344
7151 1 3009 972
7152 3 639 835 8807 207 1247 983
7153 6 4640 278 7721 932 5478 -271 3140 102 1685 302 6499 923
7154 6 5768 9 3675 29 6476 420 5117 65 7863 756 5763 429
7155 2 3524 230 5977 867
7156 6 6718 573 7981 -664 7084 -736 7283 171 7091 266 6514 354
7157 4 7838 627 8936 318 5863 757 1275 991
7158 6 9107 -120 1247 463 8857 -630 856 431 5337 0 2694 398
7159 3 7720 0 2015 806 3105 -159
7160 3 8900 870 3554 15 2541 421
7161 1 151 -30
7162 2 9923 818 4677 948
7163 2 5455 -253 5571 0
7164 6 140 607 6104 150 7446 96 6529 361 9588 44 1593 -620
7165 3 7435 -316 8223 616 276 455
7166 2 8324 787 200 152
7167 4 5656 0 6443 -723 9150 373 2764 225
7168 4 7846 -222 8025 -361 2670 992 448 834
7169 8 6309 765 8481 16 7569 471 4297 57 7814 828 50 902 7860 483 1869 10
7170 6 5482 35 2449 -582 5296 710 3384 150 2425 0 4985 776
7171 3 5594 829 9985 850 3184 -979
7172 7 3733 -498 7456 413 4570 352 6074 90 8880 52 8762 617 3071 -999
7173 6 6428 260 5051 479 2574 -604 8149 -127 9288 613 909 -261
7174 3 5359 432 7724 908 6700 367
7175 5 9376 709 9195 162 5057 0 2009 0 2199 -822
7176 4 5658 -495 4720 124 4705 540 4079 56
7177 4 1789 -176 8108 217 9677 744 103 539
7178 3 3330 195 7590 910 428 -624
7179 3 9499 431 574 121 5473 -360
7180 8 9206 53 5148 126 8443 427 9863 646 9069 403 8475 888 3103 248 517 614
7181 7 7875 -628 9467 0 8294 189 6489 5 7067 0 8351 430 1223 -159
7182 3 1257 0 6933 90 6237 20
7183 4 2113 545 7889 589 6788 20 6613 853
7184 6 9991 -513 9919 -431 433 490 6207 -277 7299 298 823 -753
7185 4 2430 160 4111 811 1729 353 5733 806
7186 2 6650 331 5239 267
7187 3 9756 194 7749 825 3831 502
7188 4 9905 292 9582 417 8347 36 4772 464
7189 2 8233 309 1659 -421
7190 8 8551 732 929 -969 8288 360 9563 593 5948 600 5548 456 7500 295 5429 699
7191 5 1217 927 4509 -610 3371 554 5118 -408 1160 0
7192 4 9764 738 9393 -166 7013 324 4954 628
7193 9 8326 536 7127 117 6113 882 9649 -816 7781 -588 3767 16 6642 41 5287 483 1283 805
7194 4 4238 101 9519 -68 1818 453 3986 -31
7195 6 3168 966 9071 204 7359 621 8259 -664 8479 360 3461 988
7196 2 7022 83 5814 711
7197 5 9368 265 4975 0 2528 715 4782 682 2630 56
7198 2 8908 -227 5599 -313
7199 6 4986 108 7267 47 7947 224 1534 860 8137 -106 5581 242
7200 6 9381 -689 9754 113 3396 450 9563 176 8120 -898 5852 135
7201 3 7015 847 8986 -777 4954 49
7202 4 4187 -571 9204 865 4457 311 646 216
7203 7 1510 -654 8864 434 8315 0 8361 -885 9478 211 1708 -930 3306 -457
7204 5 9906 -142 9189 -167 8982 772 4942 -899 2883 -739
7205 5 8028 67 7809 376 5308 475 7447 128 2957 269
7206 4 8380 285 8355 -84 7810 10 4499 336
7207 6 5126 209 7384 511 9610 -644 6042 842 8575 115 4516 892
7208 4 6021 0 7036 744 8216 805 3050 849
7209 9 7716 812 3135 537 9355 634 975 -235 5862 -337 6672 695 8154 903 7991 766 3631 874
7210 3 8796 620 8890 19 2942 845
7211 5 2897 698 9176 890 5850 196 8796 82 554 948
7212 6 7096 -358 8575 419 5773 546 3809 830 7726 892 1390 463
7213 3 820 -649 7384 890 5702 -996
7214 5 347 69 5946 380 7734 378 7284 127 6872 202
7215 10 8598 682 534 319 9034 406 4136 429 7629 -236 2370 775 6465 707 9854 243 9133 92 4173 0
7216 5 8425 488 9251 0 2050 414 3646 529 5449 912
7217 4 231 0 9886 485 7758 53 4293 193
7218 4 2036 341 3425 706 7454 -188 2329 370
7219 2 3040 970 7073 862
7220 2 9202 136 6116 -136
7221 2 5827 800 1101 519
7222 3 8669 429 2998 -207 269 469
7223 5 3149 -209 8989 -644 7636 -615 1607 -707 3206 556
7224 5 8205 -694 5932 127 8988 -301 9554 194 5655 0
7225 7 8542 513 3001 -213 7375 591 8904 847 9031 -963 5337 79 1426 0
7226 3 5394 534 7378 -446 2973 -482
7227 2 9374 117 4931 -74
7228 5 5787 0 8588 -592 6596 675 9297 35 2671 516
7229 8 7698 777 1629 381 5057 84 9673 785 3340 252 6807 919 2125 846 1652 677
7230 6 4615 -427 8602 649 1473 265 8958 125 3951 44 5371 805
7231 3 9633 -993 7009 41 5603 838
7232 12 8610 361 5540 593 6577 493 598 470 5280 399 9104 737 7426 686 9407 700 1953 -33 5660 584 6978 990 80 226
7233 5 9132 966 3186 169 5056 -879 1172 0 3130 0
7234 3 1708 781 4916 -196 5378 344
7235 3 6546 0 6797 114 6010 5
7236 5 3885 283 4279 -71 9678 692 9946 209 6117 -887
7237 6 76 317 7753 818 8819 -88 9131 531 8169 -417 4634 260
7238 5 8437 -94 3925 686 9931 -137 8181 902 1419 104
7239 3 9634 1 5900 906 4518 996
7240 5 9746 481 8302 -553 9585 984 7732 540 4632 210
7241 4 6364 157 5702 564 9430 -133 7066 259
7242 3 8939 461 2794 683 1734 517
7243 4 9990 106 6537 827 6377 0 136 211
7244 4 9614 887 5987 783 9470 549 5139 988
7245 5 7675 627 754 618 7796 422 7598 -716 5732 154
7246 6 3447 361 8187 -61 4569 816 7471 0 9133 327 5927 683
7247 6 6435 261 5674 895 4839 -928 5004 818 8278 170 4584 -103
7248 4 9581 21 9088 813 9569 267 2119 453
7249 4 8870 306 9660 -641 3779 823 1058 532
7250 2 1516 370 1681 -858
7251 6 219 662 3994 61 1988 736 8215 -6 7742 299 6952 583
7252 5 9902 381 8653 308 7737 86 7764 54 3860 417
7253 2 5062 223 5458 640
7254 4 8351 813 8808 -51 5601 906 1659 -495
7255 2 8105 -216 4954 269
7256 3 6781 -600 8142 215 5002 -763
7257 5 4113 -636 9189 -227 6814 -346 3176 302 52 280
7258 7 7753 637 5526 -765 3664 617 8500 988 9160 664 8681 458 371 181
7259 3 3656 216 9933 111 1389 934
7260 4 5650 987 4845 908 7716 221 1960 484
7261 9 5269 448 6814 -438 8745 616 9104 -105 8299 880 3151 78 6347 0 8956 801 4319 185
7262 8 8531 890 498 -841 252 76 6467 -630 1241 -160 4210 485 3727 678 2780 532
7263 5 9926 29 6206 410 3027 0 9814 622 1200 184
7264 8 8955 542 2854 -327 2158 0 945 219 1287 268 3283 368 7329 7 6670 0
7265 4 817 439 8073 -833 1196 710 6639 779
7266 6 9363 666 7944 -502 4584 20 7316 0 4011 287 3391 -721
7267 6 6352 657 7199 47 315 0 5803 -293 3616 -891 5364 643
7268 5 6371 727 7466 -797 8765 508 7618 317 6747 385
7269 4 9142 162 6006 856 7855 951 4332 614
7270 4 5012 226 4572 -250 2794 124 3870 -488
7271 4 5376 366 4643 -370 6738 428 2327 828
7272 4 7799 890 8674 682 2307 610 7039 473
7273 2 8126 505 1103 -19
7274 6 1966 -617 8432 -545 5989 694 3311 226 9879 -274 2117 651
7275 7 8268 -512 6582 93 3496 458 5841 -623 9895 -673 8294 624 6510 494
7276 8 8711 432 1836 688 7297 876 8899 456 6323 699 8153 906 7336 -848 2182 985
7277 5 5360 317 5473 352 3621 -465 3342 0 4499 21
7278 4 819 55 8977 170 4409 674 4982 2
7279 6 9208 438 9113 126 6032 -156 8615 -100 8478 -322 2158 -265
7280 6 7362 755 7862 186 8510 -429 8517 627 7912 176 1254 -805
7281 2 9216 597 1401 453
7282 6 3124 657 529 686 6927 0 9192 78 7831 -656 2440 148
7283 4 7156 171 5745 0 9917 985 1208 548
7284 4 5278 -233 7753 407 9685 0 7214 127
7285 4 642 995 9075 801 7823 893 810 512
7286 2 6353 775 6386 2
7287 2 8498 410 4876 -784
7288 5 7658 -221 4373 0 6653 -573 5249 517 684 -981
7289 5 8926 246 7550 0 8229 -914 1830 534 470 824
7290 6 8531 527 6649 160 5289 877 2307 585 8111 646 5370 88
7291 3 8314 254 7782 439 2956 -28
7292 8 1627 777 5809 610 1298 701 5805 -846 6293 873 9002 0 9824 264 3472 0
7293 1 1874 -669
7294 2 6089 -554 6643 572
7295 5 8701 953 6431 638 7593 -367 7323 930 930 294
7296 1 5055 559
7297 8 5756 78 8864 822 6150 -182 8462 431 3967 -598 7276 876 3205 395 6010 268
7298 4 8232 603 528 335 7483 40 1961 788
7299 3 9730 -877 9587 468 7184 298
7300 4 3391 407 5198 358 3198 573 4366 505
7301 6 9308 -753 6379 -784 527 579 9783 680 8535 278 4380 7
7302 3 3397 738 4409 585 724 -919
7303 10 9394 960 2967 574 2821 11 3563 584 6785 711 6813 40 5200 495 9901 0 8503 -184 2011 956
7304 7 8936 480 2952 5 4130 -543 9309 -192 8360 -879 8074 353 3762 19
7305 5 9712 0 624 446 503 562 610 271 4876 -479
7306 2 7639 0 4343 -68
7307 6 5792 519 8812 -6 9691 664 4778 271 5568 -624 2922 0
7308 3 9478 726 490 68 2172 317
7309 4 194 448 9064 389 3310 121 881 93
7310 8 9695 141 8720 86 9608 976 7463 -409 8322 753 3250 106 9642 513 2446 607
7311 4 5863 181 8097 730 7605 286 5545 418
7312 5 973 -571 9529 458 7390 999 6029 931 5942 0
7313 4 6204 718 8761 -131 2196 850 6102 -275
7314 7 6592 -493 994 736 8984 -588 7031 102 7382 855 680 -447 3351 217
7315 1 120 380
7316 7 4798 -8 5603 537 6162 751 5596 -579 7266 0 9257 882 1987 102
7317 4 1010 495 7059 601 7891 338 6861 474
7318 3 9226 650 8826 0 641 127
7319 4 8181 -389 8055 256 6149 254 4155 429
7320 5 6654 -49 7023 35 921 221 6259 861 1473 855
7321 5 7990 111 5447 27 8154 83 9992 178 1276 861
7322 4 5142 -510 7531 -865 6669 957 6704 884
7323 6 9013 -255 8996 837 8574 -336 2650 693 7731 -631 7295 930
7324 3 4120 47 8831 362 1793 551
7325 4 2800 73 7759 574 9765 841 6748 -852
7326 5 7663 0 4835 410 8621 0 2825 591 5761 500
7327 3 7058 -357 8426 437 4745 931
7328 3 630 229 5408 522 2574 998
7329 4 2343 0 7971 -807 7707 508 7264 7
7330 5 8034 -254 8702 278 9311 -787 8586 -857 3038 661
7331 6 8886 810 8134 -572 9436 837 6998 280 9047 -808 1255 548
7332 6 1486 927 3872 768 8299 -104 8760 231 7778 539 289 0
7333 5 9004 816 7856 206 6110 0 28 879 3638 620
7334 11 9220 973 6063 593 2254 292 4110 718 8365 797 7443 817 6162 0 8772 762 5398 546 4326 -957 3653 168
7335 4 426 591 3261 792 8576 729 2977 658
7336 8 9503 419 9167 -792 6532 972 7944 -595 6721 256 7950 101 8672 0 7276 -848
7337 6 5984 255 9186 970 8009 93 8858 380 6801 514 5650 67
7338 6 8243 -912 6656 -426 5275 -47 8549 -191 9172 -634 1355 700
7339 3 4257 -386 7048 8 7053 529
7340 7 7944 855 1357 -905 8262 -670 9654 -725 5183 -369 7804 734 99 504
7341 8 8794 1 2015 419 7521 191 8627 293 4796 887 8126 12 9830 -381 2313 670
7342 2 2629 305 3649 -719
7343 2 8052 -572 4131 439
7344 3 9056 501 565 664 4665 -796
7345 6 9785 136 2697 443 1072 -391 1482 -167 8260 936 425 389
7346 7 3950 937 8195 83 3117 0 7828 946 2702 -65 9158 379 117 856
7347 3 9510 70 4029 473 4369 395
7348 2 1552 699 343 854
7349 4 7147 218 8358 918 9371 748 3164 794
7350 3 3874 465 9355 888 1221 575
7351 6 6033 -46 8329 392 7407 164 6414 419 9365 0 2943 225
7352 5 301 190 7094 32 8067 -244 5864 87 2448 0
7353 6 4868 466 782 561 9044 598 6703 693 6558 107 6385 208
7354 3 7811 426 5088 0 5933 981
7355 7 9579 469 2905 201 566 625 2455 -816 7010 21 29 -156 6940 298
7356 2 6867 691 3213 146
7357 4 6459 -159 5843 891 9158 -462 2915 420
7358 3 5467 512 5039 -360 6528 0
7359 2 7195 621 4663 0
7360 4 3931 614 1534 835 5126 481 6704 36
7361 2 6606 289 2368 131
7362 6 2280 -485 7280 755 8453 402 1330 926 9396 -229 6277 -780
7363 5 4998 486 945 517 278 0 9724 727 3156 552
7364 6 3436 272 3888 0 9927 -242 7863 -708 9623 -447 5088 -175
7365 8 7567 0 8006 557 8419 964 8387 336 5585 600 7727 -636 1806 965 3887 769
7366 7 5538 72 9896 -865 8457 146 6034 89 2464 -211 8462 88 2620 578
7367 8 5337 654 8936 0 9981 115 8489 709 9596 73 4808 -557 8053 225 4460 782
7368 5 8772 322 8052 556 9572 470 8165 979 4993 530
7369 4 6416 450 5110 274 4826 222 4988 900
7370 5 7658 501 2996 0 2413 -75 4645 765 349 -262
7371 6 7826 933 8477 771 7716 0 8230 -219 7433 354 1587 587
7372 6 9522 722 8867 408 7474 606 8533 651 7059 483 3149 -66
7373 8 6661 -987 7020 44 3773 677 9941 240 4732 217 6181 609 7838 717 6411 359
7374 5 5271 114 4165 -609 7573 612 8885 -887 1374 220
7375 4 3828 -539 7225 591 3887 378 3490 699
7376 3 8880 271 5448 621 7118 827
7377 3 2639 -754 7963 884 5062 205
7378 5 7783 0 8813 544 6701 -389 7226 -446 3847 485
7379 10 8831 -71 5715 381 1499 -792 5206 -970 7936 626 9614 -409 6524 962 2052 577 5658 794 2278 444
7380 2 8220 199 4807 467
7381 5 5978 -467 7675 843 9116 342 9507 -188 6840 47
7382 8 5645 943 4782 886 6611 -55 4632 971 7314 855 8918 489 9975 356 5245 -431
7383 4 1921 816 6182 -783 7585 687 6402 545
7384 7 7213 890 7207 511 2836 929 5951 798 2851 734 8761 289 4750 65
7385 6 5847 -431 6769 -739 7993 -754 9449 164 9440 476 6396 344
7386 6 6759 -388 7933 -77 8597 911 9993 0 9717 -948 2638 -357
7387 4 9542 0 9463 931 8810 916 6335 -31
7388 9 1678 394 7948 -908 684 -944 8539 -364 8706 23 4067 546 8061 711 7827 104 3932 -280
7389 6 507 638 6794 -233 8172 987 343 -230 5438 667 281 168
7390 7 3570 574 8693 -466 507 85 7312 999 6018 864 7535 428 3878 0
7391 2 8760 761 3247 736
7392 2 8654 147 427 817
7393 2 4695 394 653 597
7394 5 4987 921 4096 -386 9580 -479 8832 246 4886 0
7395 5 2308 -453 6257 327 7603 295 9014 941 2451 198
7396 3 1106 495 765 553 859 0
7397 2 3407 170 1889 461
7398 3 3323 97 9455 -1000 5963 831
7399 7 8013 -691 8666 456 4974 50 7987 658 9045 744 8336 0 5926 -557
7400 10 7964 -994 176 796 5954 334 7595 314 7954 172 8201 544 8848 0 8016 383 9456 176 5545 696
7401 8 9009 759 8321 -999 9683 980 2708 -609 6284 743 9131 318 9772 12 498 774
7402 7 8308 -189 7101 218 792 -619 6969 421 4106 999 9723 554 1710 877
7403 4 7539 799 1097 293 4682 421 2878 914
7404 4 9450 996 8303 0 6084 887 6236 271
7405 3 1226 -45 7724 775 3458 441
7406 2 8899 226 3484 -848
7407 9 8863 347 8155 464 8415 -741 7351 164 7694 198 1390 219 9582 775 5373 -59 6734 89
7408 7 8612 90 5860 251 4726 322 6810 793 6109 -511 25 -575 1831 814
7409 4 5209 162 6512 28 657 741 522 611
7410 5 6979 0 6981 -377 1131 764 9695 -209 3252 819
7411 4 6655 853 8858 -943 9610 756 2666 -686
7412 3 9085 118 9258 851 5113 -511
7413 4 9107 -35 2028 93 9856 259 1751 113
7414 4 9975 181 7111 184 283 858 1834 67
7415 8 8966 452 166 -716 9159 -218 9379 0 7572 -632 9781 -598 7840 -228 1357 580
7416 5 18 847 8079 453 4901 335 834 -456 4226 638
7417 7 5432 984 7002 777 8954 642 5402 689 9935 -439 7577 -472 1301 -223
7418 7 1304 -482 4301 -918 2976 673 3926 -508 9246 -93 8849 0 1701 129
7419 7 9424 0 9983 162 2983 -823 1070 522 9200 829 7551 -428 624 -797
7420 4 8923 459 8707 745 9724 -909 761 -450
7421 3 6373 639 2002 -166 7019 23
7422 2 6371 -393 2416 561
7423 2 6025 460 6322 55
7424 6 8276 821 7478 232 8451 153 8056 586 9217 -670 5416 237
7425 6 5611 204 7947 -88 9803 302 9635 0 9713 290 919 256
7426 6 3792 271 7455 673 7232 686 9010 -933 9413 -246 2262 81
7427 5 5801 869 45 629 6190 241 4617 384 3284 639
7428 5 1903 348 9026 820 4634 934 5925 316 1305 927
7429 5 2338 -671 4745 710 4962 730 7783 83 4901 885
7430 5 3928 896 8798 0 3285 721 7917 -85 2605 680
7431 3 5452 -979 7508 632 3321 112
7432 4 5353 839 9761 231 1182 632 3799 -995
7433 3 9773 66 5864 39 7371 354
7434 5 9300 490 7696 713 779 604 9376 98 1843 220
7435 5 4413 707 7165 -316 9526 862 9169 -680 331 996
7436 4 7692 149 7802 0 7540 825 3412 -190
7437 4 9591 486 1614 170 668 -784 5294 -998
7438 6 8013 75 8610 968 5019 658 5903 -959 7136 161 3767 541
7439 5 8105 -445 4453 923 9594 10 8140 -920 6251 253
7440 3 8531 -382 7471 742 6570 -800
7441 4 9155 471 5903 841 7149 -812 4393 161
7442 9 1869 27 8109 -368 5704 870 7665 1 3275 -984 9292 -881 563 542 8097 -651 1393 -428
7443 5 7690 912 7334 817 4638 524 158 309 3159 706
7444 5 1164 603 4988 383 9305 833 9165 -574 6273 291
7445 5 4498 804 8237 24 3731 707 6641 -749 4361 918
7446 5 9389 823 7904 198 779 597 7164 96 4044 811
7447 6 8371 446 4204 530 7525 413 5725 895 8873 106 7205 128
7448 10 4276 -545 4951 -747 1593 312 6457 60 7910 816 8751 811 9381 678 2945 246 7566 275 3903 956
7449 5 1344 640 9730 714 7452 900 6777 252 2299 741
7450 5 6372 532 1483 700 6211 809 8678 64 3454 438
7451 4 8843 244 7689 349 6040 -181 7077 88
7452 5 2068 -306 3476 169 3283 198 7449 900 1560 513
7453 2 7519 176 3122 416
7454 6 9765 -380 9199 797 5080 -686 7082 803 8127 480 7218 -188
7455 6 7426 673 4137 -779 6202 718 7665 978 6175 821 1626 653
7456 7 3078 726 8824 212 7172 413 7132 258 6103 728 8478 955 1872 192
7457 4 7135 98 7691 -172 8634 487 4171 81
7458 3 9932 974 5303 682 5581 -986
7459 3 9368 301 8424 913 4471 595
7460 5 2897 264 7915 545 4143 283 6598 102 6685 963
7461 4 9044 285 5222 597 7485 556 76 840
7462 6 3157 967 8842 279 8926 -359 8066 339 9665 896 2886 219
7463 5 2180 -533 7310 -409 3664 -939 6240 657 978 498
7464 4 8703 -646 2370 0 7924 -651 342 -822
7465 3 4551 -260 8281 217 6461 -602
7466 5 8378 -981 7268 -797 3234 435 7747 -20 5238 381
7467 3 9341 906 720 -434 3866 467
7468 2 6897 -498 3601 -203
7469 5 3972 -462 7940 -730 5949 401 8157 -232 2252 -39
7470 8 6594 748 7590 280 8703 895 1485 736 6181 -217 9258 584 3179 787 6660 954
7471 9 9626 579 7440 742 7246 0 2769 0 4898 -941 8555 724 1833 0 8672 -961 5190 -451
7472 4 2921 0 8170 845 7534 -275 723 626
7473 4 3721 20 8321 -195 8979 0 5909 891
7474 4 7372 606 5882 -301 8164 215 5514 538
7475 6 5372 216 4208 -337 6074 -200 8561 996 9670 240 3253 252
7476 2 4984 726 450 646
7477 5 1897 180 8925 265 9404 885 9229 998 4213 613
7478 5 7424 232 7726 928 7611 0 9205 913 668 673
7479 3 7558 521 4142 323 6454 -480
7480 6 9377 823 3520 207 5410 -623 7802 268 9963 308 5912 971
7481 5 9891 0 1658 -116 8844 527 8250 -868 4231 57
7482 3 6190 329 9361 894 6464 416
7483 9 9917 920 6493 443 8244 840 5262 -147 5778 203 6028 757 8603 865 7925 -753 7298 40
7484 6 6799 656 9698 632 1680 541 9079 -840 5355 819 3777 -284
7485 5 2181 -645 5183 -224 9671 0 7461 556 3365 482
7486 6 4635 604 8333 55 4496 -863 9802 106 7933 -240 5798 355
7487 8 1436 0 5396 -93 4609 16 9500 0 6573 827 8969 63 8933 824 502 668
7488 7 8502 -74 3937 135 5327 0 9190 387 4366 418 8838 87 3644 0
7489 6 7128 708 9755 237 8769 884 9420 -49 8104 964 5360 746
7490 8 4166 911 5444 122 7944 179 480 0 3029 138 5653 113 8841 505 7055 686
7491 7 7971 110 6816 43 8196 506 1172 842 9430 33 9709 -251 3339 197
7492 4 8794 403 7039 -474 9794 -265 1291 -197
7493 2 8203 -317 2300 902
7494 4 5294 277 8148 0 9784 326 805 -893
7495 6 7987 -510 3750 -358 2039 -291 5630 73 8160 735 3238 0
7496 4 3673 425 9295 772 7967 827 3286 889
7497 4 8279 769 9429 364 7631 -375 965 -662
7498 6 8981 127 6474 0 4762 -383 6418 -125 8876 888 478 798
7499 3 7524 504 7562 997 6418 916
7500 3 6004 -532 7889 424 7190 295
7501 5 9434 169 5905 324 330 285 8840 890 379 755
7502 3 6992 291 8365 -620 1569 -274
7503 7 7862 0 1733 937 2898 515 7945 400 4206 576 1149 -518 6291 884
7504 4 7685 -736 2137 -726 2854 353 4382 -882
7505 3 7086 814 9700 821 4984 0
7506 6 900 390 2551 992 8582 442 7578 -104 9379 -579 2046 439
7507 6 8071 378 8113 776 3613 235 3730 -327 6653 0 257 959
7508 6 5216 909 8774 222 6372 550 6079 323 7431 632 2769 692
7509 5 8232 -508 6864 473 5611 -552 9753 -59 1836 196
7510 5 3510 491 7023 973 4421 799 7556 -142 770 866
7511 1 1235 795
7512 7 8502 94 7642 539 2046 -24 3856 988 7051 -884 8079 524 3999 -890
7513 7 4601 759 7948 846 9977 262 2680 368 8506 828 3702 -272 1821 379
7514 7 5939 96 8718 289 9186 323 8179 -82 9773 385 7008 -293 378 -952
7515 2 286 322 5531 -227
7516 6 8871 426 8317 50 8943 230 6181 66 8638 444 67 445
7517 5 4960 319 9454 719 8241 -981 7563 10 3146 600
7518 6 9562 647 6266 -896 3754 853 9310 23 1160 -931 4742 -320
7519 5 8751 811 6191 42 492 396 7453 176 5335 -326
7520 6 6412 23 809 -288 3800 23 1859 277 9896 880 6231 115
7521 5 7589 930 7341 191 7675 65 1147 462 582 917
7522 6 8411 590 5240 816 9509 290 7567 144 6033 517 5815 778
7523 6 8042 871 5862 0 8964 199 8405 845 2003 759 565 551
7524 5 7541 -831 4818 -254 7499 504 9360 484 4379 984
7525 3 5762 603 7447 413 5442 387
7526 3 4682 -89 8230 -864 1266 106
7527 3 9523 837 8231 852 2470 -624
7528 5 8797 66 5379 771 1675 2 8207 458 3185 337
7529 5 9051 0 9976 -17 9634 641 9389 -1 3624 392
7530 4 5446 0 4943 307 6205 17 5691 -348
7531 4 816 395 6310 705 7322 -865 1074 657
7532 6 2431 -42 9521 222 4577 927 2706 -918 6561 62 3261 761
7533 2 7549 355 2124 128
7534 6 965 843 6954 700 5898 0 7472 -275 9107 -209 415 836
7535 5 8885 132 1094 24 9875 -997 9542 -787 7390 428
7536 3 8528 60 7059 -545 6181 -254
7537 5 8162 -158 8634 95 7920 658 9693 968 5300 0
7538 2 8403 -258 6632 240
7539 6 7922 985 8511 -300 6555 975 7403 799 7915 106 5321 -18
7540 4 9924 859 7436 825 9945 -732 7087 367
7541 4 7524 -831 5940 411 615 -909 1954 49
7542 5 5127 169 9293 856 9527 674 9530 604 1281 -498
7543 5 9946 -632 7689 -577 6869 -557 9660 -289 6878 525
7544 7 9750 367 8562 724 3435 71 4580 -49 4739 200 9460 737 5522 17
7545 7 6945 -909 5161 134 6694 411 9999 369 1735 418 3119 -200 4234 778
7546 4 5652 628 3074 0 6278 -129 4722 0
7547 5 8972 -539 9302 309 3362 0 1264 801 3732 80
7548 6 1514 806 8674 0 8221 900 2458 -515 4452 793 5617 545
7549 6 5633 -576 7578 -999 4484 -845 5964 161 6440 -306 7533 355
7550 5 8817 845 6160 -900 7289 0 3955 569 6338 433
7551 6 1720 -470 574 -977 1951 8 8134 742 8727 -387 7419 -428
7552 5 8382 -288 9215 190 5132 -367 8498 744 2085 506
7553 5 1723 194 8061 863 4345 0 8095 562 54 623
7554 7 3713 333 690 -120 998 -385 3368 -930 8660 896 7722 786 4018 729
7555 5 9969 917 6881 358 6824 137 9382 858 4078 203
7556 6 5234 0 5742 823 5058 164 7510 -142 1164 519 5430 797
7557 5 788 400 1549 203 6073 -771 8481 370 6784 -267
7558 4 3845 -593 7479 521 6420 510 785 911
7559 4 6719 917 8142 984 1790 10 2933 -309
7560 4 4832 461 9531 83 8301 4 2251 9
7561 3 7729 -814 9325 402 5458 799
7562 7 8481 -907 3915 -619 5779 156 7499 997 4372 123 7088 324 4471 959
7563 8 9271 -246 9524 891 5790 963 8413 143 7141 111 4083 323 7781 0 7517 10
7564 8 4436 555 2575 0 3344 219 5684 149 5332 494 5130 -614 8096 -299 4626 639
7565 3 8276 -419 9377 805 6651 44
7566 3 7684 -811 3521 241 7448 275
7567 7 7365 0 336 -689 8025 -453 3777 -364 7522 144 2908 554 1647 -32
7568 4 6939 -808 1045 949 9616 59 3312 123
7569 7 8417 981 6198 688 7169 471 3726 162 5065 -140 9593 -865 5678 -145
7570 2 2959 674 6208 904
7571 4 4853 141 2183 766 9247 2 4002 311
7572 4 9661 671 8450 -500 7415 -632 3421 78
7573 3 9703 811 7374 612 4752 194
7574 8 8872 279 2541 933 4366 645 1999 0 8471 436 8899 419 8812 918 5167 812
7575 7 4743 -546 4477 -348 7790 -41 6558 196 7051 589 8443 849 6106 94
7576 5 3690 980 1975 503 9499 0 4204 -546 6182 421
7577 6 5088 779 8677 284 6919 714 9560 -902 9589 69 7417 -472
7578 7 554 229 7549 -999 9633 -850 4863 -244 3181 288 7506 -104 5835 0
7579 4 5844 983 7907 684 4470 453 2882 275
7580 2 9374 635 2082 850
7581 3 4404 118 8172 836 4544 922
7582 4 9764 -300 8705 0 6833 -197 5240 -914
7583 4 9516 709 8456 629 9582 158 5201 578
7584 6 6368 -504 2076 -650 8437 168 5316 58 6599 665 89 232
7585 4 8596 289 8920 746 7383 687 3374 256
7586 5 6239 189 1753 -18 7994 -583 8417 407 2484 877
7587 2 6188 892 416 123
7588 4 5616 445 9428 -664 8571 0 3160 806
7589 5 7521 930 9528 679 4782 -569 6957 169 5441 255
7590 5 7470 280 5470 -646 5831 206 9247 -830 7178 910
7591 5 7619 303 5518 972 9125 65 8992 581 5489 705
7592 5 8792 0 3300 234 7647 210 1525 -266 4193 716
7593 5 3650 364 1656 744 3564 -970 3326 953 7295 -367
7594 2 7935 -642 762 -806
7595 5 7400 314 6122 0 1867 186 8236 930 2872 0
7596 10 5461 866 8387 761 7948 984 5518 165 981 161 9698 -320 9650 668 7921 450 9671 148 1385 584
7597 3 7122 -1 7819 559 419 496
7598 3 6367 91 7245 -716 4271 103
7599 3 276 562 8035 124 435 781
7600 4 610 0 8767 610 8121 90 1787 74
7601 9 6464 307 6358 -816 1529 985 962 107 3235 -78 9361 -113 1197 803 8177 894 4189 296
7602 4 6122 514 8009 -855 7050 -684 4521 229
7603 6 4147 998 9509 123 7996 677 7686 0 7395 295 1530 -414
7604 3 6014 -473 8700 578 2053 86
7605 4 8896 -478 6720 820 5586 906 7311 286
7606 4 9608 20 9559 309 8765 -385 5180 625
7607 2 5072 -806 4805 11
7608 4 509 589 829 105 5158 240 3084 322
7609 3 8049 889 4979 257 1462 678
7610 3 7842 -694 5878 500 5203 419
7611 4 6106 123 6424 0 7478 0 5111 -761
7612 1 5962 923
7613 1 6961 -254
7614 8 6598 716 6017 950 8995 668 5612 -899 8056 377 4531 -976 3499 944 6454 552
7615 5 7850 293 2314 -931 1731 941 6266 189 6621 843
7616 3 841 822 8203 464 4668 345
7617 5 7687 407 3614 -58 9600 466 9472 927 366 -591
7618 3 436 593 4488 758 7268 317
7619 3 7591 303 5172 -165 5383 105
7620 3 9252 255 352 56 1350 622
7621 5 2851 -93 7935 -912 4557 791 9262 210 2341 -918
7622 3 9882 -279 6186 425 6449 -389
7623 8 6634 634 8641 28 7712 -637 9663 558 8692 828 5572 356 4167 -25 6412 952
7624 6 7958 849 9946 -793 8520 864 1142 943 9450 676 4791 860
7625 5 5152 -169 6359 172 6863 168 6631 18 6188 734
7626 8 8362 664 175 -43 9502 -686 6730 364 9554 717 9654 -474 6622 556 1477 88
7627 6 7955 917 7137 -772 6932 -793 8633 34 5636 -221 1270 758
7628 3 3791 201 8889 705 2941 260
7629 5 5198 -636 7803 799 7215 -236 8049 33 1104 775
7630 3 6195 891 7031 698 4926 721
7631 2 8689 -798 7497 -375
7632 2 6172 45 1172 -221
7633 4 9140 -598 7029 85 9690 0 6539 473
7634 2 4572 798 1227 806
7635 3 4432 121 1710 832 580 400
7636 7 8610 726 7223 -615 6999 835 9155 -406 4975 388 6375 797 4172 111
7637 5 6865 9 8975 899 8409 520 5040 133 5583 437
7638 4 67 999 5890 -282 9022 426 1542 -463
7639 3 7306 0 9646 557 6815 204
7640 5 3971 889 2148 849 8246 134 8437 993 620 353
7641 2 1162 -51 6266 86
7642 10 7665 394 7512 539 6416 489 3843 658 8192 549 9649 -337 9869 288 9358 492 8944 286 6637 835
7643 6 9646 979 7086 455 8633 465 3125 -495 6184 921 4396 286
7644 4 2292 -221 6419 714 3067 962 6595 177
7645 3 7797 513 545 8 5608 287
7646 5 9435 560 614 935 5599 650 9857 -222 4192 -566
7647 10 9280 -657 1721 207 2461 226 2375 0 6056 433 8885 0 8284 -700 7592 210 5914 344 1928 871
7648 5 8965 429 9542 788 9733 -66 6784 510 2540 766
7649 4 8991 -839 9712 913 746 783 5698 -427
7650 5 3853 261 7865 -856 3933 585 9231 358 4084 48
7651 3 9313 -490 2198 797 6459 -729
7652 8 4758 -208 1774 95 4422 -802 6452 742 9004 669 8146 967 7801 -961 3199 390
7653 5 3633 515 6825 325 8331 989 8195 0 6506 741
7654 3 8191 901 4267 802 5390 844
7655 4 8329 549 2450 110 8903 -134 3089 406
7656 5 8461 254 1832 861 9044 601 9012 -898 1903 -61
7657 1 2121 -192
7658 7 6267 483 7288 -221 7370 501 3732 -284 4667 854 7970 688 5388 660
7659 7 4882 748 1178 642 8845 827 9906 156 9140 656 9784 842 3873 862
7660 6 4381 113 8905 899 1969 -752 4173 672 7771 303 5168 -100
7661 2 8291 272 4303 0
7662 1 2858 799
7663 2 7326 0 6385 196
7664 1 5399 845
7665 8 8224 349 7642 394 7442 1 1119 918 7455 978 9839 -56 4705 -553 7031 274
7666 7 7701 23 5317 -456 5855 0 9806 702 8364 219 4784 876 3693 -888
7667 5 6950 624 9963 64 3778 963 1249 998 2989 -853
7668 2 3936 131 5690 -610
7669 2 8433 840 696 964
7670 9 8641 -43 8966 757 3680 350 8074 483 6353 259 9305 725 4295 515 8567 679 1206 -725
7671 7 2752 901 4367 384 1090 164 9931 542 8921 451 7852 539 6086 8
7672 6 6647 413 7965 -806 6912 156 9012 0 4671 23 1244 712
7673 3 7081 582 6643 158 615 -761
7674 6 5348 669 2832 752 6890 349 8980 512 8157 -367 667 0
7675 5 7245 627 7994 609 7381 843 7521 65 318 283
7676 3 9753 463 6801 0 5984 86
7677 6 6795 471 9122 179 9130 484 8513 0 4913 -97 1993 -522
7678 3 6443 749 9990 5 1838 86
7679 2 2218 -3 3404 691
7680 2 5447 231 6912 226
7681 3 9612 62 9714 943 2448 814
7682 5 8251 381 690 706 3150 0 9828 -309 446 994
7683 5 6529 351 7033 -244 2195 -481 9110 -867 1811 318
7684 5 7566 -811 7967 -318 9878 -903 7119 699 6284 -511
7685 5 9552 918 7504 -736 9205 770 8244 -235 3068 925
7686 6 4946 126 9251 283 9970 863 7603 0 8042 -172 6207 522
7687 5 7617 407 9259 455 9262 556 9348 121 1634 847
7688 8 9034 -687 8860 -269 7871 46 7120 525 6171 637 900 279 8600 393 3174 585
7689 8 5788 678 8964 476 4042 895 4907 378 7451 349 7543 -577 6955 940 65 -52
7690 4 7443 912 8228 37 9659 0 2910 0
7691 7 9062 811 9029 467 3990 942 8160 326 857 747 7457 -172 2600 851
7692 5 7436 149 8262 512 8993 497 9937 762 6088 74
7693 2 3797 0 2251 540
7694 5 9398 0 4457 336 8926 -613 7407 198 4778 -558
7695 4 7088 253 5495 737 4825 1000 2515 438
7696 7 9596 232 5189 -386 8587 530 7434 713 1003 -996 8627 -137 2335 -531
7697 2 9141 -771 7110 595
7698 6 7229 777 3853 -498 8010 689 24 875 9021 476 5261 561
7699 6 5860 -793 2528 -934 4339 169 8699 910 5024 904 3401 -562
7700 8 8126 231 5545 627 8925 -72 6400 731 8499 156 4654 209 7775 278 6415 835
7701 11 7666 23 8627 73 9544 12 5900 0 4884 395 9541 81 7042 -192 8966 673 1256 781 9882 576 966 91
7702 5 3811 -913 8888 -628 3626 972 2659 -403 1221 -747
7703 2 4616 144 1615 -683
7704 5 9703 450 8828 559 3118 115 7061 -728 5310 757
7705 3 9127 778 8204 960 313 -498
7706 4 5747 -615 9994 287 6114 657 6409 334
7707 5 3011 -155 8327 187 2967 -689 3983 162 7329 508
7708 6 1673 -357 8933 612 9502 543 5915 675 9961 736 6176 370
7709 3 3472 257 6979 208 1135 838
7710 6 8654 0 1221 963 6779 -540 6338 80 8869 449 3309 -425
7711 8 6789 710 6953 -378 4301 -34 7737 69 794 995 5661 239 8738 17 1978 -95
7712 4 7623 -637 9157 -60 9301 867 1218 319
7713 5 8201 838 5963 176 1062 256 9543 412 3563 -279
7714 3 9544 847 9761 272 4623 427
7715 4 6181 785 2010 -300 7999 57 2181 190
7716 11 7209 812 3413 560 8671 275 6608 154 7371 0 9456 -838 4048 846 4393 -738 3893 963 6646 666 7260 221
7717 2 9811 975 5253 438
7718 8 5975 100 1143 -125 4003 -528 3403 895 1865 395 2941 698 9926 -709 609 751
7719 2 5710 511 4277 376
7720 8 7159 0 4301 -48 6691 -53 9572 420 7946 436 4789 617 7906 174 291 993
7721 5 7153 932 5714 429 7776 873 9918 60 6771 863
7722 5 9463 439 8025 898 8418 784 4519 -716 7554 786
7723 6 2520 840 6429 212 5267 35 8515 512 8659 83 2107 -437
7724 5 2127 536 6564 -492 7405 775 7174 908 6260 259
7725 5 7898 -800 7761 353 679 809 8372 -13 3874 -550
7726 10 2894 0 3714 464 8851 -861 2679 466 4856 126 914 964 6783 380 7478 928 9403 48 7212 892
7727 6 3628 368 9307 677 7365 -636 2202 785 9863 -370 2134 554
7728 2 9557 847 4119 -702
7729 6 8118 -296 9891 204 7561 -814 9565 651 5478 301 6582 246
7730 4 5206 -537 1188 110 9447 536 6471 898
7731 8 9199 0 9380 957 9894 396 2293 813 7323 -631 4923 927 6223 547 6980 317
7732 7 8910 650 3143 898 7032 0 6543 -435 9769 620 6005 185 7240 540
7733 2 8047 713 1678 957
7734 8 7740 285 8695 -840 5718 -348 1797 741 9519 -387 8070 512 7774 70 7214 378
7735 8 9952 -918 6863 -469 8012 680 9024 53 8170 275 5000 328 9088 0 3721 382
7736 6 9309 249 7976 451 9011 496 9637 572 8592 672 1424 570
7737 8 8907 30 6870 764 8820 9 8251 756 7711 69 5087 -454 7252 86 5597 230
7738 4 8687 426 8652 46 208 889 2750 872
7739 8 6895 -474 6172 -875 6695 -556 9889 180 6522 725 6550 825 4854 -768 3771 131
7740 4 6841 10 7734 285 9654 11 6541 14
7741 4 9493 445 9520 -581 8608 0 5583 349
7742 4 7784 574 5859 542 8428 331 7251 299
7743 2 779 -563 6188 746
7744 4 8512 808 7911 -48 8152 698 4904 -285
7745 4 3601 686 8651 866 3074 -366 6625 758
7746 4 6450 824 3014 683 4219 983 206 -117
7747 7 9806 75 9773 237 356 -498 7466 -20 3831 855 9416 135 5928 327
7748 5 3873 704 5423 976 6443 125 8827 834 4515 -487
7749 4 5126 0 5726 788 8434 -175 7187 825
7750 5 273 947 9529 385 888 791 9428 458 2482 782
7751 4 8246 475 2493 459 9928 98 1314 82
7752 5 8352 176 985 -348 6493 615 9343 367 2945 663
7753 8 7258 637 7237 818 7284 407 5056 543 8209 517 8862 -562 8369 519 4108 102
7754 5 8989 248 7026 783 8987 782 7868 0 3449 691
7755 4 4046 894 2932 -329 7933 -172 6470 305
7756 5 9658 926 953 902 3577 469 7112 224 6538 711
7757 5 6381 18 7952 -614 4510 861 1418 510 6227 0
7758 6 8812 736 3858 70 9700 0 8413 -557 7217 53 6321 -223
7759 3 5887 375 7325 574 5640 985
7760 3 3375 279 9242 26 62 -22
7761 6 7725 353 9661 501 5534 -195 9376 943 9752 -308 1859 -899
7762 6 8303 719 8415 381 3858 188 291 63 1721 666 5649 35
7763 5 9228 288 8248 -821 6870 0 8161 0 2159 0
7764 5 5897 112 8101 835 3635 791 7252 54 3391 118
7765 7 170 29 2353 655 7808 496 8098 0 9669 0 4119 -846 761 919
7766 3 8780 511 9472 -576 6737 783
7767 4 9690 -65 4131 187 9148 967 7008 -131
7768 5 9134 401 9018 449 4166 591 9158 986 1882 69
7769 9 9047 828 5588 -474 7826 580 8838 0 6870 467 8859 -346 3629 507 6444 516 2168 372
7770 5 9649 797 9277 576 9817 -610 2465 -101 3045 459
7771 5 9237 618 3944 202 7660 303 3673 -646 597 863
7772 6 5906 -802 6740 615 517 992 7841 16 8006 -499 362 -55
7773 7 294 764 8301 375 8831 -904 7985 0 4249 -749 8975 135 1600 647
7774 6 2527 401 6991 -182 1940 0 7954 90 7061 958 7734 70
7775 8 645 462 8592 0 6201 -555 8334 162 4486 -551 3312 -101 3525 2 7700 278
7776 5 3706 -942 8402 388 9711 -758 7721 873 3018 425
7777 5 3347 686 8560 -794 2155 -887 9154 0 3934 872
7778 2 8945 304 7332 539
7779 7 5947 0 2857 713 7115 344 8307 -421 8253 -457 9680 444 5155 483
7780 3 6807 63 508 316 1861 327
7781 9 5697 -945 8341 0 6047 243 5031 -120 9725 64 7193 -588 9005 25 7563 0 3094 605
7782 5 5370 673 8788 839 7291 439 9556 34 3362 599
7783 4 6394 52 7378 0 6566 967 7429 83
7784 4 9604 589 7742 574 3381 921 6913 571
7785 6 8774 177 3219 392 9944 0 6110 167 2829 81 3208 -741
7786 4 1882 21 6891 289 8523 566 497 198
7787 2 9489 75 1115 891
7788 5 9847 207 6597 685 6912 -69 3642 217 2620 -932
7789 8 4646 416 8069 -666 2459 0 6602 210 9893 950 8127 746 4033 608 4108 -424
7790 6 9714 -77 7575 -41 9150 0 5583 604 9842 -444 3464 -883
7791 5 6988 -279 8866 -264 788 -592 6826 956 4408 156
7792 5 3898 421 9573 622 438 300 9888 534 4794 987
7793 10 6628 0 6158 711 6602 -856 1875 -970 431 148 7032 163 5517 726 3779 337 28 -386 1546 -534
7794 7 3719 615 4033 278 4153 -419 9203 -78 6859 304 8618 871 6152 441
7795 3 9792 371 4603 221 1146 -933
7796 5 3502 838 8562 926 9778 853 7245 422 2347 931
7797 2 7645 513 6507 -10
7798 8 9336 -870 8265 589 6119 -636 4948 860 4276 883 9277 291 8115 -368 5644 863
7799 3 6927 901 7272 890 6970 -113
7800 5 5000 77 4054 -750 1954 0 8167 -418 5136 712
7801 3 7808 427 6625 289 7652 -961
7802 8 9137 415 5973 70 7436 0 4228 -407 3463 235 7480 268 8534 703 3724 414
7803 4 7629 799 8546 -80 9959 517 5475 445
7804 6 3781 337 948 227 7882 -257 8230 -197 7340 734 5399 -945
7805 6 8369 -697 5865 51 9109 0 7936 397 3881 -656 226 898
7806 5 507 369 3607 524 1182 -572 7869 -239 1871 127
7807 4 9426 571 4569 488 8506 -855 1660 407
7808 5 1645 410 7801 427 4408 947 7765 496 1414 652
7809 6 3771 379 7205 376 9771 221 9728 -695 8689 226 3135 461
7810 5 5055 533 9672 369 4502 484 9040 389 7206 10
7811 6 8507 -197 7354 426 8713 426 3673 200 8684 746 1353 237
7812 6 8194 726 1402 828 8363 27 8139 0 9012 -395 1295 841
7813 7 9347 871 8700 999 5187 338 581 335 4044 569 5759 103 3013 183
7814 3 9934 639 7169 828 2907 7
7815 7 7859 950 7034 -541 8096 -186 766 0 5326 -588 5966 648 3269 196
7816 6 6995 -494 9246 872 8885 -525 8355 973 2130 -964 6114 -901
7817 3 9680 452 5740 0 2879 865
7818 3 8190 -317 8808 -267 3505 366
7819 7 8560 -595 7597 559 6181 345 8877 -127 5663 432 823 848 1349 338
7820 5 6688 -990 3907 433 7880 704 8555 -475 7135 -891
7821 4 5324 223 9652 187 8148 387 606 477
7822 2 9539 -969 1000 83
7823 7 5421 112 2730 -988 6719 853 3774 11 9711 687 9257 617 7285 893
7824 3 6429 904 5160 -65 5735 469
7825 5 6936 -192 9251 26 9664 270 3355 888 3359 115
7826 9 7371 933 5572 546 9326 366 9876 30 9397 -989 7769 580 9827 616 9853 283 6827 97
7827 3 4097 659 7116 434 7388 104
7828 11 25 -359 8150 23 3494 843 8854 -251 8435 529 9723 807 8592 949 5734 -833 7346 946 8541 -154 2188 987
7829 3 9871 913 6198 278 6725 584
7830 5 8229 925 3483 604 8451 0 9467 811 1394 925
7831 8 8423 -511 9033 -203 820 852 8931 982 8302 138 6338 0 8081 671 7282 -656
7832 5 6892 280 8815 314 9288 909 7994 0 4696 552
7833 7 3426 894 2502 -623 7141 -170 9343 495 5273 495 955 -140 4185 -751
7834 4 6107 970 9948 693 5911 -697 1902 734
7835 2 8068 489 1413 -350
7836 2 8029 214 4221 -615
7837 4 9117 571 2533 761 1742 -544 4888 997
7838 7 7973 326 9559 7 7157 627 6995 -983 9975 -402 9255 0 7373 717
7839 4 4096 676 6908 0 3092 934 5318 859
7840 6 9981 0 5623 756 7911 -3 2810 407 9241 549 7415 -228
7841 4 9079 555 7772 16 8458 -145 6878 454
7842 8 3257 -313 9440 223 7610 -694 6001 321 6120 610 2982 877 9041 -762 6520 0
7843 6 3853 779 9853 791 6491 581 175 258 5514 252 1048 328
7844 1 444 -710
7845 5 7936 756 2814 491 8412 -793 9264 -643 5782 -590
7846 2 7168 -222 3250 872
7847 3 2754 -698 9150 -197 916 -976
7848 4 9235 143 1805 0 8208 69 3393 -791
7849 6 125 819 9490 336 3170 919 3032 0 8323 405 339 667
7850 8 6415 635 7615 293 4355 694 4703 376 9216 553 8424 30 6485 625 3989 148
7851 5 2188 587 9670 278 4673 -54 2778 782 5263 597
7852 4 9512 368 5423 586 7671 539 1016 776
7853 5 5341 42 9740 453 2237 0 8543 707 1364 680
7854 2 8048 -233 6733 -971
7855 6 8110 253 5385 686 9587 627 3442 552 7269 951 5666 -779
7856 6 6004 -326 7333 206 8699 128 1746 -52 9875 -667 6992 799
7857 5 5385 227 5465 402 8781 879 8428 447 1720 528
7858 4 6955 398 2466 917 5195 960 3944 962
7859 8 8992 -999 9261 725 7815 950 9066 823 1772 660 3351 759 6063 -760 905 -161
7860 8 585 503 8840 -978 6541 9 8318 684 9757 758 8035 -499 7169 483 6221 680
7861 5 5401 435 8856 665 8342 363 8040 -412 3848 396
7862 9 5015 236 7503 0 8356 -130 7280 186 9050 94 9974 -657 6524 251 8218 500 2074 -709
7863 6 5742 -781 4143 250 8638 943 7364 -708 7154 756 4994 938
7864 8 5582 -76 9311 805 4240 836 9227 770 5822 0 8296 161 9142 946 2304 36
7865 5 8940 -223 9430 338 5410 21 7650 -856 4534 237
7866 4 5065 226 3129 -919 4827 560 3066 -735
7867 5 5764 329 8494 63 6477 703 5765 916 4632 -245
7868 5 3252 889 9780 176 9500 601 9841 239 7754 0
7869 10 8813 433 900 491 8293 410 2319 -718 9515 348 8594 336 7806 -239 9872 877 7942 526 3230 812
7870 4 9956 214 9207 290 9666 -345 5635 718
7871 5 7688 46 5382 -34 9160 -203 1429 -611 3244 78
7872 5 8683 992 9240 431 6663 0 7907 0 3549 271
7873 6 8635 633 9097 317 8271 584 8934 842 9006 -857 6492 402
7874 2 9449 737 1889 -214
7875 7 7181 -628 9318 619 8037 613 6435 0 8838 -5 3431 916 655 740
7876 1 5944 -383
7877 7 7062 138 3108 329 9349 -938 9250 149 9945 708 8726 -751 2036 907
7878 11 4248 991 3427 285 3728 661 2107 847 8999 755 4805 -562 8168 584 8584 721 9611 -57 5634 368 6242 -888
7879 4 8262 -762 9689 -755 9293 287 2607 336
7880 5 9856 645 772 -112 9175 652 7820 704 3612 633
7881 6 8069 689 2051 162 2729 -223 8664 -454 8579 766 3677 439
7882 11 6647 208 6694 202 9480 -460 8378 -277 9561 0 7804 -257 9796 435 8699 273 9238 387 8264 412 5245 -225
7883 3 5555 987 8169 0 4219 -766
7884 6 8357 177 2296 0 2324 185 1179 323 8604 -143 760 775
7885 8 4808 -938 8353 -623 5828 395 8508 834 9894 947 5599 0 9789 -128 4861 -148
7886 4 9283 -231 2980 956 9483 617 1239 162
7887 1 3283 86
7888 1 2812 -859
7889 9 4452 -246 9211 842 8445 -694 7500 424 7108 950 2891 -792 166 581 7183 589 932 99
7890 8 8939 -128 3025 -906 8450 410 9291 99 1859 -419 669 69 8472 0 4029 -498
7891 4 9904 178 7317 338 8633 114 2431 64
7892 8 9633 249 1768 -223 9899 314 5234 519 3910 433 6737 -260 5225 899 4621 148
7893 2 4583 -668 1602 -283
7894 2 9104 624 4222 -764
7895 2 8579 -252 4820 926
7896 4 3260 -419 9235 900 5211 -674 5774 -129
7897 1 1008 -451
7898 4 7725 -800 8927 -856 9969 -453 393 740
7899 3 4377 780 9615 -145 2632 925
7900 4 8556 -662 8882 -368 6251 817 4232 884
7901 3 4801 -970 9227 964 5297 602
7902 7 8623 711 3343 966 5052 677 9722 -822 4046 482 1845 47 2635 438
7903 2 3747 -531 928 -57
7904 7 3118 128 7446 198 4897 901 3844 291 8868 869 9343 0 2777 869
7905 6 5570 458 6043 0 8641 0 4386 131 8905 138 6519 615
7906 5 5998 764 4599 327 9767 -962 3571 427 7720 174
7907 5 9210 -600 7579 684 7872 0 8817 -425 3870 609
7908 5 5048 0 8563 693 953 922 9943 866 1436 185
7909 3 2153 48 7131 157 3541 219
7910 4 6931 333 7448 816 6290 879 1036 879
7911 6 7744 -48 7840 -3 9358 520 8208 348 9967 794 5925 216
7912 9 380 57 8569 403 6146 388 8926 -715 8715 222 6073 669 6359 529 6731 379 7280 176
7913 3 5520 -595 9036 234 6081 304
7914 5 8101 407 9293 898 3403 697 7930 931 6970 -859
7915 5 8961 450 8037 -815 7460 545 7539 106 5736 -964
7916 9 8758 378 8751 180 3833 554 6456 -374 1999 880 8031 191 8071 283 9985 808 3339 177
7917 5 5834 -489 332 -687 8230 918 8553 559 7430 -85
7918 5 8783 715 9466 1000 4937 162 1350 675 1209 883
7919 3 9966 323 8917 896 4861 904
7920 5 8247 764 6302 408 7998 -458 7537 658 1776 -169
7921 4 6133 224 6844 186 7596 450 3932 367
7922 5 7539 985 8827 -565 9120 769 3360 11 899 -639
7923 3 6457 -185 8261 593 5860 666
7924 7 3726 -801 8599 -398 7464 -651 9501 351 9033 23 8981 -737 5952 608
7925 2 3826 -962 7483 -753
7926 3 8247 317 9276 572 2852 740
7927 4 5591 129 4272 768 5746 -246 2184 961
7928 10 9323 -221 9935 -841 6715 159 8464 515 9951 956 6286 0 1687 556 2049 54 8217 761 3651 144
7929 3 8368 -939 8764 -298 5981 342
7930 2 8400 476 7914 931
7931 6 2146 -273 8960 -922 2993 480 221 267 3487 289 6048 489
7932 5 7092 600 8130 213 21 -784 8562 60 4062 0
7933 8 1774 407 8760 356 7386 -77 8524 -91 7755 -172 9825 -445 9689 773 7486 -240
7934 8 9697 0 9226 -998 1179 962 4577 -829 5670 644 6770 826 9542 -928 5507 -677
7935 5 6173 65 7621 -912 2139 418 8330 868 7594 -642
7936 4 7845 756 7805 397 7379 626 1485 911
7937 5 6949 473 5896 768 2776 771 3283 517 397 883
7938 4 2542 729 4637 -8 3342 -886 4883 -491
7939 5 9907 0 5152 303 8651 27 3 854 4395 199
7940 5 5992 364 9571 797 8336 549 7469 -730 4822 540
7941 2 4217 36 6148 232
7942 11 5987 -926 8557 0 5201 528 5205 489 8990 288 8846 733 8828 -498 7869 526 9833 153 8176 -694 889 78
7943 5 9632 552 8154 30 311 -771 9337 818 980 329
7944 7 2919 -274 7340 855 7490 179 7336 -595 4659 272 7266 -502 4363 912
7945 6 5918 651 9688 164 7503 400 6459 519 9599 0 363 366
7946 6 7962 165 5296 -134 4701 0 7720 436 9085 648 4348 665
7947 5 1434 946 7199 224 7425 -88 9805 809 5509 -38
7948 7 7388 -908 7596 984 7513 846 9342 418 2012 -321 9832 529 3782 21
7949 5 8879 52 4788 -813 3628 462 9602 511 805 914
7950 4 1516 -348 9216 351 7336 101 5487 803
7951 7 5189 261 9230 274 3296 -164 2615 -993 7013 -824 4463 -476 6341 259
7952 3 7757 -614 9344 -811 6404 534
7953 6 6880 -405 8125 880 6999 -915 9516 323 7996 0 1779 324
7954 6 5209 701 7400 172 1108 -769 7774 90 8052 794 3291 943
7955 8 7627 917 1408 284 4396 -931 365 336 8139 471 9367 -677 5797 346 1983 37
7956 5 952 997 3128 -309 3575 0 9837 200 6950 325
7957 8 4791 670 6756 133 6961 869 3261 871 8949 938 6876 251 799 967 834 676
7958 6 7624 849 9655 952 9329 0 879 913 8605 851 525 794
7959 3 8915 926 9035 830 668 116
7960 4 6487 135 9499 -184 8379 557 1302 726
7961 6 8022 -417 9487 -373 9988 0 9966 979 9189 -997 6235 0
7962 6 7946 165 869 100 8239 323 5171 493 6978 213 6822 479
7963 5 3647 236 2769 -352 9874 989 9688 -616 7377 884
7964 9 7400 -994 6100 0 5369 519 9569 279 6446 623 5047 658 8925 12 9308 93 7094 211
7965 6 7672 -806 9192 684 9096 919 8832 704 8474 429 3862 513
7966 8 7079 -285 8565 206 7030 349 1153 682 310 200 9247 922 3381 526 2487 200
7967 5 7684 -318 5581 671 4915 221 8682 262 7496 827
7968 7 3596 856 596 427 2354 119 9852 424 9508 0 8978 -785 488 -71
7969 3 8330 -718 9392 -758 3329 189
7970 6 4765 -147 9240 620 6363 47 6708 -7 9242 590 7658 688
7971 8 7491 110 8184 907 9220 263 8075 9 8681 807 117 180 1598 -771 7329 -807
7972 8 1741 0 8323 -49 9259 -243 5549 -260 70 939 9384 -597 6330 -959 1047 841
7973 3 4154 149 7838 326 1075 232
7974 5 8039 442 5584 0 51 332 9261 373 4206 -969
7975 5 9451 977 6791 167 9887 889 9099 778 789 -457
7976 7 8618 193 7016 -518 925 -924 9294 565 7736 451 2029 721 1667 871
7977 5 9624 746 9937 435 8849 0 9673 -362 572 374
7978 2 3372 154 1991 -783
7979 4 8043 843 2428 993 9539 -60 3087 -913
7980 3 9475 899 1415 577 829 175
7981 7 9164 -134 1412 593 7156 -664 2183 -891 9112 -159 2101 925 5610 942
7982 3 6394 333 6349 320 2974 0
7983 2 6717 871 857 404
7984 6 8230 188 6155 316 8481 940 6204 -913 8286 -871 445 790
7985 2 7773 0 1005 -666
7986 3 5632 238 7136 42 4291 461
7987 6 8176 733 7495 -510 6489 0 7399 658 6041 483 773 673
7988 4 9523 551 9033 -726 5841 702 5571 -251
7989 8 245 -616 4329 479 2871 220 1831 78 8935 173 4986 999 8136 -577 3307 2
7990 3 7321 111 9269 64 535 819
7991 5 8305 -370 5143 0 8128 631 4108 -543 7209 766
7992 8 6159 652 1238 -864 9769 302 6044 506 8288 190 8488 125 9932 797 6702 252
7993 8 6219 -624 6817 109 8122 478 892 -27 7385 -754 8392 533 9794 434 5397 465
7994 6 7675 609 9365 0 2740 462 7586 -583 1781 -533 7832 0
7995 6 9629 -113 9665 0 4155 418 6785 47 8652 -701 1811 773
7996 12 8471 358 9704 309 9001 346 7603 677 3132 -783 5850 49 6925 659 5212 885 8041 351 7953 0 1204 428 4673 -781
7997 5 9750 716 1379 352 3479 -121 9515 -654 4504 0
7998 5 8177 331 8445 340 5172 -436 7920 -458 2591 69
7999 5 9020 370 9161 617 9098 0 9652 678 7715 57
8000 6 8846 -596 9126 536 8067 0 9608 637 2832 -417 912 913
8001 3 9120 865 9771 76 2095 -919
8002 8 8061 516 9322 775 2860 -226 8520 239 6279 743 8255 390 8609 469 951 662
8003 5 4299 421 3215 -638 8700 799 8169 242 4427 -737
8004 5 1872 876 2291 -382 618 -707 2938 54 6697 440
8005 4 1067 417 8640 777 4025 412 4750 -985
8006 8 9905 -411 7365 557 4007 0 8880 -817 4425 754 1928 997 7772 -499 4254 813
8007 5 6969 305 6053 167 9379 697 8215 -681 4507 357
8008 9 9041 842 6046 -992 4734 805 8353 -393 8996 302 8658 930 6335 976 1467 622 4015 -113
8009 7 5160 458 8326 189 7602 -855 7337 93 8614 169 8030 -256 3752 807
8010 5 6071 97 7698 689 9180 448 5930 708 4966 960
8011 7 6119 -101 4716 -621 8509 875 8484 651 9336 -560 9434 49 4814 771
8012 8 7735 680 668 977 1949 290 6243 367 2814 60 8471 656 1323 390 6745 -349
8013 5 4246 116 7399 -691 7438 75 6695 -560 996 716
8014 4 8926 597 5631 334 8453 586 6135 -544
8015 7 8224 -969 9487 32 1995 801 9141 307 3892 387 4210 153 913 654
8016 9 9563 774 4544 130 7400 383 6086 -48 3987 -895 9742 84 9218 539 9539 396 3638 -113
8017 5 9424 225 1818 959 1591 621 8482 44 1476 446
8018 5 6778 941 8680 457 4911 286 6296 0 6199 992
8019 5 8354 803 5742 35 8668 970 9199 860 1990 257
8020 4 6043 878 2946 539 8774 309 5306 385
8021 5 5392 -780 8863 -725 6620 795 8370 144 36 292
8022 6 8491 836 7961 -417 8978 0 9580 -207 9383 195 3243 490
8023 1 4998 8
8024 10 6435 -605 5454 859 3393 506 8451 307 8286 221 9658 348 2853 472 5389 709 5651 785 7146 936
8025 6 7567 -453 7722 898 9947 221 7168 -361 9759 792 2814 927
8026 5 2706 762 785 -772 4439 479 7078 584 6042 0
8027 6 5041 -30 6696 864 9335 -219 8585 -283 5538 -606 3642 643
8028 4 7205 67 9029 -471 8378 871 4237 672
8029 4 9969 358 7836 214 5777 896 178 555
8030 2 5151 522 8009 -256
8031 3 6122 -121 7916 191 4572 842
8032 5 9695 979 2664 884 9393 494 17 86 4543 840
8033 5 6349 379 6936 -91 7136 689 8108 867 4434 803
8034 3 7330 -254 9993 0 4892 944
8035 5 7599 124 1103 -733 7860 -499 9157 0 2828 -415
8036 2 6014 984 2426 805
8037 8 1435 -137 7915 -815 9102 453 7875 613 3380 199 9538 0 6726 -781 3224 922
8038 2 3471 0 4660 130
8039 8 5520 -867 7974 442 1065 945 8184 209 6486 276 2832 0 6573 605 1512 665
8040 8 9994 402 2951 -352 9800 217 4235 84 8547 646 9333 755 9907 26 7861 -412
8041 12 8634 185 8226 165 1705 457 5904 371 2736 10 8700 454 6590 -765 7996 351 9059 272 8830 -777 7150 -807 536 -246
8042 10 7523 871 6794 360 9471 188 2629 756 7002 656 8185 164 8622 190 7686 -172 9936 678 4053 765
8043 8 2225 203 7979 843 8956 773 1310 15 1838 -603 4466 809 3263 532 6192 469
8044 5 9082 534 9980 -621 6878 566 5398 908 2145 192
8045 10 9129 818 4715 -638 1703 -288 8672 844 6002 112 4198 294 9164 339 2775 -538 4495 553 6312 256
8046 4 9516 855 8806 0 3456 -28 3607 0
8047 6 4281 842 7733 713 9289 -250 9877 30 9019 -395 4547 8
8048 5 7854 -233 6964 596 9902 380 5454 697 6274 150
8049 4 9713 458 7609 889 7629 33 798 -640
8050 5 8940 164 2178 979 8487 753 3002 724 4164 192
8051 3 3723 368 9077 -38 6993 579
8052 6 7368 556 7343 -572 4507 221 3164 0 7954 794 1603 232
8053 8 9685 418 4300 530 8920 917 347 824 8504 512 7367 225 9762 -467 4382 265
8054 6 8214 -336 8569 0 8309 -954 9429 699 9786 -24 6564 -576
8055 4 6930 786 7319 256 8738 934 4596 -430
8056 10 8864 871 9394 367 683 350 8464 -854 6318 445 6185 -116 7424 586 7614 377 9640 913 5119 -580
8057 5 9887 478 3807 233 2138 698 9811 999 4584 854
8058 5 8267 726 8141 124 3451 -651 9971 394 3880 243
8059 5 5646 -608 9637 303 9722 362 8571 0 2280 371
8060 2 2840 660 4875 282
8061 7 8002 516 3722 -790 3804 -178 7553 863 5592 944 7388 711 4792 9
8062 4 4753 490 4594 699 50 875 1096 949
8063 5 9544 437 6368 989 8892 -491 9632 213 643 736
8064 3 9181 448 9068 -719 6342 169
8065 7 8857 380 3993 861 6938 234 8617 -974 8599 709 8684 -808 952 866
8066 9 8869 766 859 -509 8577 -331 7462 339 1238 -518 9107 -32 9041 487 9294 710 5139 835
8067 5 8000 0 8649 589 7352 -244 2144 0 6804 878
8068 8 8186 240 8626 832 8992 -6 1264 850 7835 489 9546 951 9604 815 3562 421
8069 6 7881 689 8221 -705 8819 186 8678 992 7789 -666 6500 -102
8070 10 5407 16 6454 939 3730 985 840 322 5734 0 2744 -281 9098 -335 7734 512 8906 -220 3301 769
8071 9 4862 654 7507 378 8903 790 2873 167 152 -949 7916 283 6894 313 8366 556 1296 14
8072 5 9585 -38 8201 -663 8430 257 8735 653 6372 735
8073 6 6359 976 9630 751 8850 928 7265 -833 9842 -792 2073 542
8074 3 7670 483 7142 387 7304 353
8075 3 3620 443 7971 9 3935 92
8076 9 3581 143 4745 326 5085 734 3427 599 2739 111 9468 418 6735 577 253 -219 1316 436
8077 1 6320 1
8078 6 2714 717 2447 202 9855 -640 1185 343 3024 128 6879 -96
8079 4 7416 453 5902 236 4910 368 7512 524
8080 6 2444 791 3204 -121 9987 518 6889 -847 376 305 6170 142
8081 5 8251 866 9867 -789 1404 -110 9082 -698 7831 671
8082 10 6914 332 5682 745 1635 749 1844 526 5434 188 4368 0 8143 485 5332 -973 8733 284 5583 810
8083 5 8278 -107 9977 895 6181 708 9994 -748 518 864
8084 4 3209 639 4630 694 354 577 2393 -339
8085 6 6848 -377 6751 183 9678 67 180 76 8119 -245 2148 467
8086 5 3748 445 1824 845 9378 263 8400 508 6648 -290
8087 2 4101 598 373 -255
8088 3 3338 540 3974 371 3300 320
8089 6 4136 -347 4623 241 9065 482 6665 -757 9549 0 3224 17
8090 3 8893 292 8467 820 4526 -644
8091 4 6730 -238 7128 348 9581 -328 1797 87
8092 7 5804 98 1124 810 9641 600 9885 78 9874 768 9972 404 2471 288
8093 4 2956 -851 6578 583 9563 332 7072 351
8094 3 1832 100 8247 416 2139 0
8095 5 2316 389 4393 70 6327 644 7553 562 5140 321
8096 8 2515 489 3355 13 8250 889 6396 -594 7815 -186 2684 -353 6078 2 7564 -299
8097 8 9520 7 7311 730 8447 -837 9089 582 5121 572 7442 -651 8696 0 2270 892
8098 4 2897 167 7765 0 8151 378 3907 796
8099 7 8877 923 9039 -742 5062 436 5809 451 5888 44 1180 -935 2273 78
8100 7 5252 -252 9887 -80 8178 110 8976 277 9541 -844 4169 390 7070 819
8101 5 7914 407 9670 197 6070 993 7764 835 1101 -321
8102 1 542 901
8103 8 5320 625 5774 -594 3023 360 3681 982 9961 -298 6170 903 9869 34 3984 530
8104 4 8167 -750 1947 624 4553 467 7489 964
8105 7 8524 785 5935 66 7439 -445 7255 -216 347 309 5547 765 4185 579
8106 6 8568 -385 4819 310 1862 128 8446 -857 4543 908 4877 517
8107 6 6792 -357 9377 707 2797 890 9510 -489 6526 991 6662 515
8108 6 9700 -797 7177 217 9122 -111 8033 867 3432 435 3246 -499
8109 7 7442 -368 1932 242 5969 680 5955 0 338 456 6098 -527 3641 0
8110 2 7855 253 6017 958
8111 7 355 690 5119 950 9198 388 6645 47 5836 213 9401 0 7290 646
8112 3 8218 -506 8268 400 1082 58
8113 6 5465 361 9394 955 7507 776 6071 998 9932 250 5376 898
8114 2 8302 -752 2751 43
8115 4 2330 -260 4853 520 5625 802 7798 -368
8116 6 9709 939 9513 0 3521 296 2334 988 1183 21 6792 194
8117 3 8531 70 3643 -72 5074 726
8118 6 7729 -296 8234 566 1337 380 9462 586 8421 986 1466 433
8119 6 8161 865 6654 -235 8085 -245 8861 367 4435 882 1357 852
8120 1 7200 -898
8121 4 9983 850 7600 90 6917 -459 1143 772
8122 4 9570 932 9093 106 7993 478 3864 -795
8123 6 1347 985 3251 76 9545 681 3008 837 3583 0 844 30
8124 5 8277 158 1566 -673 9111 477 1575 679 4012 961
8125 3 7953 880 5645 -442 7040 0
8126 6 817 823 7700 231 8494 -352 5353 0 7341 12 7273 505
8127 4 3241 110 7789 746 7454 480 5267 926
8128 2 7991 631 6660 469
8129 4 8961 998 6743 122 2964 312 6240 -39
8130 3 9635 840 7932 213 1984 653
8131 6 9169 924 3740 654 9775 176 9899 -13 3554 917 4897 775
8132 4 6443 311 2062 -744 9151 737 3217 -657
8133 8 4089 526 8160 -570 9239 -332 1798 -228 523 757 5333 862 9617 -192 4353 859
8134 6 7331 -572 9691 -916 8300 176 7551 742 6804 -70 2326 503
8135 5 9704 -384 6412 360 8628 367 6034 227 6584 783
8136 5 313 480 5177 30 9865 281 8757 -228 7989 -577
8137 5 9493 723 3653 363 8852 916 9177 -315 7199 -106
8138 2 2416 -34 6713 851
8139 5 9402 531 8237 -649 7812 0 7955 471 7020 -252
8140 8 8599 0 9244 448 9234 0 8778 19 8823 651 9047 314 8198 -851 7439 -920
8141 7 8058 124 9903 938 8420 656 8669 12 3761 -380 9741 375 1889 1000
8142 3 7559 984 8736 86 7256 215
8143 6 1594 12 5606 98 8725 531 8082 485 9619 159 7117 157
8144 4 9155 609 4267 192 8904 -535 1884 374
8145 7 9961 -193 2666 573 8623 533 3369 45 5383 -504 9473 810 5203 16
8146 7 5207 388 9413 674 1104 325 9785 680 7652 967 8960 683 2149 -240
8147 4 8779 434 6906 -374 4688 64 3653 670
8148 7 4955 238 4003 582 7494 0 6996 34 4187 55 8634 0 7821 387
8149 6 5612 484 2877 542 8321 -635 7173 -127 8801 926 321 -508
8150 6 4141 405 8914 445 7828 23 6357 85 9760 89 5802 -963
8151 4 4193 814 4230 642 8271 0 8098 378
8152 4 7744 698 6791 24 8548 -751 3831 864
8153 1 7276 906
8154 7 8757 0 7117 247 7321 83 8609 401 7943 30 4380 70 7209 903
8155 5 7407 464 8725 -487 3535 245 927 -738 3373 565
8156 4 8828 0 9236 611 8576 122 1547 -873
8157 4 6873 291 1255 892 7469 -232 7674 -367
8158 5 1496 -434 9667 -711 1774 522 9431 105 6736 871
8159 10 9400 373 2813 -161 7060 -940 9463 846 8693 241 9984 932 5834 363 5868 -538 5098 -103 4259 -694
8160 8 4879 929 8133 -570 8784 -827 5304 -744 7691 326 8229 43 5894 40 7495 735
8161 6 8119 865 9127 510 9335 -484 7763 0 8862 850 296 615
8162 6 6375 -388 7537 -158 6067 985 1284 -912 9408 267 6214 -334
8163 8 2054 833 4514 139 6123 611 9047 306 5610 512 6358 -85 9676 505 7025 904
8164 4 6010 -13 9553 -418 7474 215 4332 193
8165 12 9197 823 8601 -762 1291 50 4404 785 9901 -941 9086 668 5121 -699 9854 -334 8590 293 7368 979 8343 886 3126 0
8166 4 8572 126 9770 6 6723 430 2266 169
8167 3 8104 -750 8225 743 7800 -418
8168 6 9496 746 6921 138 7878 584 8698 90 5657 469 3405 63
8169 10 8190 -173 5719 -772 8259 954 8500 -638 3939 -822 4533 69 8003 242 5788 -928 7883 0 7237 -417
8170 7 7146 79 9787 -54 7472 845 6255 122 7735 275 4076 585 4827 -708
8171 10 4451 -13 4597 190 8310 722 4558 245 2766 -311 6621 985 6826 0 4632 609 9729 933 3487 239
8172 8 9978 280 7054 123 9750 743 3184 826 7389 987 7581 836 6969 -289 886 290
8173 4 9140 -489 4017 913 7115 813 4114 0
8174 2 8830 -920 1429 452
8175 8 9805 511 4508 -22 8709 114 6446 245 4147 -906 3987 -364 9115 235 5906 -120
8176 5 7987 733 9964 648 2802 -649 9886 -834 7942 -694
8177 5 7998 331 1919 701 5199 686 8855 -816 7601 894
8178 8 2004 17 8100 110 9610 -656 3989 566 8733 618 6265 881 4878 807 2662 767
8179 5 8810 -856 6534 689 7514 -82 9825 483 2664 -811
8180 6 2608 -242 9771 -707 9524 -730 9291 423 5870 -459 6894 160
8181 8 7319 -389 9694 907 8315 58 6125 991 4644 284 3223 722 4581 688 7238 902
8182 6 9855 681 9183 -467 8796 468 2663 -7 5307 815 7108 884
8183 7 9171 57 6996 0 9673 0 8534 615 6280 596 5979 546 1081 769
8184 5 7971 907 9949 685 4425 618 8039 209 1816 86
8185 7 9641 -583 8974 978 3183 274 2749 751 8042 164 8775 846 3570 10
8186 6 8068 240 94 458 9371 -685 7053 48 9675 54 5878 966
8187 3 7246 -61 2127 806 6788 953
8188 4 8548 684 8299 -172 5548 830 3596 378
8189 5 9321 966 5733 0 1843 482 2617 181 3559 569
8190 5 8659 291 8169 -173 7818 -317 270 -447 2270 154
8191 7 8311 -55 7046 307 1763 983 9807 -412 7654 901 8296 584 4498 603
8192 5 533 510 2975 -810 7642 549 8790 255 3986 759
8193 7 2363 578 9552 753 3733 345 9056 165 239 -822 9422 0 547 954
8194 4 7812 726 7076 -306 9876 -260 4837 741
8195 7 7346 83 9343 -338 9297 328 3476 486 3002 578 7653 0 1793 788
8196 6 8492 709 8898 92 7491 506 3472 -458 9865 0 3727 296
8197 3 868 510 8623 0 6065 -496
8198 4 1053 0 3419 -182 8140 -851 1030 -289
8199 6 8940 -267 9905 285 600 82 9730 533 8574 739 2246 177
8200 5 9114 694 9043 658 3446 66 8266 514 6045 48
8201 6 7713 838 8072 -663 5636 273 7400 544 9615 752 6720 462
8202 4 7117 175 9400 0 8495 930 2326 329
8203 9 5156 833 5917 373 4322 321 1905 -847 1995 820 7493 -317 6880 -608 7616 464 1693 600
8204 3 5525 612 7705 960 6731 783
8205 4 7224 -694 8722 -343 6430 20 1958 962
8206 3 6654 822 8244 912 6756 42
8207 7 6559 678 8225 437 3821 -451 7528 458 9764 -287 8942 518 157 291
8208 8 9166 851 8643 -216 5811 -162 3485 648 2702 704 8577 -803 7911 348 7848 69
8209 3 7753 517 8332 164 5867 552
8210 3 9097 355 8364 0 5829 0
8211 4 3337 0 6346 181 9977 -74 3638 -564
8212 1 4322 -417
8213 3 4686 321 6839 -569 1461 287
8214 11 8054 -336 9316 931 8770 704 816 44 2822 902 4595 -673 6572 -720 9350 -627 1326 942 2945 -857 5412 709
8215 6 4528 -665 1684 294 8007 -681 7251 -6 5627 -920 6962 -121
8216 5 8891 283 3952 729 2866 427 7208 805 3787 -620
8217 5 5672 932 8991 367 9655 -75 6060 781 7928 761
8218 7 6139 202 8112 -506 6219 427 7862 500 1025 461 9856 22 2271 987
8219 7 9285 593 4685 809 3843 298 9185 570 9068 844 9560 286 5240 -91
8220 4 9137 879 9136 -313 7380 199 2151 -549
8221 9 1461 508 8069 -705 3893 435 7548 900 3131 73 5376 636 5550 351 9712 0 4691 -401
8222 2 9404 -200 1745 -870
8223 5 5580 947 8557 268 4244 481 7165 616 3465 -80
8224 6 8015 -969 7665 349 4422 613 4386 -346 9774 -71 4096 343
8225 8 313 467 8207 437 8242 137 9531 -804 8167 743 1307 397 3287 -800 1637 201
8226 3 8041 165 3097 71 2758 149
8227 3 1193 -944 8376 906 5426 937
8228 4 351 -827 8526 17 7690 37 7014 71
8229 11 6779 254 1966 515 4815 88 7038 289 7830 925 2228 194 8810 785 7289 -914 6407 -77 8160 43 4640 -44
8230 12 7035 955 7984 188 1881 -102 8890 -619 9935 991 9164 388 5963 -157 7804 -197 7371 -219 7917 918 9639 551 7526 -864
8231 5 9142 -69 7142 613 3326 524 9455 78 7527 852
8232 6 7509 -508 7298 603 4702 0 9859 0 9023 -724 1143 0
8233 6 7189 309 6412 942 8529 676 9986 622 3372 519 6315 -148
8234 9 8118 566 4304 641 8891 634 9365 822 2436 472 9476 766 6131 552 1073 163 6676 -477
8235 4 8474 752 8313 267 6469 401 2565 101
8236 1 7595 930
8237 7 8675 -732 9966 604 7445 24 8139 -649 1611 -626 8755 521 2247 205
8238 4 6030 -604 9635 -911 1925 227 803 -926
8239 5 7962 323 9708 772 8857 734 2405 794 535 924
8240 5 6770 874 8604 354 8339 694 8461 165 6554 -195
8241 6 8606 0 8329 744 5234 521 992 265 7517 -981 4029 799
8242 5 6560 340 9892 860 8225 137 851 -32 2455 714
8243 6 7338 -912 4532 717 4879 0 5954 868 8805 601 1343 273
8244 8 4306 441 2923 950 7483 840 7107 793 8206 912 8616 793 9137 926 7685 -235
8245 4 6208 -214 5687 -174 8872 173 6965 491
8246 8 3327 -604 7751 475 9063 381 7640 134 1623 320 5566 -226 9609 975 5380 -147
8247 7 7926 317 8918 -333 7920 764 6400 955 8094 416 6957 -863 2308 314
8248 4 5283 717 7763 -821 8558 418 5000 738
8249 5 1653 0 791 0 636 35 6482 492 4085 -680
8250 2 8096 889 7481 -868
8251 8 9915 43 7682 381 8081 866 9387 -624 7737 756 9522 -553 2728 417 6154 0
8252 4 3894 657 8468 777 6945 786 2434 495
8253 4 6926 293 4651 566 7779 -457 4011 -398
8254 3 5500 -704 8653 -141 4676 92
8255 6 4050 -69 2731 375 9969 -236 8002 390 9439 -627 2583 933
8256 9 5306 -51 9795 937 5784 -461 4089 90 1275 612 8344 18 6564 -489 2320 898 7048 731
8257 5 8625 364 2768 -200 7090 286 8887 0 3164 464
8258 2 9749 -223 4938 -410
8259 8 9748 573 7195 -664 3035 548 8169 954 3966 116 9432 -53 9681 -196 5974 -67
8260 5 9606 -271 9925 0 8493 91 9597 944 7345 936
8261 5 7923 593 9452 903 5634 -699 513 618 3858 649
8262 7 7692 512 7340 -670 9819 -945 7879 -762 9898 -504 9409 -13 2815 101
8263 9 5226 883 9194 787 9209 755 6375 801 9247 301 8607 -129 8432 -785 9601 600 1388 731
8264 3 6696 891 7882 412 4222 318
8265 5 9804 228 9264 666 7798 589 3655 846 3663 62
8266 6 2668 280 6402 88 8200 514 730 -242 8935 -193 2767 598
8267 3 8058 726 5947 173 3706 281
8268 5 6880 0 7275 -512 2684 -330 8112 400 4301 0
8269 8 9976 -802 8937 732 1754 329 1319 -283 485 342 7011 -777 9049 -689 5253 384
8270 3 1545 561 9789 231 5778 888
8271 5 6233 462 3773 272 7873 584 8912 195 8151 0
8272 3 9367 -289 9412 143 615 797
8273 6 8566 174 9185 -231 1210 605 6192 497 403 5 1773 50
8274 6 9926 468 6174 192 8590 478 1266 -985 8677 645 4769 -814
8275 3 9077 37 4522 629 1516 0
8276 5 7424 821 6955 0 972 400 7565 -419 6090 143
8277 2 8124 158 5249 966
8278 10 8083 -107 3217 -727 9407 -120 478 -550 8506 -289 9829 -18 8806 -942 8755 336 7247 170 1206 -444
8279 4 5055 0 7497 769 6902 751 6667 0
8280 5 9125 -275 8873 193 4160 555 8750 13 5854 -773
8281 6 8976 247 7465 217 1953 809 3187 435 1892 969 3021 840
8282 5 6539 499 9886 -930 5880 964 1908 0 3564 188
8283 4 9616 733 8570 -45 6884 502 5997 437
8284 8 6054 -90 9111 -121 5097 -411 8495 -941 7647 -700 8749 457 9724 -270 2997 323
8285 7 3677 -48 4896 -907 4582 189 8356 287 8682 -649 4697 33 1300 472
8286 6 8024 221 3403 257 5085 896 7984 -871 9243 927 6450 505
8287 5 8482 981 4302 -120 9904 -804 8354 75 2676 -601
8288 6 7190 360 2135 -857 9794 -832 8414 -835 7992 190 2576 9
8289 5 6411 -950 9707 -61 9083 -655 9741 -797 3766 635
8290 3 2511 -514 8385 775 4177 380
8291 4 7661 272 2908 205 6925 857 5357 621
8292 6 8775 689 2695 -105 8534 767 9594 -642 9266 681 6183 770
8293 6 7869 410 6952 -110 3952 268 6859 746 9598 814 1664 996
8294 8 1918 404 7181 189 8845 540 9962 -224 9350 741 5606 -142 9837 -851 7275 624
8295 3 3231 10 2383 -314 3439 -45
8296 9 3971 679 9605 719 8191 584 4660 924 9752 -603 9761 183 9776 130 7864 161 735 938
8297 4 8785 -698 9000 964 1873 967 5940 921
8298 4 8488 89 3404 265 8931 608 86 635
8299 9 6240 260 8857 174 8188 -172 1174 -691 9413 92 7261 880 9703 531 7332 -104 3729 731
8300 6 6881 57 1910 795 8134 176 6950 132 8483 840 1552 -440
8301 6 9361 793 7773 375 7560 4 4923 250 6707 680 4048 20
8302 9 9554 999 450 565 7240 -553 4978 718 6585 388 8591 561 2944 897 7831 138 8114 -752
8303 9 4567 4 9843 -265 9339 788 7762 719 7404 0 1667 85 7085 983 8638 390 3494 810
8304 3 5957 -658 9746 992 5668 820
8305 6 7991 -370 6766 279 8820 822 2867 -550 5475 751 597 405
8306 4 6684 39 2052 461 6820 449 5227 417
8307 8 8827 652 942 351 9151 814 1282 -708 7779 -421 8362 453 6087 593 3749 -700
8308 7 4072 357 7402 -189 5667 810 4248 -582 9772 488 9455 422 729 0
8309 4 8054 -954 4716 0 9918 -724 5297 443
8310 2 8171 722 4973 -806
8311 4 8191 -55 6552 859 9359 680 6701 843
8312 3 8623 172 9564 284 1479 184
8313 8 6310 575 5320 329 8235 267 8339 951 9101 704 6983 -814 533 240 6346 815
8314 3 7291 254 8317 445 6724 278
8315 5 6675 358 7203 0 8181 58 9309 -629 3999 555
8316 6 1176 140 1018 890 8945 493 8512 747 9034 989 1221 45
8317 6 8362 476 1822 909 8419 65 7516 50 8314 445 6105 -290
8318 2 7860 684 1708 148
8319 4 9283 -94 8387 552 6089 -228 3888 416
8320 6 3782 0 8537 -677 4721 671 6048 -896 5536 772 5103 -665
8321 7 7401 -999 2201 910 4319 -160 7473 -195 8149 -635 1823 899 7042 -228
8322 4 333 830 7310 753 9233 0 3532 55
8323 4 3532 125 7972 -49 8777 496 7849 405
8324 5 9730 -619 9954 -800 5407 -214 7166 787 6807 706
8325 3 6745 930 3339 254 3692 -814
8326 6 7193 536 4724 608 8009 189 930 576 1315 -19 1260 397
8327 4 7707 187 8689 -938 9940 564 4056 741
8328 1 7041 -528
8329 9 8241 744 1810 58 7351 392 9591 503 7655 549 2163 744 9788 216 4440 0 4656 270
8330 4 7969 -718 7935 868 9021 942 3432 29
8331 3 8868 562 7653 989 6445 -298
8332 4 634 339 4705 741 8209 164 4532 156
8333 9 6375 533 7486 55 8760 -524 9125 0 5436 948 627 873 6332 -880 9113 0 2176 0
8334 4 4651 405 7775 162 3657 283 2538 133
8335 5 5270 427 8487 472 2597 222 8948 460 5204 387
8336 4 9208 0 7940 549 8779 637 7399 0
8337 5 8532 130 4981 -234 8802 117 9525 -17 474 -701
8338 3 9195 287 8671 694 5474 688
8339 9 9440 29 5028 401 8313 951 8240 694 9367 996 6870 413 4959 -580 9537 664 7031 288
8340 5 8889 -129 9744 188 9481 -177 412 812 5564 910
8341 6 9276 773 5851 822 7781 0 9508 0 8348 -158 3395 -856
8342 4 8819 -117 8947 490 7861 363 53 380
8343 6 413 659 3766 -211 9696 766 3945 11 4688 0 8165 886
8344 7 5539 546 8256 18 5665 -775 9244 739 4071 -865 9195 366 5736 57
8345 4 750 746 9458 766 3963 0 5127 177
8346 3 7037 -68 9023 -542 3908 -919
8347 10 9011 -242 883 -391 8695 433 7082 82 4114 140 2056 -160 8628 0 7188 36 8446 777 5315 -984
8348 4 9128 881 8341 -158 6413 759 5553 647
8349 2 9469 307 2129 865
8350 1 6557 446
8351 5 8731 -618 7254 813 9979 491 8375 343 7181 430
8352 5 6083 -814 7752 176 5855 850 8643 -627 5409 429
8353 7 7109 949 7885 -623 8008 -393 8868 -133 6556 466 9545 -607 3939 -33
8354 6 9200 858 8287 75 8567 551 8019 803 9890 -68 4250 435
8355 7 8564 255 5791 683 8511 -721 2045 -792 7816 973 7206 -84 4712 -497
8356 7 2174 665 9647 671 9926 398 7862 -130 8739 578 8285 287 6205 420
8357 4 7884 177 9004 771 1827 961 3028 -300
8358 7 1000 -930 9670 130 9334 -560 2808 11 7349 918 9910 573 2391 728
8359 7 5079 126 9489 856 5284 209 7036 -566 9861 161 9826 78 3682 -772
8360 3 6790 50 8529 946 7304 -879
8361 5 6493 -380 9017 676 7203 -885 5634 6 5262 -669
8362 8 8317 476 7626 664 7088 13 4576 796 8307 453 4198 287 9874 -301 234 550
8363 8 6075 -451 587 32 9341 779 7812 27 9833 0 9078 -527 1888 -733 27 831
8364 7 8848 7 9601 432 9218 936 7666 219 8210 0 9027 -123 2987 -558
8365 6 7502 -620 8694 240 1275 581 7334 797 6855 -646 1960 359
8366 4 8813 934 9586 -310 6550 582 8071 556
8367 5 5213 -847 2299 -333 9537 157 9564 468 1706 654
8368 6 2419 490 2456 985 8851 466 5986 366 7929 -939 6570 414
8369 6 7805 -697 8575 391 8911 948 5649 0 5315 860 7753 519
8370 4 8458 160 9761 264 8021 144 3066 755
8371 6 9836 148 7447 446 8379 735 6190 -438 1624 -29 996 -554
8372 4 4196 579 7725 -13 8952 419 1046 732
8373 6 860 -908 9274 156 9456 232 7124 750 8548 931 8 677
8374 4 2673 552 9571 754 8810 641 7094 -685
8375 7 8873 707 4760 101 2396 53 9387 -658 9358 812 9123 724 8351 343
8376 6 9624 39 5285 -697 8227 906 4544 -329 6195 166 5344 0
8377 3 9697 90 8527 427 6413 -278
8378 8 5084 362 6353 216 9799 541 7466 -981 7882 -277 4437 847 8028 871 5504 0
8379 4 8371 735 9931 280 4668 158 7960 557
8380 9 4647 259 9203 -404 6742 -131 7206 285 3257 -292 6186 -90 9638 0 9787 751 4916 -920
8381 6 6107 451 5917 962 3071 662 2585 831 5643 899 2112 -250
8382 4 7552 -288 6654 -870 9986 386 2126 310
8383 6 9810 700 8909 -451 9657 647 6937 884 9838 860 6721 99
8384 5 326 -618 2313 -814 699 183 8837 -368 6971 665
8385 6 8395 -169 6242 318 8290 775 8468 564 6742 -75 4481 -640
8386 6 2446 990 2916 -828 9399 724 9027 181 5110 10 5782 925
8387 10 5049 559 5173 674 7596 761 4397 365 8319 552 9618 216 8890 594 9525 163 7365 336 5358 639
8388 3 9976 740 4254 165 6680 719
8389 2 2439 -436 3720 366
8390 4 3179 359 9962 263 9410 486 5884 493
8391 4 6690 535 6923 154 8940 0 3428 751
8392 5 9888 559 2071 -704 9225 798 7993 533 1272 543
8393 3 8892 451 8866 415 4853 -163
8394 4 9534 976 8949 -939 3048 885 6281 236
8395 6 8385 -169 5806 -611 9795 -793 8974 541 4753 424 6141 116
8396 5 4328 216 864 590 2852 742 9209 0 5673 0
8397 2 5133 539 3168 181
8398 4 6725 872 9387 -637 6048 -181 1144 -989
8399 1 2740 131
8400 8 9837 -492 4678 121 7930 476 9306 427 8086 508 6571 0 8977 -522 3715 -633
8401 4 5453 200 3427 33 6831 -410 2827 967
8402 6 8730 12 7776 388 9808 586 8689 381 9393 -726 4521 109
8403 6 3476 964 3511 769 8822 46 7538 -258 2251 58 6161 478
8404 4 7107 281 5072 -616 1029 -669 3557 0
8405 6 2242 0 7523 845 9569 -145 8654 0 7054 -784 2104 0
8406 4 5005 44 9955 -44 847 346 5031 903
8407 4 1203 144 9645 0 1052 789 4666 60
8408 5 9905 291 5921 817 9482 434 9910 -169 5163 424
8409 5 9572 845 8677 894 8580 435 7637 520 1443 103
8410 4 5367 41 5344 487 8667 944 1612 329
8411 10 4972 261 6523 575 5471 513 7522 590 9163 -817 3121 172 5662 -637 4445 -311 20 906 2999 399
8412 8 2514 0 6697 812 9837 64 6508 894 9391 937 7845 -793 9692 148 492 564
8413 8 493 562 7563 143 9538 219 8968 681 9553 703 7758 -557 9374 267 1111 307
8414 5 9323 529 1568 275 9000 475 8288 -835 6920 685
8415 5 7407 -741 7762 381 6391 218 9236 379 4653 531
8416 4 9014 627 3034 350 8661 -442 5282 321
8417 7 7569 981 6651 20 6573 612 4068 93 9690 -234 7586 407 3551 405
8418 4 5296 456 7722 784 9432 -480 1384 548
8419 10 8806 -138 4722 944 8317 65 3955 699 8488 -251 9388 782 9270 950 7365 964 6186 -839 3434 718
8420 5 9004 0 8141 656 7047 834 8748 447 2222 1000
8421 4 9483 -472 8661 728 7015 492 8118 986
8422 5 9098 844 6733 610 9418 257 6401 -436 2191 44
8423 4 7831 -511 4003 820 9993 655 5521 879
8424 2 7850 30 7459 913
8425 3 7216 488 1074 353 5646 740
8426 6 9862 -372 4273 480 2814 0 7327 437 9792 646 445 987
8427 4 3891 -89 6282 53 4022 -684 4590 424
8428 5 792 225 9148 718 115 219 7857 447 7742 331
8429 3 9792 0 2143 537 2383 855
8430 7 6977 -557 8072 257 4328 -96 9304 856 2256 142 9217 970 1358 871
8431 7 7148 0 9713 436 9034 21 8878 384 9387 322 4092 112 832 -721
8432 5 1935 499 7274 -545 8263 -785 8632 131 3230 132
8433 8 9820 8 1885 -876 6093 -641 3290 746 9475 435 5744 -651 7669 840 2921 462
8434 4 5417 -943 9187 947 7749 -175 6068 56
8435 4 9217 -449 7828 529 8921 798 3723 -300
8436 6 9279 298 8765 -177 8935 -883 8719 744 1704 -348 2924 90
8437 10 7238 -94 850 278 8516 -572 9651 -379 7584 168 3573 944 6048 201 7640 993 6605 -419 3294 0
8438 6 4526 136 9618 440 9263 786 3569 335 9370 392 4725 226
8439 6 451 803 5607 0 590 633 9703 459 9604 473 4690 326
8440 3 9574 -866 8469 767 2637 971
8441 1 2243 286
8442 5 9164 7 6448 382 9990 754 8849 167 5252 526
8443 8 8997 280 7140 647 7180 427 9542 -661 4901 87 9867 90 7575 849 6328 -385
8444 4 4459 0 4531 619 3395 300 2133 -9
8445 7 9750 627 254 760 7998 340 7889 -694 3946 331 3525 988 1179 665
8446 6 2143 329 8106 -857 9574 807 8347 777 9880 17 1983 112
8447 6 289 -761 8748 711 9169 374 8732 144 8097 -837 5185 434
8448 4 8769 -923 2794 129 9802 -654 5492 711
8449 1 3259 166
8450 6 9514 672 3781 383 7572 -500 7890 410 9280 463 6079 774
8451 10 9220 692 8024 307 6163 40 8566 241 8837 93 7424 153 8826 539 7830 0 4989 488 2020 -531
8452 1 858 464
8453 4 2364 548 7362 402 8014 586 1454 99
8454 4 9102 408 6711 471 2736 9 4582 410
8455 5 2504 906 9948 879 8906 -640 6132 526 600 36
8456 7 8826 860 1604 -871 9225 -333 9228 -481 7583 629 5806 455 3405 -204
8457 10 5390 0 3471 864 9483 -313 5717 983 7366 146 6706 380 9444 466 8980 -571 9949 933 5875 528
8458 6 4724 601 6280 116 9780 308 8370 160 7841 -145 6007 -189
8459 4 9342 146 1523 6 4652 452 2104 913
8460 4 9864 655 9300 -58 9012 664 503 -11
8461 8 7656 254 8881 598 9417 293 5502 855 5647 -132 8240 165 5510 -412 624 8
8462 4 7297 431 9659 599 6332 -886 7366 88
8463 4 608 313 2121 592 4032 106 1948 189
8464 3 8056 -854 7928 515 7119 575
8465 3 8574 780 8844 127 3999 952
8466 3 9300 689 2138 637 6285 942
8467 3 9530 258 8867 243 8090 820
8468 9 5193 -456 8713 363 9514 514 8797 -211 5748 323 8252 777 1567 393 8385 564 4502 938
8469 7 5435 873 1415 80 6054 764 5248 251 8939 0 1192 -932 8440 767
8470 4 9684 737 8558 0 9941 907 5331 651
8471 5 7996 358 8012 656 2921 -868 7574 436 437 836
8472 4 4278 44 1814 284 8561 665 7890 0
8473 3 6826 865 8621 614 952 534
8474 8 8235 752 8642 666 9250 -633 8898 0 9518 -217 9698 61 6426 385 7965 429
8475 6 5423 321 7180 888 8500 945 6612 0 9681 305 6659 182
8476 4 2969 401 3631 -744 5463 91 4403 316
8477 8 9708 194 7371 771 9775 -369 5989 958 9196 538 4339 500 8771 825 3689 937
8478 7 235 -747 4163 -525 6573 989 3634 -983 7456 955 8844 734 7279 -322
8479 6 5816 818 8486 487 7195 360 4453 786 8829 480 4101 892
8480 4 9719 -315 8964 949 6372 192 1108 -793
8481 8 7169 16 7562 -907 6107 -809 9045 921 7984 940 7557 370 9617 -715 4803 303
8482 8 8287 981 9282 950 8485 205 7044 516 9975 -906 6900 663 8017 44 830 -863
8483 4 7034 0 4208 790 6962 48 8300 840
8484 5 9740 -146 627 281 5831 186 8011 651 2465 -976
8485 4 8482 205 1670 -219 4552 -252 3885 -200
8486 6 9057 540 8756 -559 8479 487 6914 -509 5475 395 3935 919
8487 9 9743 -369 8050 753 8335 472 4714 147 9323 460 3114 159 9532 -826 9155 -36 4611 -28
8488 7 8298 89 5334 277 8419 -251 9413 624 8838 514 7992 125 5712 -492
8489 5 1670 -319 2627 504 9050 449 7367 709 3859 139
8490 2 9898 905 6579 554
8491 5 8022 836 9599 -210 9250 242 9985 876 6201 14
8492 5 8531 0 8196 709 5117 704 8664 -104 6856 496
8493 5 6981 140 5793 150 9611 350 8260 91 21 616
8494 9 8895 626 8126 -352 5412 -114 220 328 7867 63 9627 -101 8865 -428 9592 826 5791 112
8495 6 4424 410 9921 92 1402 302 8202 930 8284 -941 172 119
8496 6 8503 330 9914 941 9592 -917 8848 563 1092 -693 6336 -17
8497 4 9460 0 8742 221 9508 44 3379 -227
8498 5 9096 131 7287 410 9065 299 9038 -510 7552 744
8499 5 270 189 9234 420 9680 943 7700 156 3129 87
8500 8 9986 248 8681 39 9451 752 8169 -638 8475 945 7258 988 3588 -77 5278 652
8501 6 2495 0 8941 647 9983 981 5285 673 812 183 2700 502
8502 6 7512 94 7488 -74 5367 334 6211 672 870 -500 1083 897
8503 8 8887 803 8496 330 4393 73 9901 984 9634 -289 9043 256 9903 102 7303 -184
8504 6 9437 196 9059 -355 8946 609 8053 512 6827 214 1943 -300
8505 5 4553 677 6144 651 2551 622 8941 425 2607 23
8506 7 9864 210 9673 642 8278 -289 579 513 7513 828 8621 -78 7807 -855
8507 3 7811 -197 1472 -841 863 -921
8508 7 7885 834 2282 564 6674 749 7146 477 2812 680 9923 146 2894 387
8509 7 8593 986 3382 386 8011 875 610 -68 3763 -830 9186 714 1461 447
8510 5 7280 -429 1323 391 6985 535 9468 566 3261 -359
8511 6 7539 -300 9721 0 8355 -721 2063 -451 9949 657 1649 -770
8512 5 7744 808 8316 747 9126 704 5816 479 6572 -692
8513 6 9427 -16 8572 -663 9438 79 7677 0 8624 633 1471 -643
8514 6 3983 633 4416 217 2876 -630 946 632 8519 619 1128 -54
8515 3 7066 354 7723 512 1818 730
8516 8 4987 80 3054 -325 8437 -572 6616 397 4655 319 9696 -668 8615 461 1251 533
8517 7 6891 214 9789 79 5198 462 4195 597 8526 221 7280 627 6362 -612
8518 6 9675 624 8877 979 6368 560 3520 127 6606 -686 917 975
8519 3 810 768 8514 619 2380 83
8520 5 8980 270 2468 -912 8002 239 7624 864 5714 986
8521 7 3505 316 3126 298 3557 99 3826 226 9304 -57 4090 -177 2460 293
8522 6 9165 293 9121 27 5693 259 8627 -521 9559 0 341 974
8523 4 3952 -320 5008 160 3532 280 7786 566
8524 11 9055 0 6170 833 8105 785 9669 484 9366 451 9000 628 9787 -780 7933 -91 6039 298 2612 -746 1589 0
8525 7 9491 900 8658 -439 5905 741 1030 761 1580 -91 8929 234 6303 -63
8526 7 9224 447 9500 82 8228 17 9837 204 8517 221 8777 -181 1107 75
8527 11 4774 152 6743 610 4165 707 9422 442 8377 427 8932 -566 9297 313 9958 896 6670 645 551 -822 6914 -213
8528 7 9298 258 7536 60 4985 -271 5456 634 3226 973 8893 482 1574 578
8529 9 7052 413 9997 150 8360 946 7070 -574 8233 676 7019 185 9052 -194 9361 -263 3155 682
8530 3 8601 460 6833 -52 1512 -881
8531 8 8492 0 7290 527 7262 890 7440 -382 8117 70 5897 711 6617 7 6791 -593
8532 3 8337 130 6410 -699 6821 306
8533 5 2752 81 3476 236 7372 651 9271 963 6246 239
8534 6 8292 767 8183 615 9747 0 172 98 7802 703 652 0
8535 3 5800 703 9568 -270 7301 278
8536 6 9477 -911 5098 -379 3088 646 6131 -371 8790 641 299 976
8537 4 8320 -677 7132 383 9194 0 241 274
8538 5 7122 -906 9283 -864 9278 826 6694 -416 6527 -705
8539 5 1343 886 7388 -364 9443 874 8559 19 3608 603
8540 4 6577 -761 8915 680 6824 -989 4446 367
8541 10 9996 716 9510 -657 832 -179 7828 -154 9543 -905 5238 0 9240 354 9608 664 9689 922 3823 -821
8542 3 7225 513 1783 188 7133 775
8543 5 9926 360 9912 617 7853 707 8935 436 6518 831
8544 7 1613 328 5623 49 1321 580 4610 153 1998 916 8767 643 6740 500
8545 1 4891 -139
8546 7 1271 785 2906 812 9150 -154 7803 -80 8600 697 9641 496 3070 885
8547 7 9682 171 9140 491 9462 515 5862 450 8040 646 5542 190 1825 874
8548 5 8188 684 8152 -751 8807 341 8373 931 264 613
8549 5 1153 -835 1613 638 7338 -191 6752 678 4417 441
8550 5 9291 787 9311 937 2965 80 9942 98 1573 -805
8551 6 8559 0 7190 732 6625 113 2388 13 9289 432 5641 145
8552 7 8641 750 1793 412 9174 383 9183 57 7019 777 2603 624 1022 249
8553 5 9608 584 9293 141 5225 65 7917 559 4313 418
8554 5 8635 198 8911 326 9444 265 8881 -490 6805 308
8555 6 8617 469 9598 -895 9967 620 8785 -378 7471 724 7820 -475
8556 4 7900 -662 9941 -163 2884 -1000 4891 1000
8557 3 7942 0 8223 268 7122 914
8558 6 8470 0 9676 607 8248 418 9502 401 3772 834 6151 238
8559 5 8551 0 9598 849 5889 421 7052 110 8539 19
8560 8 7819 -595 8935 537 9569 876 8596 -817 8940 989 7777 -794 9614 736 1547 -574
8561 3 7475 996 8472 665 4957 179
8562 8 2777 -330 7544 724 4642 521 4366 342 7796 926 3232 -426 5261 403 7932 60
8563 5 355 210 6225 19 624 818 7908 693 6093 736
8564 6 8355 255 5119 150 2530 296 4579 936 4941 373 2930 -290
8565 8 8566 760 7966 206 3458 176 3613 -971 9401 745 5441 338 5190 -205 836 0
8566 11 9054 704 8273 174 8565 760 9510 746 9735 117 9487 639 8451 241 8988 -331 9868 599 9587 389 7020 867
8567 5 8354 551 8777 742 9510 525 8748 -89 7670 679
8568 7 8106 -385 8585 860 9770 960 3976 69 6253 635 8951 576 4320 228
8569 6 7912 403 8054 0 4825 -602 9937 949 4385 566 3980 979
8570 5 9812 91 3698 35 8283 -45 9929 763 4329 125
8571 5 1640 -316 8059 0 9501 763 7588 0 3838 344
8572 6 9966 -487 8166 126 491 -734 8513 -663 6439 90 1134 515
8573 3 1124 -506 5854 760 3648 451
8574 10 6404 -949 4010 642 9060 -370 7323 -336 2677 49 8465 780 5643 962 8199 739 9201 -710 6330 808
8575 6 7212 419 8369 391 3698 -892 2005 348 6190 696 7207 115
8576 4 9103 -690 7335 729 8156 122 2312 -537
8577 5 9277 0 8066 -331 3780 812 8208 -803 3389 -809
8578 5 9562 185 6310 -724 2868 139 5954 455 2264 403
8579 6 9499 953 7895 -252 8800 734 9209 304 7881 766 4078 701
8580 5 9379 190 9164 -610 8409 435 2632 104 638 166
8581 5 6654 294 5430 98 4498 553 9646 0 6222 -97
8582 5 9482 170 8913 -191 7506 442 9401 674 5215 0
8583 4 9955 0 9835 332 9931 892 3716 -688
8584 5 8654 391 2267 836 9829 -297 7878 721 5453 -724
8585 7 8568 860 9192 849 9717 727 1803 418 6093 790 8027 -283 817 159
8586 5 9398 858 6481 -486 3159 880 9889 444 7330 -857
8587 8 5527 331 7696 530 5649 696 5717 454 8789 785 9469 719 2799 90 5519 319
8588 4 7228 -592 8594 831 8697 546 526 194
8589 8 9048 0 2788 130 6802 500 2318 0 6797 -957 3853 174 3299 0 6597 -908
8590 6 8949 173 9362 562 8274 478 8165 293 9976 -652 899 629
8591 6 5928 350 8302 561 6937 343 9996 -503 8648 709 1602 -558
8592 6 7775 0 7828 949 9093 162 9659 643 7736 672 6926 -624
8593 3 8509 986 8831 -261 1910 -503
8594 6 5679 -556 8588 831 7869 336 9424 224 9328 -764 5350 876
8595 3 1466 -829 9009 0 535 928
8596 9 5965 -429 5987 772 3153 898 7585 289 8560 -817 2232 -822 8765 757 7118 534 5135 798
8597 4 7386 911 2879 757 4058 266 6204 514
8598 6 5202 0 7215 682 6362 384 8707 457 6961 931 6861 212
8599 8 6562 714 2557 619 8140 0 4892 307 9006 929 7924 -398 8065 709 6469 -950
8600 4 9215 948 8546 697 8610 -428 7688 393
8601 7 4413 179 9324 -331 8165 -762 9453 -214 8530 460 9051 -609 1627 379
8602 3 7230 649 8700 176 5994 770
8603 4 4594 673 6004 212 8877 0 7483 865
8604 6 5593 334 5806 835 8240 354 6210 -103 9065 796 7884 -143
8605 9 3967 -703 5233 -772 5223 993 6102 588 9403 -294 4429 675 6349 26 9569 197 7958 851
8606 5 8241 0 4766 459 4342 -304 9027 -161 5862 -303
8607 3 6551 641 8263 -129 1549 -740
8608 4 4857 336 9802 -747 1170 -8 7741 0
8609 9 7036 756 9796 591 8154 401 2569 926 6502 284 8002 469 9917 -623 7010 110 6184 -392
8610 7 7232 361 8948 243 7636 726 7438 968 3869 236 8600 -428 5356 330
8611 3 9908 762 9353 168 1108 -300
8612 6 7408 90 9892 -612 6188 0 8983 -772 6307 887 6882 230
8613 3 8943 834 6348 69 5408 601
8614 2 8009 169 2638 0
8615 7 3494 -746 9209 87 5190 517 9902 810 8516 461 3897 85 7279 -100
8616 4 6480 91 2235 -260 8244 793 1075 881
8617 7 8555 469 3392 667 9851 232 3841 -963 8065 -974 9227 21 2568 -286
8618 5 7976 193 2106 -321 5980 -812 9993 639 7794 871
8619 8 4488 385 9073 -538 8673 320 8702 -344 8697 285 2068 0 9502 803 6204 739
8620 3 6729 0 9737 187 1587 281
8621 6 2693 697 5864 -563 8473 614 7326 0 9354 280 8506 -78
8622 8 2696 641 9517 504 9613 857 8978 293 9742 544 8042 190 9062 206 4220 801
8623 8 9900 520 7902 711 8197 0 9783 629 8145 533 4365 -640 8312 172 4100 141
8624 3 9723 -334 6114 0 8513 633
8625 5 8257 364 2490 197 648 -669 2972 -971 4374 787
8626 8 8068 832 6651 -74 3760 211 9653 589 8752 436 5663 -910 1658 622 3602 -956
8627 9 9603 -274 7701 73 8522 -521 2945 896 9535 651 7341 293 7696 -137 1165 161 1231 344
8628 5 6113 928 9963 -240 8135 367 8347 0 6366 806
8629 7 6235 -913 259 -778 1778 427 6704 148 4502 842 1710 766 2391 641
8630 4 5224 -403 6149 -917 9120 295 666 554
8631 1 5946 96
8632 4 6692 942 9388 -584 6681 378 8432 131
8633 5 7643 465 6716 -657 7627 34 5474 683 7891 114
8634 5 8041 185 330 0 7537 95 8148 0 7457 487
8635 5 8554 198 7873 633 9393 952 9956 717 6385 214
8636 4 1831 221 4057 970 7000 349 1293 245
8637 6 9936 -393 6563 -947 9345 578 9192 -689 5007 630 4979 317
8638 3 7863 943 7516 444 8303 390
8639 5 7109 21 2999 942 4468 708 4264 982 6171 -939
8640 7 9603 170 9244 -649 8005 777 5146 54 5379 0 5661 -864 2764 99
8641 11 8552 750 7670 -43 0 993 7623 28 8812 100 7905 0 9371 88 4222 432 9457 889 6770 -440 3122 -625
8642 7 9048 -124 6128 607 8474 666 6859 4 8644 81 9667 482 5393 437
8643 10 6492 -617 8208 -216 5571 620 9502 -716 3101 -353 3256 0 8779 96 4008 -481 9101 358 8352 -627
8644 9 5815 44 5453 307 9282 482 4992 347 6457 -591 9862 539 5522 691 8642 81 2669 -18
8645 10 833 -813 4110 0 2399 730 6856 0 2616 -746 6300 639 9466 713 8875 -584 9925 752 1539 729
8646 4 8924 951 8930 658 9518 664 3628 347
8647 2 9280 455 2500 470
8648 2 8927 64 8591 709
8649 5 8067 589 3615 883 6898 -862 3735 9 946 -592
8650 7 9165 251 9930 192 921 357 8843 959 8670 803 4940 829 4428 432
8651 10 6681 -485 1960 57 4769 787 8786 -346 6349 36 3163 858 9519 238 7745 866 7939 27 983 -178
8652 5 6157 149 7738 46 4422 322 9353 751 7995 -701
8653 7 4870 -297 34 432 312 204 7252 308 8254 -141 4043 170 5397 477
8654 9 9522 356 8584 391 7710 0 8405 0 1491 -930 9323 -214 7392 147 8862 953 3251 225
8655 4 4495 615 9953 189 5966 535 1857 -382
8656 4 6427 210 4673 730 2804 93 6222 202
8657 5 8765 147 2029 487 4167 -421 2779 267 6596 -793
8658 8 2191 419 9343 544 9497 398 899 640 8008 930 8525 -439 8991 988 6333 29
8659 8 8190 291 6872 0 9894 -238 9231 0 6808 811 833 140 9565 954 7723 83
8660 5 8846 -511 7554 896 9690 -41 9385 115 7071 -888
8661 6 9459 847 8421 728 6905 379 8416 -442 8831 931 6510 424
8662 2 3515 -564 5798 -577
8663 3 8875 100 9900 674 6531 746
8664 4 3889 -628 8492 -104 7881 -454 4651 -411
8665 6 6834 146 9234 391 6685 519 6750 -858 5241 900 2182 -253
8666 4 9584 -503 7399 456 9058 545 275 340
8667 5 564 527 9798 907 6408 799 8410 944 1258 952
8668 8 6835 -105 9002 879 9056 444 8019 970 8874 -108 9954 73 9487 971 1221 701
8669 6 8904 356 8141 12 7222 429 6508 104 8991 0 6650 416
8670 5 8985 631 9208 -335 8650 803 9837 511 6395 -983
8671 7 8338 694 7716 275 2240 909 6819 -347 8918 -745 8982 1 3981 94
8672 9 9766 510 488 586 8746 -637 8045 844 4953 460 9736 978 9797 651 7336 0 7471 -961
8673 6 8619 320 9685 929 9591 837 3453 757 5514 777 2451 573
8674 7 9318 959 7548 0 359 -480 8911 -446 6191 -536 7272 682 2786 -764
8675 4 4573 28 8237 -732 9848 571 5139 952
8676 2 9927 357 4044 726
8677 7 9232 282 8409 894 7577 284 9188 971 8274 645 9445 -563 6085 606
8678 7 3159 0 9861 -609 9932 475 8069 992 5609 -620 8915 -94 7450 64
8679 3 5033 993 9653 557 61 800
8680 10 8733 -703 8018 457 8696 169 9435 279 4940 236 6007 841 8859 417 5047 437 3134 650 5072 580
8681 6 9948 866 6972 73 8500 39 4310 95 7971 807 7258 458
8682 3 7967 262 8285 -649 193 199
8683 4 7872 992 9587 119 2964 -720 4716 61
8684 8 5113 -441 5825 -625 9561 -751 6395 542 9385 -632 7811 746 6166 -830 8065 -808
8685 1 3054 137
8686 4 9886 84 70 892 3563 937 3141 561
8687 4 7738 426 9780 610 9453 -883 3976 806
8688 2 701 -133 3476 703
8689 6 8717 -15 8402 381 8327 -938 7631 -798 7809 226 5645 -713
8690 2 5434 141 2184 173
8691 4 9798 247 9290 388 9217 634 5199 -607
8692 3 7623 828 3634 930 7079 -453
8693 6 9936 119 9450 -911 9375 362 7390 -466 8159 241 1247 11
8694 6 9266 722 9130 137 8365 240 9256 426 1533 809 5707 867
8695 5 7734 -840 9566 361 8347 433 9844 805 1546 806
8696 6 9146 530 8854 419 8680 169 1592 558 8097 0 526 797
8697 6 9771 434 6185 129 8619 285 8588 546 5612 -659 545 151
8698 6 3370 0 8168 90 4010 884 3166 226 8949 782 2185 449
8699 8 6964 30 7699 910 7856 128 7882 273 8768 79 5662 910 9011 94 198 -473
8700 10 9490 275 9604 858 7813 999 8760 -718 9736 305 8003 799 9543 498 8602 176 8041 454 7604 578
8701 5 4231 -806 9012 174 3266 -759 7295 953 4287 340
8702 6 8732 -703 2106 415 8619 -344 7330 278 5256 800 2511 764
8703 6 7470 895 7464 -646 484 949 9529 947 9578 403 4938 -114
8704 4 249 393 2123 641 9698 -391 2913 150
8705 4 7582 0 5508 704 9167 -432 1388 55
8706 5 5505 280 9998 772 7388 23 8766 0 2460 597
8707 6 6335 977 8598 457 2097 747 7420 745 9575 581 3246 -7
8708 10 9357 525 9017 -709 3597 287 9376 284 1505 -692 1444 61 9247 359 9989 -692 6736 -323 1719 924
8709 4 8175 114 9973 -229 5572 708 5707 533
8710 4 9913 184 4575 938 8887 147 4496 678
8711 7 6894 -216 4712 493 7276 432 732 261 4496 431 9796 -871 6089 895
8712 7 6048 898 9611 538 2004 616 8965 118 9317 991 9385 489 6414 -693
8713 7 2352 -869 8468 363 7811 426 9417 58 9043 -843 9575 177 390 873
8714 4 9003 0 9757 0 9241 71 1389 372
8715 11 9111 734 8724 -432 5258 -615 3955 24 8936 0 7912 222 4647 286 9248 -263 9775 805 9553 -334 4069 17
8716 1 1325 432
8717 5 8946 286 8689 -15 2143 55 7006 -982 3100 -815
8718 5 7514 289 5701 -5 472 -121 9615 566 2750 -630
8719 6 8879 0 9811 0 4539 634 8436 744 9997 713 1958 553
8720 6 7310 86 8942 772 2707 264 4814 401 5205 -547 573 -991
8721 5 8808 181 201 -780 4607 779 5471 782 2093 158
8722 8 8922 183 4222 902 9321 763 9792 -635 5556 695 8205 -343 9256 393 4241 979
8723 5 8811 930 9456 993 9509 623 2315 0 1495 191
8724 3 8715 -432 2938 670 5887 147
8725 8 6630 53 8155 -487 2492 966 9953 980 8948 840 8143 531 9132 -859 268 379
8726 7 3738 266 9336 33 6919 557 3166 0 1032 -40 2334 0 7877 -751
8727 4 4902 78 9392 -586 7551 -387 1548 -719
8728 5 4692 323 5207 -602 8881 -698 6826 456 6116 -122
8729 4 9259 585 4697 266 3184 516 6674 463
8730 6 8402 12 4254 333 9477 774 9240 528 1479 152 6210 824
8731 7 8351 -618 5112 185 8746 635 6610 594 9706 673 9123 -266 372 -613
8732 4 1937 409 8702 -703 8447 144 4210 -17
8733 4 8680 -703 9483 -144 8178 618 8082 284
8734 7 9466 941 5341 505 4854 -166 5348 832 4762 408 9625 -565 2466 -827
8735 10 4594 652 891 177 5279 248 7124 155 8072 653 8781 -493 5910 21 6499 186 7039 225 36 -525
8736 7 4137 215 1123 676 8142 86 9547 541 9021 0 4812 566 5882 0
8737 3 5506 178 7075 -354 4127 0
8738 2 8055 934 7711 17
8739 8 9699 173 4607 872 9079 116 8356 578 1377 114 5971 -445 6225 728 3906 965
8740 4 6605 -229 6232 -347 7046 806 1881 908
8741 5 3428 788 9179 -304 466 -523 2818 -878 4218 327
8742 8 5762 -584 5369 -83 4711 -635 8497 221 9926 727 9221 -932 8797 -335 4926 628
8743 3 1477 662 5707 157 4606 0
8744 4 9851 608 3149 777 2782 221 5181 778
8745 4 9811 283 7261 616 9962 -262 5184 133
8746 5 9417 764 8731 635 8672 -637 9465 157 5384 439
8747 7 6359 7 6771 -82 4311 640 3629 616 9247 -766 9916 35 4322 363
8748 8 9475 546 5964 77 8447 711 9497 -685 9120 378 8420 447 9460 -962 8567 -89
8749 5 9555 -391 2306 -611 8284 457 9783 0 3444 0
8750 5 9383 424 9528 -114 9903 -951 2960 460 8280 13
8751 6 7519 811 7916 180 7448 811 5925 328 7010 -633 2985 944
8752 5 1253 742 8626 436 5344 -347 5798 222 4046 461
8753 4 9307 192 3723 -561 1539 365 3820 20
8754 8 5739 -977 9124 732 9557 451 5345 633 3537 -803 6190 -391 6328 901 33 202
8755 5 9860 66 8278 336 4470 24 9232 -465 8237 521
8756 6 5667 249 8486 -559 8850 247 8871 764 9474 -150 61 263
8757 8 4504 889 870 -177 8154 0 9784 272 6456 38 9867 526 9287 28 8136 -228
8758 7 6310 383 8876 891 8823 -711 7916 378 1749 556 3348 -469 5652 185
8759 3 9686 473 9976 -619 906 192
8760 10 5161 -410 9118 948 7933 356 9291 0 8333 -524 8700 -718 9712 322 9317 405 7332 231 7391 761
8761 7 8904 -731 7313 -131 9631 848 9717 -167 9958 -841 2551 679 7384 289
8762 3 9908 174 9263 726 7172 617
8763 5 9585 750 6891 -770 6902 -265 6563 272 1632 546
8764 6 3088 213 3253 421 9555 103 9193 -393 5003 0 7929 -298
8765 10 9598 747 8657 147 8898 -622 8436 -177 7606 -385 8596 757 6066 326 7268 508 9678 467 188 333
8766 6 9246 319 1113 427 9498 425 9292 986 8769 473 8706 0
8767 7 7600 610 5781 369 6480 862 1680 0 3284 351 6146 101 8544 643
8768 7 9929 752 6354 322 2683 801 1347 657 8699 79 3954 -157 5133 461
8769 7 8448 -923 330 421 5184 -983 9180 707 7489 884 8766 473 3541 -203
8770 5 8214 704 4926 756 9143 0 6954 960 3318 520
8771 3 6088 950 8477 825 1477 398
8772 7 7368 322 9359 908 9053 413 4335 0 7334 762 2275 -53 2140 693
8773 3 9478 -487 9312 368 5232 108
8774 4 7785 177 7508 222 8020 309 5427 588
8775 9 8893 -958 8292 689 5973 367 9300 -440 4277 213 6744 27 6310 434 9131 220 8185 846
8776 6 9454 0 8843 41 5323 0 9094 -580 4349 -220 1624 678
8777 8 5666 -188 9228 360 6644 -473 8567 742 6547 -949 8804 723 8323 496 8526 -181
8778 6 6942 884 9384 615 8140 19 3240 804 9843 873 3430 251
8779 8 8856 165 8147 434 8336 637 9097 762 6284 525 8643 96 9093 0 2669 0
8780 5 3197 817 2207 0 7766 511 2528 605 4477 -399
8781 5 8966 236 7857 879 8735 -493 9686 -745 1256 -140
8782 4 3511 47 5268 83 2780 288 4709 137
8783 6 9569 -950 7918 715 3624 44 7036 -120 9233 989 4289 280
8784 8 4030 -200 6300 633 9464 936 1817 857 9887 607 8160 -827 5404 392 5828 -353
8785 10 9340 393 8297 -698 9267 741 9905 158 9228 378 8555 -378 6613 238 9702 884 9565 -299 635 110
8786 2 8651 -346 2190 181
8787 2 1380 9 4485 508
8788 6 9714 760 7063 149 7782 839 1942 -912 9077 847 2091 339
8789 6 6400 991 3055 -33 4960 161 8587 785 9166 65 2048 437
8790 10 9434 99 8965 110 9712 373 9047 954 9422 -333 8926 234 8536 641 7134 261 4374 879 8192 255
8791 4 4201 245 2256 -460 9048 913 55 205
8792 6 7592 0 6414 809 7060 181 2398 845 9949 -361 4082 138
8793 6 2608 142 5416 260 9874 156 9590 -501 9026 351 4319 433
8794 5 7492 403 7341 1 309 743 9598 -70 1552 718
8795 9 5881 -23 9949 388 8816 -672 6377 -188 9987 844 9448 536 8809 328 5683 -592 6362 719
8796 9 9870 639 8182 468 5573 690 7210 620 5911 306 8924 -934 8925 606 9292 -902 7211 82
8797 6 7528 66 8468 -211 6045 -934 8825 -860 8742 -335 5196 -760
8798 4 6959 -131 7430 0 9702 936 5348 -548
8799 5 1844 369 9845 -566 1440 419 6507 266 6567 872
8800 6 9969 429 8981 794 48 -904 8579 734 8812 429 3983 -630
8801 3 9250 -404 8947 -871 8149 926
8802 5 6457 -224 1515 -960 3482 -60 8337 117 2848 87
8803 4 9090 38 9169 817 9660 671 3351 460
8804 10 2158 -118 9713 896 8809 613 5553 -401 9850 580 8777 723 5366 510 3756 -184 716 518 1185 415
8805 4 1402 -825 9963 -268 431 685 8243 601
8806 7 8419 -138 8046 0 8278 -942 6948 576 6850 459 189 -498 178 -543
8807 7 6416 47 9750 408 9537 960 8548 341 5630 -599 3114 949 7152 207
8808 9 8721 181 7254 -51 7818 -267 2080 898 9657 384 9857 564 4252 712 8918 289 1096 217
8809 5 8804 613 6727 646 4927 611 8795 328 5231 140
8810 6 8179 -856 6696 557 8229 785 3905 820 7387 916 8374 641
8811 5 8723 930 5190 -762 749 529 9987 389 1512 446
8812 8 6908 805 8641 100 7307 -6 9770 690 7758 736 8800 429 9096 634 7574 918
8813 6 7869 433 8366 934 7378 544 1372 0 9018 539 2926 -256
8814 5 5892 -347 1252 607 9529 32 9988 -594 5936 169
8815 6 7832 314 9202 111 9688 565 9903 796 9801 493 1747 936
8816 5 8795 -672 2018 260 9709 0 9449 462 2887 479
8817 6 7550 845 9685 139 9330 835 9191 327 7907 -425 3012 694
8818 4 9357 18 9471 243 9135 136 1263 731
8819 12 6950 438 8069 186 8342 -117 6931 169 7237 -88 6780 177 9717 -702 6733 31 3218 524 4941 803 9923 919 43 507
8820 10 9078 -903 9919 331 6237 575 8305 822 9066 -346 9186 479 7737 9 3909 0 5559 0 6720 -977
8821 2 8866 -823 3642 291
8822 5 9992 -372 9675 92 6538 298 8403 46 1710 501
8823 6 8758 -711 5458 668 3077 697 8140 651 9574 909 3372 -255
8824 6 7456 212 6664 203 1460 -46 9649 297 9877 825 4416 765
8825 6 2659 794 1366 -76 9932 -108 9854 -221 8797 -860 5394 691
8826 6 8456 860 9244 641 8451 539 7090 27 7318 0 4014 91
8827 8 8307 652 7922 -565 4692 461 9128 906 9753 31 9076 512 7748 834 479 384
8828 7 9082 864 7704 559 222 -933 8156 0 7942 -498 5986 0 1397 141
8829 6 9877 726 3152 232 6272 119 2064 248 8479 480 989 520
8830 8 2856 873 7005 -923 3754 -35 36 99 6389 468 8041 -777 8174 -920 7078 840
8831 11 6538 -163 8593 -261 7379 -71 7324 362 9086 -913 7773 -904 152 172 5836 785 6796 0 8661 931 270 902
8832 5 887 319 8994 940 6537 600 7965 704 7394 246
8833 10 9163 -637 9900 938 5007 464 2048 721 9043 931 9653 813 5962 931 1879 0 9714 0 6929 580
8834 4 6348 -602 2477 -354 9362 626 1256 997
8835 9 4679 914 9634 -777 5682 969 6862 123 6092 264 9301 13 380 971 1856 713 5661 630
8836 7 9439 313 9634 182 848 -30 9441 599 3664 -564 9248 -71 3042 -26
8837 5 8384 -368 8451 93 9601 464 9893 390 2944 160
8838 7 7041 139 9978 554 7769 0 8488 514 7875 -5 8944 -176 7488 87
8839 4 6191 598 4112 -292 24 187 855 0
8840 5 9055 787 7860 -978 6629 235 7501 890 399 598
8841 3 5851 -999 2734 186 7490 505
8842 4 9198 -45 6940 323 7462 279 3962 -665
8843 7 4479 958 7451 244 8650 959 8776 41 9258 465 4237 -139 2453 743
8844 4 9942 584 7481 527 8478 734 8465 127
8845 8 9090 26 9875 -426 902 594 7659 827 8294 540 6611 570 7053 645 6183 891
8846 9 8000 -596 1198 160 6176 443 7942 733 9755 746 1614 454 8660 -511 9023 -810 2965 111
8847 5 9852 197 7087 370 6542 0 1982 276 3944 -174
8848 8 9825 526 8364 7 6696 -329 9106 -175 7400 0 5331 552 8496 563 5562 0
8849 6 9497 -457 9874 -592 1295 825 8442 167 7977 0 7418 0
8850 5 9909 95 9096 -477 8073 928 8756 247 5377 178
8851 5 7138 -708 7726 -861 8368 466 9892 -810 2717 992
8852 4 3582 274 8965 643 8137 916 2840 147
8853 3 9947 -937 9820 901 1440 -370
8854 7 7828 -251 8696 419 6475 976 9049 253 3658 776 9483 0 4238 215
8855 5 6564 811 6065 535 2998 526 8177 -816 3546 827
8856 8 8957 333 8779 165 9743 391 7861 665 8890 0 9635 -95 5528 269 4135 491
8857 9 8299 174 8065 380 9952 -20 6386 78 9532 -543 9477 -240 8239 734 7158 -630 3481 23
8858 7 9661 -528 7411 -943 5430 978 7337 380 2008 -592 3380 464 780 32
8859 8 6434 431 6747 280 2088 659 9636 652 4575 484 7769 -346 8680 417 4246 0
8860 3 7688 -269 6690 984 2961 983
8861 6 9573 981 9928 696 4072 -539 8119 367 9832 -507 2349 815
8862 9 8907 606 4259 -739 3248 -157 4580 484 8654 953 3624 745 7753 -562 8161 850 1571 787
8863 10 7407 347 9640 993 9470 -78 8893 -952 8021 -725 6721 211 6941 675 9501 425 8961 182 4712 -280
8864 8 7297 822 8056 871 7203 434 9272 -74 9857 732 6121 801 9699 859 5354 -95
8865 6 9810 -954 6570 521 3409 958 8494 -428 9021 388 2537 642
8866 7 8934 471 8821 -823 1763 627 3923 132 7791 -264 8393 415 4114 -888
8867 8 7372 408 9657 0 9864 410 3454 177 9815 -801 9412 -412 8467 243 3899 740
8868 6 8331 562 5888 -211 8353 -133 7904 869 6328 380 3970 518
8869 7 8066 766 6775 72 9279 368 8983 -648 7710 449 9002 618 2487 891
8870 3 7249 306 6476 -535 1474 -519
8871 4 7516 426 4713 0 8756 764 6548 -54
8872 7 6915 884 7574 279 3373 443 9773 -362 3286 -676 202 -781 8245 173
8873 8 6964 675 9205 240 8375 707 8280 193 9327 681 1399 778 9584 204 7447 106
8874 5 9242 819 2054 -608 8668 -108 6927 -514 954 0
8875 4 8663 100 8896 997 8645 -584 5209 0
8876 6 9968 849 8758 891 9331 950 2086 809 9763 635 7498 888
8877 6 8518 979 4046 284 8099 923 7819 -127 9739 594 8603 0
8878 6 1732 910 9985 562 9488 -701 8431 384 9837 68 3388 -989
8879 3 8719 0 7949 52 2486 641
8880 5 9201 322 8006 -817 6824 593 7376 271 7172 52
8881 9 4545 269 8461 598 9886 633 5065 706 2296 491 9525 981 9302 499 8728 -698 8554 -490
8882 13 9256 -604 7900 -368 9435 696 2076 602 9591 159 6656 693 9603 659 4550 449 8990 391 379 -500 9785 971 9765 -992 4484 -501
8883 2 5626 887 3811 -490
8884 6 2497 30 5852 108 5013 864 4295 88 9365 -635 342 -99
8885 8 7535 132 7002 964 7647 0 9901 744 7816 -525 9600 835 7374 -887 92 -796
8886 5 9924 327 7331 810 5609 397 618 -277 4600 357
8887 10 8503 803 3307 529 9324 -988 8257 0 6285 432 544 108 3213 -629 9870 356 8710 147 5334 450
8888 5 9004 600 7702 -628 685 -265 9014 956 7079 443
8889 5 8340 -129 4239 778 7628 705 6099 -531 2159 486
8890 8 9158 -206 8230 -619 7210 19 9712 175 8856 0 8387 594 9684 -327 6554 701
8891 6 2048 -264 8234 634 9693 48 8216 283 5550 25 1695 518
8892 5 8393 451 146 463 8063 -491 9618 483 741 705
8893 9 6256 829 8775 -958 9060 535 8863 -952 8090 292 2846 726 8528 482 9128 380 4759 446
8894 7 3081 938 224 -389 9747 119 6217 -385 6538 -65 5374 882 1764 -203
8895 7 9658 909 8494 626 5146 0 2868 228 9843 -580 9064 703 3124 646
8896 7 7605 -478 8875 997 5050 405 9905 288 9518 879 2560 0 1006 -501
8897 4 9721 981 8961 520 1871 967 114 -972
8898 6 8765 -622 9691 -761 8474 0 2064 949 8196 92 5841 -925
8899 9 3051 -986 6617 893 9964 250 7276 456 9867 273 7406 226 1877 170 2605 483 7574 419
8900 5 8918 222 7160 870 5207 -735 5766 562 1710 875
8901 4 9933 807 28 805 671 -88 5201 715
8902 1 4989 208
8903 7 3098 886 3009 0 9551 118 8071 790 1406 100 9117 -173 7655 -134
8904 7 9846 22 8669 356 9378 154 8761 -731 9718 958 7225 847 8144 -535
8905 4 7660 899 7905 138 9223 925 558 189
8906 6 9357 -614 3878 97 8455 -640 9766 248 3384 -3 8070 -220
8907 8 2375 946 8862 606 9714 -964 7737 30 5548 469 4904 616 9044 0 4162 235
8908 4 2588 932 5866 162 7198 -227 770 454
8909 9 1940 -609 9796 606 6033 430 6456 -411 9175 996 5398 136 6959 818 8383 -451 4842 791
8910 3 7732 650 9385 -874 1277 -122
8911 6 8554 326 8369 948 8674 -446 9562 -546 1344 334 2188 259
8912 11 9919 145 9061 -655 9645 4 5390 936 1846 -52 4247 314 9632 917 9559 0 5025 700 9533 426 8271 195
8913 7 9753 167 4149 -564 8582 -191 7143 -252 6759 169 6169 -510 635 -711
8914 5 8150 445 9577 320 1833 0 9967 674 5521 -221
8915 12 3470 679 2328 -610 9123 677 9585 702 28 403 6156 -979 6565 732 8540 680 9132 -98 7959 926 8678 -94 2699 917
8916 6 3857 259 6792 918 9968 738 9884 -814 9987 705 3268 84
8917 7 8983 158 2883 0 6317 329 2295 981 7919 896 9117 119 935 -259
8918 9 8900 222 9449 -588 6717 323 8247 -333 7382 489 9124 984 8671 -745 8808 289 443 4
8919 5 7106 82 6749 887 4038 482 2529 76 277 412
8920 6 6700 -285 6021 893 8053 917 7585 746 7083 899 1352 676
8921 5 9218 -116 7671 451 8435 798 6294 562 996 928
8922 5 8722 183 4830 110 9969 573 9804 630 320 -349
8923 3 4312 415 7420 459 784 698
8924 6 8646 951 414 -274 9886 702 8796 -934 2672 252 5021 -755
8925 8 9659 -400 676 221 7700 -72 8796 606 7477 265 7964 12 9380 684 3799 126
8926 10 7289 246 7694 -613 7912 -715 8014 597 8790 234 9868 417 5030 348 7462 -359 6985 448 6951 0
8927 9 7898 -856 5090 -737 1014 -297 5398 527 8648 64 1356 535 9574 595 4186 0 2853 -325
8928 9 9481 973 5538 -628 5877 0 803 683 2757 -275 2101 748 7054 -288 9308 733 543 -68
8929 4 9420 -592 6914 547 6377 928 8525 234
8930 9 9882 -892 9307 308 3172 -332 6932 832 570 11 9341 588 8646 658 9031 565 2125 875
8931 6 4753 903 3340 195 6818 0 7831 982 8298 608 627 729
8932 5 6841 510 9715 912 8527 -566 442 842 2333 748
8933 7 467 916 7149 976 4769 716 7708 612 401 576 9126 963 7487 824
8934 3 8866 471 7873 842 5995 952
8935 13 8560 537 6643 -561 5982 579 9323 793 8436 -883 3599 46 6069 0 8543 436 7989 173 6136 0 8266 -193 9325 924 7094 -800
8936 11 9151 580 7304 480 3154 951 7367 0 8715 0 4910 812 9958 286 7157 318 2569 260 5380 372 627 -67
8937 7 9538 163 8269 732 2184 -950 9785 -18 9515 896 9692 296 293 193
8938 5 1697 784 2635 192 4874 700 9438 917 6014 221
8939 7 4404 179 6397 661 7890 -128 7242 461 8469 0 6317 541 2482 149
8940 9 8050 164 7865 -223 8199 -267 3837 -645 6330 946 9643 661 8560 989 8391 0 2797 40
8941 7 9429 0 8501 647 9079 881 9859 -868 3826 305 9124 89 8505 425
8942 6 3714 14 8720 772 6973 600 5172 90 5538 483 8207 518
8943 7 8613 834 9949 393 975 777 5143 364 7516 230 6502 -144 5232 405
8944 5 5547 691 9383 269 6314 400 7642 286 8838 -176
8945 7 9159 976 3338 370 7778 304 8316 493 4836 464 5193 396 4950 439
8946 8 8717 286 8504 609 2616 114 1272 0 5729 505 9748 217 3733 409 295 -751
8947 6 2376 778 9977 -964 9354 99 8801 -871 8342 490 3955 229
8948 6 8610 243 9256 851 8725 840 9529 -642 8335 460 205 926
8949 11 8590 173 8394 -939 1392 546 8971 0 9339 -389 9935 116 7957 938 9076 -701 9247 -507 3585 180 8698 782
8950 3 1810 -580 6476 395 1407 565
8951 7 1017 468 2551 920 5567 529 8568 576 9006 563 3449 277 5655 681
8952 3 4810 -413 8372 419 3914 212
8953 2 9099 514 7083 821
8954 5 3168 600 7417 642 2341 -257 9201 684 3425 861
8955 3 9366 27 7264 542 562 -745
8956 6 6550 485 9761 796 8043 773 3762 0 7261 801 3493 710
8957 8 8856 333 1518 -71 6133 546 1913 553 4093 45 9603 -602 5615 322 7002 1
8958 5 4729 123 9901 577 8961 -510 7230 125 224 0
8959 4 9682 829 5601 380 9186 815 5834 746
8960 5 7931 -922 3023 747 9464 392 9153 650 8146 683
8961 9 8129 998 6611 975 7915 450 8897 520 9120 986 177 -306 8958 -510 8863 182 1628 225
8962 6 9435 699 456 206 4413 599 441 964 9171 785 40 894
8963 4 9147 -714 9085 267 2183 0 4406 945
8964 8 7523 199 251 382 9959 -743 6645 793 7689 476 9238 737 8480 949 6746 133
8965 8 4597 -351 9977 -217 8790 110 7648 429 8852 643 8712 118 9012 -59 5687 0
8966 7 7415 452 8781 236 7670 757 9942 -615 6756 43 7701 673 5949 84
8967 6 6562 202 9466 282 5051 700 6447 48 9533 810 5419 507
8968 5 6892 -955 8413 681 9034 464 9452 770 127 288
8969 10 7014 626 2479 -985 3491 934 9759 674 1821 -575 9161 -146 4451 -595 6559 40 7487 63 487 830
8970 4 9281 -37 9671 -915 9294 505 954 553
8971 4 943 435 8949 0 81 634 3289 -331
8972 6 7547 -539 2595 35 3279 435 4518 623 9873 694 4096 -388
8973 4 4029 -503 4726 828 9581 400 4152 43
8974 6 5131 183 570 787 8395 541 8185 978 2004 287 978 -564
8975 7 7637 899 1109 395 6291 -151 851 587 7773 135 2577 649 6218 -851
8976 7 2830 860 8281 247 3574 939 8100 277 9041 -293 9014 0 7070 715
8977 3 9127 824 7278 170 8400 -522
8978 3 8022 0 8622 293 7968 -785
8979 8 9714 883 9463 250 9379 922 1456 520 9860 871 7473 0 5064 69 1089 335
8980 8 8520 270 9053 496 487 0 9553 360 8457 -571 7674 512 9502 441 3782 529
8981 8 1376 365 8800 794 7498 127 9945 -108 1674 647 5924 535 7069 802 7924 -737
8982 6 9431 468 7204 772 9924 571 1383 -273 8671 1 3422 377
8983 5 8917 158 8612 -772 8869 -648 9875 -739 6755 908
8984 4 7314 -588 9819 107 7061 907 4676 -932
8985 2 8670 631 3319 933
8986 4 9297 130 1293 448 4531 878 7201 -777
8987 3 9471 778 6058 722 7754 782
8988 6 6693 -508 9848 0 9762 489 7224 -301 8566 -331 5029 -988
8989 5 7754 248 9877 -152 7223 -644 9247 -437 1353 -853
8990 8 222 0 9413 -953 7942 288 4112 376 8882 391 9495 648 9941 895 1663 0
8991 7 9185 899 8217 367 8995 968 7649 -839 8658 988 8669 0 2364 557
8992 6 7859 -999 8068 -6 1413 228 9027 -333 5620 229 7591 581
8993 6 9587 964 7692 497 6120 -837 9906 524 9236 -541 4679 576
8994 7 9608 813 1928 -993 8832 940 9204 601 9940 0 9803 756 5843 144
8995 6 9636 619 4058 877 7614 668 8991 968 9809 264 5795 -366
8996 8 9797 860 7323 837 8008 302 3974 559 9825 666 9547 986 5246 812 1910 690
8997 2 8443 280 4653 665
8998 2 2211 802 3959 674
8999 6 134 822 7878 755 3497 930 9285 532 9394 406 2256 490
9000 6 8297 964 8524 628 8414 475 9686 293 9509 23 6249 620
9001 4 5976 115 7996 346 4075 314 7085 -162
9002 5 9152 -758 8668 879 9375 -130 7292 0 8869 618
9003 5 8714 0 3280 96 3079 13 9747 696 4958 572
9004 13 8888 600 7333 816 5447 128 6984 416 9062 -582 8420 0 1453 93 8357 771 7652 669 3027 683 9305 -529 9681 -705 6183 907
9005 4 9712 187 7781 25 9336 -993 3043 871
9006 6 9613 0 9421 -349 8599 929 9258 592 8951 563 7873 -857
9007 3 5499 -67 5204 991 1639 -85
9008 4 9382 362 5020 194 3417 -774 6105 27
9009 4 7401 759 4550 0 9739 -446 8595 0
9010 4 4591 828 7426 -933 895 -13 3896 405
9011 6 8347 -242 5821 91 6642 547 7736 496 9705 -598 8699 94
9012 9 8701 174 209 846 8460 664 9660 504 7656 -898 7672 0 7812 -395 9684 636 8965 -59
9013 8 9306 -72 7323 -255 5545 4 9669 93 9318 -782 6801 447 9053 0 6396 -375
9014 10 490 308 8416 627 9441 571 8888 956 5134 650 9380 -497 5256 884 7113 833 8976 0 7395 941
9015 3 6625 -280 6726 -120 137 122
9016 3 649 907 6469 -510 6357 161
9017 5 8708 -709 8361 676 9387 766 9946 743 6124 826
9018 6 7768 449 6400 755 2553 0 417 604 8813 539 6369 723
9019 4 9618 800 6612 -680 3203 114 8047 -395
9020 8 3399 516 6644 0 7999 370 9292 -649 9841 557 6588 -325 2033 289 1336 726
9021 8 9590 0 9649 899 7698 476 8736 0 9116 481 8865 388 3194 398 8330 942
9022 5 744 601 6656 -877 9759 -881 9033 157 7638 426
9023 7 5009 -18 6167 -373 8346 -542 1519 -970 8232 -724 9691 681 8846 -810
9024 7 9027 867 5394 526 9154 581 2123 -454 7735 53 9791 625 6202 -257
9025 3 9276 116 6658 -90 800 387
9026 7 9541 -408 9584 -856 6311 138 7428 820 4334 613 3452 -476 8793 351
9027 11 9024 867 9840 108 9582 868 8386 181 6266 313 8992 -333 1836 804 8606 -161 8364 -123 9076 424 3109 825
9028 2 9370 -280 4894 821
9029 6 6020 -970 7083 -653 7691 467 8028 -471 4711 105 6879 180
9030 4 9966 766 9803 392 9520 -534 5236 -289
9031 3 8930 565 7225 -963 6498 -400
9032 5 9879 368 6866 -918 5199 -203 9506 506 5643 593
9033 8 7831 -203 3121 745 9022 157 5357 107 7988 -726 7019 -834 7924 23 6064 -388
9034 13 7688 -687 617 738 5570 575 7215 406 9238 829 9725 490 8431 21 4198 934 9187 428 8968 464 8316 989 4643 -469 5705 741
9035 2 6303 625 7959 830
9036 9 2564 621 6095 977 9368 972 9696 -855 9800 518 1747 810 7913 234 9078 591 2648 704
9037 4 6771 887 7089 -876 6261 0 6842 761
9038 5 8498 -510 5837 881 2666 -841 9633 -68 1849 -957
9039 4 40 479 9594 718 8099 -742 146 -988
9040 6 2429 649 4495 743 4542 141 7810 389 9516 76 4365 -6
9041 6 8008 842 3894 5 8976 -293 9101 960 8066 487 7842 -762
9042 4 4867 332 6055 595 9652 449 4447 143
9043 7 5438 0 8200 658 9899 86 8833 931 8713 -843 8503 256 6871 -284
9044 8 7353 598 9922 -348 7461 285 7656 601 6028 108 9371 958 8907 0 6787 796
9045 7 9262 -217 8481 921 5287 24 3494 973 3859 -202 9164 566 7399 744
9046 3 9516 825 6204 666 3431 -620
9047 9 7769 828 9540 134 8790 954 8163 306 2252 -360 8140 314 9536 406 7331 -808 5846 -811
9048 7 8589 0 8642 -124 5698 824 9859 918 3030 0 8791 913 911 -819
9049 4 9732 735 8854 253 8269 -689 6211 -654
9050 8 6169 800 8489 449 7862 94 9102 807 4458 -109 9859 171 490 90 2649 780
9051 4 7529 0 6783 524 159 338 8601 -609
9052 5 9078 -914 9576 -261 9568 -768 8529 -194 2138 0
9053 9 3105 978 8980 496 8772 413 6911 533 9971 795 9872 989 9013 0 5689 844 3568 279
9054 4 8566 704 4697 -360 7112 722 3888 -677
9055 6 8840 787 8524 0 1916 135 5993 820 9368 999 495 656
9056 7 9281 443 2534 -517 7344 501 4487 -547 8668 444 8193 165 1783 108
9057 5 8486 540 1344 625 2268 0 9463 524 624 439
9058 6 4647 -327 4324 68 6846 179 9306 -508 2037 -17 8666 545
9059 5 5035 594 8504 -355 9198 736 8041 272 293 -463
9060 6 8893 535 5546 693 8574 -370 6704 491 9068 541 5071 -391
9061 4 8912 -655 2027 885 9430 452 2490 84
9062 7 6242 -578 9165 0 7691 811 9004 -582 9920 112 9856 241 8622 206
9063 7 9887 -723 9874 600 8246 381 7109 67 3663 684 4362 359 6425 21
9064 10 4131 234 6351 0 226 -829 951 456 9653 659 3788 188 7309 389 4057 309 8895 703 5963 267
9065 6 8498 299 8089 482 9435 368 8604 796 9823 563 3228 -450
9066 8 6308 158 8820 -346 7859 823 7045 -917 3918 512 9159 -274 3951 326 3631 586
9067 2 9727 715 3208 -530
9068 7 866 -970 9060 541 8219 844 9706 -927 6571 125 6739 95 8064 -719
9069 8 9152 554 7180 403 5715 0 2452 -281 7134 511 4037 274 4525 682 1908 540
9070 4 2857 978 1958 884 9182 113 5243 637
9071 7 186 643 9797 644 7195 204 9238 768 9613 -651 9347 868 5642 -35
9072 2 4088 0 4239 474
9073 5 5523 283 8619 -538 5714 0 9553 0 3987 299
9074 5 9196 916 4319 -897 9884 -942 3779 -503 7143 322
9075 6 9565 372 9786 0 7285 801 9882 -150 9660 0 1086 551
9076 8 5606 299 9406 735 9261 0 8827 512 8949 -701 6221 713 1931 275 9027 424
9077 5 5584 -269 8275 37 8051 -38 8788 847 6302 824
9078 7 8820 -903 9052 -914 9983 422 6235 628 8363 -527 9036 591 4533 -119
9079 7 7841 555 9827 -215 8739 116 7484 -840 8941 881 3989 683 4808 -123
9080 1 1536 926
9081 5 6770 685 9399 999 4557 979 6721 571 1704 432
9082 9 8828 864 6278 -744 9165 219 9703 -319 5119 996 8044 534 4380 187 8081 -698 2421 902
9083 7 6552 256 6792 58 8289 -655 6893 -754 649 900 9790 614 2337 826
9084 5 4996 719 3678 712 6441 -926 9594 916 4704 -351
9085 4 8963 267 7412 118 9963 670 7946 648
9086 4 6806 818 8831 -913 8165 668 5081 0
9087 2 5343 -543 101 956
9088 6 605 0 7248 813 9295 489 6578 640 9551 239 7735 0
9089 5 5913 112 9494 -526 9624 884 8097 582 5750 -77
9090 9 8803 38 8845 26 5382 915 5915 93 6089 182 630 321 9527 -2 2791 -910 2346 672
9091 4 9519 -393 9633 -441 5391 390 1710 60
9092 3 9788 -600 9369 753 138 182
9093 5 8122 106 8592 162 9487 0 9503 623 8779 0
9094 6 1421 -590 4696 804 1810 853 8776 -580 6756 776 1348 373
9095 3 372 13 6320 766 6155 668
9096 7 8850 -477 8498 131 9494 384 7965 919 5272 957 9775 -484 8812 634
9097 5 8210 355 7873 317 5556 889 8779 762 4680 271
9098 8 9896 -188 8422 844 5050 939 7999 0 3620 377 5566 580 8070 -335 2779 214
9099 5 7975 778 8953 514 9149 -641 4283 -965 6622 88
9100 4 9498 859 9944 697 2345 783 3390 36
9101 6 7115 961 7035 522 9041 960 8313 704 9635 0 8643 358
9102 10 9358 -463 7100 461 8454 408 9108 104 8037 453 9050 807 9160 810 4014 -576 7084 -645 6988 579
9103 10 8576 -690 9879 -254 9945 91 9728 339 6708 398 67 584 9869 947 2184 761 9322 0 5238 293
9104 6 7232 737 874 -562 7261 -105 4644 966 7894 624 4605 526
9105 7 943 343 2565 411 9603 863 4589 -215 9301 0 9755 -13 3316 516
9106 7 5542 -881 2871 620 8848 -175 4083 288 9291 712 9354 351 1536 697
9107 9 7413 -35 7158 -120 4859 -268 5069 178 9454 -958 5177 116 8066 -32 7534 -209 4563 118
9108 4 6215 838 9102 104 1271 325 3350 521
9109 3 7805 0 6976 408 5908 166
9110 2 7683 -867 6408 118
9111 8 8715 734 8284 -121 2323 -814 8124 477 9399 948 9133 413 1243 496 3534 85
9112 6 4822 -936 4687 899 5855 319 7981 -159 9914 -935 39 98
9113 9 9242 -346 7279 126 9263 875 3766 754 1741 180 5015 -6 5721 358 8333 0 5630 793
9114 9 9982 941 9292 167 8200 694 6957 357 9381 649 1056 -904 1065 239 1796 -535 29 476
9115 3 9237 44 9441 319 8175 235
9116 5 643 -632 9021 481 7381 342 9260 169 3334 31
9117 8 7837 571 9373 740 9770 215 8903 -173 9835 975 9270 54 9228 -13 8917 119
9118 6 8760 948 9446 -214 9458 -445 388 758 767 747 3905 688
9119 6 830 337 42 232 6157 209 5993 0 558 946 1240 427
9120 8 7922 769 1089 495 8001 865 8961 986 8748 378 8630 295 366 606 2507 387
9121 8 3093 225 5822 556 8522 27 706 162 9226 478 4907 541 9783 117 1829 229
9122 6 9884 -799 9250 460 7677 179 2469 509 8108 -111 5034 981
9123 5 9684 901 8915 677 4373 563 8731 -266 8375 724
9124 4 8754 732 8918 984 8941 89 7031 -950
9125 11 9818 213 8280 -275 9718 301 4218 -236 8333 0 6753 988 9233 -208 9705 -505 791 415 9919 963 7591 65
9126 6 8000 536 9680 -731 8512 704 5858 -347 9353 2 8933 963
9127 11 8977 824 7120 460 1242 198 7705 778 8161 510 5844 282 9288 -647 1053 0 7050 0 9716 880 1372 505
9128 4 8348 881 8827 906 9767 -801 8893 380
9129 8 8045 818 9474 -839 5477 282 9364 -346 9883 507 1984 869 2209 -286 2087 994
9130 5 4119 673 8694 137 7677 484 9988 -540 1904 0
9131 5 551 479 7401 318 9470 -749 7237 531 8775 220
9132 8 9392 743 7233 966 8725 -859 9961 830 3345 199 8915 -98 3022 672 3168 79
9133 7 9289 813 1025 671 9580 383 9111 413 7246 327 7215 92 2533 459
9134 3 7768 401 625 597 6126 997
9135 5 97 93 5584 -355 9656 -538 5463 -454 8818 136
9136 6 4469 365 671 589 9655 758 8220 -313 2858 321 6564 324
9137 8 8220 879 4145 960 7802 415 9311 -242 5210 -602 8244 926 9593 78 1609 -602
9138 3 9697 865 3595 0 2051 436
9139 5 9718 -97 4272 586 5432 291 5095 0 5613 -594
9140 9 8173 -489 8547 491 7633 -598 4320 985 9739 35 6549 860 9493 -436 7659 656 3311 -901
9141 9 5624 -583 8015 307 5938 937 9489 -673 7067 -479 2124 694 7697 -771 2230 117 5859 797
9142 6 8231 -69 7269 162 5802 -439 1025 -338 2198 -431 7864 946
9143 3 3840 916 8770 0 6004 -256
9144 5 2009 366 2292 889 9333 -802 9171 0 4407 13
9145 2 9232 434 4190 368
9146 3 8696 530 277 851 2935 0
9147 5 8963 -714 9996 721 2375 267 9479 50 7136 86
9148 8 3252 -977 5410 0 8428 718 6308 912 9424 789 9162 975 7767 967 2971 -771
9149 3 2885 776 9099 -641 5451 785
9150 12 5829 321 5783 467 7847 -197 7790 0 8546 -154 40 517 7167 373 9885 -621 9287 488 9682 -348 9250 -503 6633 80
9151 7 8936 580 1191 991 8307 814 5904 -200 8132 737 123 116 1852 531
9152 8 2817 623 9323 950 9002 -758 9069 554 9365 738 2047 762 9505 -787 66 360
9153 3 9342 721 9253 900 8960 650
9154 6 9024 581 4849 898 9247 771 5954 490 9549 945 7777 0
9155 6 8144 609 7441 471 7636 -406 9723 294 8487 -36 452 433
9156 2 2736 863 1109 -729
9157 5 731 753 6438 -639 8035 0 7712 -60 3481 729
9158 9 8890 -206 1518 449 7768 986 7357 -462 9594 -754 6796 517 7346 379 9622 933 2772 19
9159 6 9323 -975 8945 976 7415 -218 5414 -350 9066 -274 2838 442
9160 6 6198 768 6971 746 3166 657 9102 810 7871 -203 7258 664
9161 4 7999 617 8969 -146 1708 817 4130 -569
9162 4 9858 -783 6734 70 9148 975 6972 344
9163 6 8833 -637 9633 350 9339 519 4532 913 8411 -817 2552 802
9164 11 9469 98 9743 0 404 -209 7981 -134 8442 7 8230 388 1595 645 3480 293 8045 339 8580 -610 9045 566
9165 9 8522 293 9082 219 9062 0 8650 251 3544 -363 9644 -5 9367 -454 7444 -574 3035 194
9166 7 8208 851 9258 -613 5342 -8 9419 757 9733 461 8789 65 737 -336
9167 5 6770 -709 7336 -792 9854 358 6896 834 8705 -432
9168 2 309 63 2060 928
9169 11 9917 605 9264 204 7080 126 8803 817 5453 317 8447 374 8131 924 7435 -680 9303 471 9991 0 358 94
9170 4 480 339 2523 224 5046 -767 2199 -134
9171 6 8183 57 9336 631 9144 0 9798 0 5767 2 8962 785
9172 4 1510 826 7020 0 9928 149 7338 -634
9173 4 9624 749 9964 834 4951 0 731 -837
9174 8 8552 383 9905 754 6451 -214 9923 485 9616 714 1262 -321 9584 -820 6098 0
9175 7 6418 970 3917 -143 8909 996 4791 0 7880 652 9992 883 4289 122
9176 6 952 237 7211 890 4935 577 9468 286 773 184 2508 471
9177 4 9577 950 4641 975 8137 -315 6208 37
9178 6 4555 656 6952 -245 6452 0 4918 617 9783 -566 999 -132
9179 5 2785 490 5371 -162 8741 -304 9694 336 2924 690
9180 5 9312 7 8769 707 8010 448 1520 170 62 717
9181 7 9496 986 9974 22 9428 -814 1680 359 9461 343 6672 713 8064 448
9182 9 3314 498 3756 795 9925 0 9070 113 9354 0 9437 641 2118 826 9849 -288 988 -454
9183 7 9600 -677 8182 -467 9950 -67 8552 57 831 106 9743 -145 5982 852
9184 2 4956 349 1243 -204
9185 9 3439 696 8273 -231 8991 899 8219 570 9845 255 5988 675 2499 476 4846 801 6221 319
9186 9 7514 323 7337 970 8820 479 8959 815 6676 546 8509 714 6438 535 9528 824 2998 721
9187 7 8434 947 9897 697 9769 -523 9034 428 6555 114 5069 0 58 758
9188 6 9955 295 9742 612 5585 388 9316 209 8677 971 353 331
9189 6 6154 751 7204 -167 7257 -227 9990 -265 9293 -526 7961 -997
9190 6 9796 119 6221 854 9369 107 7488 387 6801 883 1342 222
9191 5 2889 910 9549 -640 2681 -703 8817 327 932 378
9192 4 8585 849 8637 -689 7965 684 7282 78
9193 4 9196 -143 9269 362 8764 -393 1380 377
9194 8 8263 787 958 753 6672 -941 1757 389 5750 619 9928 -726 9297 105 8537 0
9195 7 8338 287 7175 162 4425 966 9365 0 8344 366 9293 296 3882 -723
9196 8 9074 916 9193 -143 9467 180 9367 -928 8477 538 7084 -16 9387 449 6250 969
9197 5 9850 544 1654 937 8165 823 9751 -447 1731 504
9198 8 9570 793 8842 -45 8111 388 2936 822 9059 736 9760 82 9992 507 5504 0
9199 4 7454 797 7731 0 9762 809 8019 860
9200 9 9843 100 8354 858 6164 336 9530 858 6634 611 6624 955 7419 829 1641 181 1359 361
9201 3 8880 322 8954 684 8574 -710
9202 9 1778 734 5864 0 2453 610 8815 111 5581 0 985 582 7220 136 9851 -349 1510 296
9203 6 8380 -404 9281 613 3859 102 7794 -78 3735 557 7124 116
9204 7 7202 865 3887 -272 687 421 9671 -694 9702 0 8994 601 3492 -883
9205 6 8873 240 9857 650 4304 724 9645 788 7685 770 7478 913
9206 7 7180 53 4474 -624 9695 0 9462 580 5288 328 4764 715 5828 870
9207 5 4422 -939 9817 289 9789 734 7870 290 7115 880
9208 9 7279 438 9544 -290 9342 252 8336 0 6407 -416 5267 -320 8670 -335 2122 302 2429 309
9209 6 8263 755 8615 87 9935 -863 8396 0 8579 304 3317 -596
9210 4 7907 -600 4495 548 9334 760 6592 925
9211 5 4494 -943 6094 -378 7889 842 6632 154 3745 996
9212 3 6993 302 9899 -44 5950 232
9213 4 9988 -82 9628 960 9806 958 1732 898
9214 6 9492 -249 9315 -533 740 715 9606 665 3732 179 1403 490
9215 4 9522 235 8600 948 7552 190 244 -917
9216 4 7950 351 7850 553 7281 597 4061 770
9217 7 9864 444 9538 101 8435 -449 8430 970 9423 0 8691 634 7424 -670
9218 9 8921 -116 8364 936 9492 534 9428 195 8016 539 4790 -895 2027 -962 4615 957 3040 251
9219 4 9889 84 4764 64 4639 -243 3210 -18
9220 6 7334 973 8451 692 7971 263 2371 962 6493 477 2149 403
9221 6 9715 843 9503 785 9900 375 8742 -932 9300 532 5935 0
9222 3 6673 134 9854 24 4744 729
9223 3 3083 -858 3808 273 8905 925
9224 8 9801 681 8526 447 9317 685 9339 -226 9859 -947 2187 460 9704 868 5292 224
9225 7 9846 984 8456 -333 9604 851 9864 265 9625 -540 8392 798 6649 594
9226 7 1865 198 7318 650 9121 478 7934 -998 9582 -779 9485 597 2288 840
9227 7 6696 656 9908 673 9229 492 7901 964 7864 770 8617 21 393 581
9228 10 3820 -866 9496 73 7763 288 8777 360 9367 -570 8456 -481 6443 -533 8785 378 5632 469 9117 -13
9229 5 9669 -391 1496 -702 9227 492 5846 955 7477 998
9230 8 9995 381 7951 274 9725 -698 6909 983 2319 22 2688 391 4377 380 6547 819
9231 3 8659 0 9524 333 7650 358
9232 9 9884 147 8677 282 9145 434 9340 209 5972 808 113 -986 9852 177 8755 -465 6123 196
9233 8 9466 850 9609 -723 3542 697 9125 -208 6566 977 8783 989 8322 0 884 499
9234 6 5480 -897 8665 391 8140 0 8499 420 9462 157 2160 -238
9235 7 7848 143 3201 606 7896 900 9827 -923 9338 -862 2293 0 1029 -163
9236 7 8415 379 5274 -901 8156 611 4374 925 7126 8 8993 -541 2402 -886
9237 6 7771 618 9115 44 5169 -130 9376 560 9272 646 1392 77
9238 8 3540 543 9594 277 9071 768 8964 737 7882 387 9034 829 6364 82 2649 -954
9239 5 2318 58 8133 -332 9692 702 9771 -626 2460 -441
9240 8 7872 431 7970 620 9813 -421 8541 354 8730 528 4203 922 9853 -285 2548 914
9241 4 6148 694 8714 71 6423 -718 7840 549
9242 8 9113 -346 2031 156 2611 -136 8874 819 7970 590 7760 26 1341 927 4873 237
9243 4 6176 313 9380 787 4400 509 8286 927
9244 6 8140 448 8640 -649 8344 739 8826 641 9261 646 2660 533
9245 4 5796 577 6697 944 9378 266 6630 980
9246 8 8766 319 7816 872 6786 958 9923 623 9480 863 9714 -171 7418 -93 2635 598
9247 13 8989 -437 4918 -612 8263 301 9154 771 8747 -766 9377 10 8949 -507 8708 359 7966 922 341 186 6479 213 7590 -830 7571 2
9248 7 6401 207 1940 81 6789 781 8715 -263 5216 566 8836 -71 2296 542
9249 4 9847 -272 5063 225 9538 380 1834 -730
9250 7 8801 -404 9122 460 7061 246 8474 -633 7877 149 8491 242 9150 -503
9251 10 7686 283 7216 0 4604 561 9920 544 6039 896 4806 251 9364 485 7825 26 9346 536 5924 367
9252 6 7620 255 2995 285 9358 307 9952 700 6867 -379 3185 -201
9253 6 9938 -247 1230 0 6744 473 9380 632 9629 485 9153 900
9254 5 9945 99 1527 546 3401 992 9360 -961 6731 -907
9255 2 9545 719 7838 0
9256 7 8882 -604 8948 851 9582 432 8694 426 4464 672 3955 958 8722 393
9257 7 9579 -684 9883 185 3895 -558 2723 -842 9561 -35 7316 882 7823 617
9258 7 9166 -613 7412 851 7470 584 8843 465 9006 592 9377 805 2212 -870
9259 7 9749 956 2473 866 8729 585 7687 455 7972 -243 1684 830 1199 989
9260 6 9879 -561 5907 293 6648 -790 9347 405 5157 -526 9116 169
9261 10 7859 725 9587 128 9604 354 6170 214 9710 -812 9076 0 3530 -575 6002 900 9244 646 7974 373
9262 8 9045 -217 9755 -54 7687 556 6569 778 7621 210 6761 717 4692 295 629 894
9263 5 8762 726 9113 875 9661 -86 8438 786 6056 956
9264 5 3161 -819 8265 666 9169 204 9880 -975 7845 -643
9265 4 7024 334 9388 457 9800 -818 1132 794
9266 7 8694 722 5170 -906 1619 -759 5875 419 9942 -271 9915 -583 8292 681
9267 7 6027 -257 9305 -127 8785 741 9742 477 4281 40 4039 985 3744 0
9268 6 9472 441 9736 782 6065 733 6987 -432 9602 672 1674 534
9269 7 7990 64 9745 138 3881 -298 9569 386 9193 362 5723 214 4415 139
9270 7 9271 955 2229 -869 1952 467 9993 -571 8419 950 9117 54 6540 178
9271 7 7563 -246 9270 955 4405 -343 7111 -571 8533 963 6210 16 2831 -709
9272 5 6287 610 8864 -74 9237 646 2001 971 5428 8
9273 2 9718 439 2928 961
9274 5 8373 156 3719 -623 9433 901 9443 184 2511 134
9275 4 9743 -986 727 590 7039 -979 1713 513
9276 7 8341 773 9025 116 9842 -164 9321 137 7926 572 3109 -556 349 417
9277 8 4194 321 7770 576 9462 -338 5111 453 8577 0 1026 -682 9495 810 7798 291
9278 7 9749 0 8538 826 9795 -971 9921 -312 9849 -302 9765 0 4621 366
9279 7 8436 298 4917 762 9678 0 9806 325 8869 368 9691 959 5639 -172
9280 7 7647 -657 2476 434 5628 29 6982 -601 8450 463 4883 -990 8647 455
9281 7 9203 613 9056 443 9782 705 8970 -37 890 104 5762 -215 3175 845
9282 5 1654 -989 6702 -475 8482 950 8644 482 5182 255
9283 7 7886 -231 9897 -257 8538 -864 8319 -94 9651 794 4527 708 3267 399
9284 6 9896 956 9810 -329 9786 -836 988 -367 9285 681 3155 568
9285 8 9324 -823 8219 593 9304 919 9390 283 6909 163 8999 532 6912 346 9284 681
9286 6 3444 517 5510 218 9510 611 9416 411 5368 -208 2521 988
9287 10 9947 220 395 191 5192 -691 4139 -1000 932 890 8757 28 3621 0 9150 488 9866 0 5641 794
9288 5 6414 855 9127 -647 7173 613 7832 909 3407 681
9289 6 9133 813 6978 568 8047 -250 2156 903 8551 432 1569 60
9290 5 5235 156 4161 257 6745 748 8691 388 6895 -179
9291 14 8760 0 2110 374 9876 -672 8180 423 2599 762 8550 787 3525 -607 3491 639 9106 712 9463 404 7890 99 4909 32 9753 748 3801 399
9292 8 6931 306 9114 167 9020 -649 8766 986 7442 -881 8 496 8796 -902 3795 821
9293 8 7542 856 9875 -260 7914 898 8553 141 4957 893 9195 296 7879 287 9189 -526
9294 6 7976 565 9306 392 9998 645 5098 767 8970 505 8066 710
9295 7 3757 0 9689 853 440 741 7496 772 4786 10 9088 489 1600 130
9296 5 9465 325 5129 -730 9614 978 9674 302 939 -280
9297 8 8986 130 5544 687 7228 35 6447 -138 8195 328 8527 313 5307 628 9194 105
9298 5 8528 258 9487 -426 9623 136 9628 955 6260 419
9299 5 5067 985 6270 945 9570 190 9981 524 229 839
9300 9 8466 689 1385 922 7434 490 1032 410 9638 -910 8460 -58 8775 -440 9221 532 4504 905
9301 8 2741 580 6723 264 8835 13 9376 735 9105 0 6257 795 7712 867 2662 451
9302 6 7547 309 5420 202 8881 499 6148 263 9756 991 5323 907
9303 5 9579 490 1479 700 9935 725 9169 471 4621 833
9304 9 2067 717 9285 919 8430 856 8521 -57 6041 468 6971 682 9886 291 9395 -517 4792 264
9305 11 9909 -54 9267 -127 5205 11 2817 0 9720 13 6130 785 7444 833 5319 0 9004 -529 7670 725 2059 -84
9306 14 9013 -72 814 0 5845 408 9479 320 9616 706 9294 392 8400 427 9625 277 4793 525 4479 36 9741 -926 4686 265 9058 -508 724 160
9307 5 8753 192 8930 308 9424 583 7727 677 3326 -677
9308 10 7301 -753 5656 422 4049 951 1743 -952 9986 163 9588 968 8928 733 5431 -350 7964 93 1018 541
9309 4 7736 249 4911 338 8315 -629 7304 -192
9310 6 1034 413 5898 769 7103 772 3554 517 7518 23 3296 387
9311 12 1024 372 2705 0 7864 805 5345 980 9377 857 3980 106 8550 937 9137 -242 4620 864 6918 851 7330 -787 4284 81
9312 6 9180 7 9477 537 5955 209 8773 368 9697 410 5566 677
9313 10 433 601 9629 0 6593 352 3180 0 7651 -490 4720 727 4985 886 6400 951 918 300 3160 801
9314 6 235 234 4621 628 9559 238 6040 873 3830 83 1273 856
9315 5 9444 814 1992 819 9214 -533 9479 450 3275 -927
9316 10 8214 931 3209 310 3014 787 9566 527 9188 209 1948 -185 9768 438 9379 213 3984 164 3905 -882
9317 8 9437 873 9991 645 9224 685 8712 991 9670 354 8760 405 9803 391 1024 -389
9318 5 8674 959 7875 619 6774 -269 9013 -782 6123 52
9319 3 9988 877 3769 -944 2730 426
9320 4 9473 0 6476 -798 9569 691 50 993
9321 5 8189 966 9795 -128 8722 763 9276 137 5400 307
9322 7 896 717 8002 775 9850 514 9535 79 1342 -929 9103 0 664 109
9323 11 8414 529 9159 -975 9532 532 9152 950 7928 -221 5360 57 8935 793 4762 544 8487 460 8654 -214 6720 857
9324 9 9285 -823 9490 754 8601 -331 9840 -417 6475 158 8887 -988 6494 39 9641 64 2506 781
9325 8 9735 666 9691 59 2226 -246 7561 402 9493 444 1473 178 8935 924 1396 -77
9326 4 9464 -847 7826 366 9952 929 4467 379
9327 2 8873 681 972 534
9328 4 9743 111 603 190 1550 -875 8594 -764
9329 4 9567 686 7958 0 9512 677 1293 945
9330 5 9474 495 972 -101 8817 835 9839 -439 2215 699
9331 10 9799 487 6750 721 9922 612 8876 950 5506 738 9502 220 9664 -885 9896 -85 9376 329 7147 -645
9332 2 5048 241 5990 837
9333 5 9144 -802 9808 0 8040 755 3174 341 2784 0
9334 4 5842 732 6245 -6 8358 -560 9210 760
9335 9 6201 -838 9411 271 3091 -630 8027 -219 9663 600 8161 -484 9702 -440 9820 258 1744 776
9336 12 7798 -870 4441 825 5149 745 9171 631 8726 33 9580 940 1013 -534 2028 0 132 568 9005 -993 8011 -560 5263 209
9337 3 79 811 9952 64 7943 818
9338 7 4689 -164 4429 850 9235 -862 9549 283 9348 -457 9827 -168 4765 2
9339 11 9163 519 8303 788 2929 457 9224 -226 8949 -389 9443 850 9526 410 9708 -662 9899 764 9807 772 5435 -664
9340 8 9801 556 1836 322 8785 393 9368 0 9572 461 9232 209 4248 846 6837 699
9341 8 7467 906 8930 588 7082 -516 1405 -164 2984 55 8363 779 9529 815 1404 736
9342 7 9208 252 9998 -232 8459 146 7948 418 9153 721 6925 18 797 690
9343 9 9406 205 8658 544 4651 -69 7833 495 8195 -338 9499 107 7752 367 7904 0 1783 31
9344 3 5065 534 9571 446 7952 -811
9345 8 9842 727 5482 554 8637 578 4252 -490 9372 208 9531 311 5745 44 4464 538
9346 5 6054 484 9398 776 4081 -671 9251 536 3199 776
9347 8 7813 871 9928 733 9812 987 6978 795 9071 868 9384 465 9260 405 4397 481
9348 13 5655 630 586 -547 6631 238 9421 958 5242 676 7007 556 3477 -487 9639 560 9338 -457 7687 121 6071 -369 9978 926 1961 570
9349 7 9503 -274 5262 271 7877 -938 3551 414 9535 919 3603 468 6831 494
9350 3 8214 -627 8294 741 3480 782
9351 4 5440 242 6268 207 4192 882 6400 0
9352 6 5539 -427 9956 -756 9436 888 834 -970 9947 495 1680 105
9353 10 3649 98 5765 -332 9601 802 6911 -723 8611 168 9354 298 8652 751 9126 2 5037 115 2876 712
9354 7 4276 -457 8947 99 9182 0 9353 298 8621 280 9844 955 9106 351
9355 10 9393 862 6812 106 9721 992 1939 352 7350 888 7209 634 1033 25 9734 43 1738 -999 5363 423
9356 2 6252 875 5714 -314
9357 7 1623 932 6924 710 8906 -614 8708 525 9959 556 8818 18 6580 -42
9358 6 9102 -463 9252 307 7911 520 7642 492 8375 812 3707 695
9359 6 9761 916 8772 908 5822 -720 8311 680 9472 260 5547 589
9360 4 6850 -183 5591 292 9254 -961 7524 484
9361 9 8301 793 4272 263 1477 803 1643 182 9673 648 9850 -430 7601 -113 7482 894 8529 -263
9362 8 9770 855 6775 825 23 938 8590 562 9431 592 9991 334 9635 0 8834 626
9363 8 1132 772 7266 666 9933 0 9375 883 5203 697 9750 886 4973 468 1378 483
9364 10 1309 -589 9869 910 6814 -642 6978 80 9251 485 9129 -346 6606 -311 4985 -269 866 378 1211 94
9365 9 9152 738 7994 0 9527 0 8234 822 2760 -481 9195 0 1488 607 7351 0 8884 -635
9366 6 8955 27 9634 -729 8524 451 90 -581 6638 -627 6373 -949
9367 12 6678 101 8272 -289 9792 153 83 -282 9196 -928 9228 -570 3495 -257 8339 996 7955 -677 5208 723 9165 -454 3005 171
9368 9 7197 265 9340 0 9036 972 7459 301 9055 999 3402 489 2510 898 9592 4 5634 87
9369 6 9717 863 4302 751 9190 107 9092 753 9463 64 6898 -60
9370 6 9028 -280 9860 -137 9854 -523 8438 392 9418 184 6967 504
9371 5 8641 88 8186 -685 7349 748 9044 958 816 -683
9372 5 4745 -645 5004 192 9345 208 3409 -58 1919 -526
9373 6 9374 -757 6817 283 9117 740 5334 410 9802 -830 4600 913
9374 13 7580 635 9844 224 9373 -757 9570 515 5653 158 5057 308 9488 14 5633 665 8413 267 6919 320 1837 -32 3034 426 7227 117
9375 11 9751 312 7028 -761 9499 724 8693 362 9504 366 4289 494 9875 -923 9363 883 2632 906 9002 -130 5456 675
9376 15 6114 451 9923 509 3751 232 3726 0 6302 -674 7175 709 5193 178 9301 735 8708 284 9564 712 9237 560 7761 943 9535 490 7434 98 9331 329
9377 6 7480 823 8107 707 9311 857 9258 805 9247 10 7565 805
9378 5 8904 154 8086 263 5960 129 9245 266 3622 497
9379 7 8580 190 8979 922 6335 -603 7415 0 8007 697 9316 213 7506 -579
9380 9 7731 957 6228 -432 9243 787 9014 -497 9966 151 9253 632 9499 -602 6575 -255 8925 684
9381 8 9399 -472 9982 541 7200 -689 9851 -686 9738 605 9114 649 7448 678 2511 0
9382 6 9664 0 9008 362 7124 792 9940 178 9530 0 7555 858
9383 4 8750 424 330 854 8944 269 8022 195
9384 6 6365 422 8778 615 9876 843 9347 465 7972 -597 4445 452
9385 10 3133 537 623 385 2145 190 8910 -874 421 77 8712 489 8660 115 8684 -632 9853 766 4753 -353
9386 4 9891 -183 9671 -908 9807 -290 1386 -118
9387 16 8398 -637 2878 0 8251 -624 4895 931 9596 60 4158 988 9648 995 9017 766 1827 -648 9763 727 5189 931 9926 984 8375 -658 8431 322 9196 449 877 687
9388 6 9979 384 9265 457 9824 829 8632 -584 8419 782 4627 -351
9389 8 7446 823 9877 -984 2193 -261 6556 81 9820 792 9885 864 7529 -1 764 63
9390 3 2610 682 9285 283 1600 0
9391 6 6818 540 5454 891 4973 0 9875 253 8412 937 4937 356
9392 8 9132 743 4871 695 670 992 8727 -586 4676 -709 5460 837 7969 -758 5272 984
9393 9 9355 862 9976 662 9571 509 5942 452 8032 494 8635 952 8402 -726 7192 -166 1168 483
9394 10 492 396 9497 -489 7303 960 8056 367 8113 955 2110 949 9536 504 9700 570 9548 719 8999 406
9395 8 1397 -486 6629 143 6584 682 1730 345 9839 873 9304 -517 6376 450 3166 200
9396 6 9813 802 9786 -714 7362 -229 9598 993 6299 23 1468 410
9397 4 7826 -989 4866 808 6990 679 773 517
9398 5 7694 0 8586 858 9346 776 5904 -874 5449 665
9399 7 3827 183 9381 -472 8386 724 6864 -723 9111 948 9081 999 5424 476
9400 6 4752 107 8159 373 4565 121 8202 0 9972 -550 5165 929
9401 6 9445 124 4237 419 6075 515 8565 745 8582 674 8111 0
9402 6 2406 943 5066 540 8139 531 9823 176 5429 -167 6609 528
9403 8 6477 913 6860 -944 9931 543 9412 191 7726 48 8605 -294 9416 397 4495 671
9404 7 3155 543 9684 92 9700 -321 8222 -200 6418 -321 4097 45 7477 885
9405 6 9850 -811 9832 279 6893 750 9948 903 9578 457 7030 417
9406 6 9343 205 9076 735 3973 34 9553 0 9590 807 815 -521
9407 11 9778 -126 9612 229 3720 -581 8278 -120 2549 -577 9743 -508 7232 700 1886 -807 9543 921 3645 688 4841 689
9408 4 1761 924 8162 267 4898 483 1731 836
9409 6 4562 0 9674 661 9440 -398 4888 330 6195 131 8262 -13
9410 7 9522 -331 9671 -527 9556 0 9491 89 9981 527 6899 693 8390 486
9411 6 9335 271 216 -963 55 0 9610 163 6497 606 2154 715
9412 9 8272 143 9515 420 5535 537 9922 176 5972 534 9403 191 8867 -412 6868 17 5758 763
9413 8 8146 674 9585 427 8299 92 8990 -953 8488 624 9720 366 9834 853 7426 -246
9414 7 3239 -871 9742 8 9690 639 6022 574 9541 108 4165 0 728 282
9415 5 6368 810 9513 116 9675 -819 9965 57 6270 -263
9416 5 4899 -327 9286 411 9403 397 9845 423 7747 135
9417 9 8746 764 9965 497 3791 720 9793 -366 9890 0 8461 293 8713 58 6865 0 570 318
9418 5 404 518 8422 257 7016 413 9370 184 6040 -374
9419 5 6685 65 9166 757 9620 787 6918 -25 1927 355
9420 8 9901 246 5513 526 8929 -592 3119 443 5392 462 7489 -49 9553 39 3207 -817
9421 4 9006 -349 2748 342 9348 958 7114 741
9422 4 1825 -709 8790 -333 8527 442 8193 0
9423 6 4611 664 9682 0 9217 0 9636 -17 9967 -351 3983 580
9424 8 7419 0 6863 -639 8017 225 9148 789 9307 583 8594 224 5413 25 4471 670
9425 7 3838 -272 9640 218 6127 -907 2754 157 9482 334 2912 690 1283 996
9426 4 9558 17 9678 520 7807 571 3481 -246
9427 6 6449 427 5077 -863 8513 -16 138 311 7101 658 1374 268
9428 7 354 844 9218 195 7588 -664 9181 -814 9833 712 7750 458 6384 146
9429 7 4850 0 8941 0 8054 699 9976 195 9610 235 7497 364 1266 -681
9430 5 7865 338 6073 305 7241 -133 7491 33 9061 452
9431 5 1196 898 8982 468 9362 592 2850 -359 8158 105
9432 8 9780 276 9697 988 477 0 8259 -53 9645 885 8418 -480 6669 0 3481 753
9433 6 2433 -859 826 -149 9719 -904 9274 901 7132 997 5698 801
9434 5 8790 99 7501 169 3734 422 9439 627 8011 49
9435 8 8962 699 7646 560 8882 696 5438 329 8680 279 3374 599 9065 368 3705 520
9436 8 9586 -206 2532 -856 9352 888 7331 837 9790 -909 9573 642 9550 495 2975 855
9437 7 9317 873 8504 196 9182 641 3863 685 778 345 9793 388 4529 303
9438 8 9704 131 9590 400 9579 395 9669 794 8513 79 8938 917 3061 299 264 290
9439 6 8836 313 4578 -108 2884 299 6620 308 9434 627 8255 -627
9440 7 8339 29 9772 -630 7842 223 9693 977 9441 358 9409 -398 7385 476
9441 9 9839 544 236 312 7126 -807 9716 -441 9440 358 9014 571 8836 599 9115 319 5755 -329
9442 3 9842 -20 6958 371 2303 870
9443 7 9485 189 6279 726 9339 850 8539 874 2888 138 9274 184 6686 24
9444 7 9315 814 9745 547 9450 486 8457 466 8554 265 4251 -558 5172 683
9445 5 9401 124 9585 0 577 662 1628 356 8677 -563
9446 5 9551 309 9118 -214 5970 824 9469 -659 6623 -552
9447 5 9895 107 9491 -141 7730 536 9763 -78 1391 207
9448 8 6271 -24 9454 114 1652 132 9783 -175 8795 536 9803 -426 2361 -702 956 933
9449 8 9786 892 8918 -588 6446 655 7874 737 4096 730 8816 462 7385 164 5547 191
9450 7 7404 996 8693 -911 9444 486 9578 345 9622 436 1861 -688 7624 676
9451 7 7975 977 9981 -853 8500 752 9525 -313 9628 144 9490 275 995 -798
9452 6 9967 -354 8261 903 1645 0 9517 540 8968 770 1033 124
9453 4 9507 939 8601 -214 1424 359 8687 -883
9454 9 8776 0 9448 114 1382 0 9687 962 7517 719 9561 156 9107 -958 415 -343 929 629
9455 9 9481 -584 1468 793 8231 78 7398 -1000 8308 422 9723 0 3419 192 9566 537 2505 374
9456 12 9553 951 8373 232 3754 748 7716 -838 5225 0 9912 116 8723 993 9920 185 9755 156 4019 651 7400 176 6854 177
9457 3 9841 -825 8641 889 1830 0
9458 6 9563 520 7123 99 8345 766 9118 -445 583 0 683 141
9459 6 9746 790 8661 847 9883 638 5244 -452 9552 525 6608 -594
9460 6 9760 -733 8497 0 2765 -638 1383 268 7544 737 8748 -962
9461 7 9862 770 9607 417 5861 927 9181 343 9829 360 5553 0 4285 795
9462 11 9277 -338 4617 770 4634 686 8547 515 6930 -47 3240 -807 9206 580 9234 157 9682 321 9692 -89 8118 586
9463 11 9488 75 7722 439 8979 250 9501 -269 8159 846 401 245 4879 380 7387 931 9369 64 9291 404 9057 524
9464 4 9326 -847 8784 936 4650 483 8960 392
9465 7 9605 -68 7029 913 6863 -32 9296 325 4716 389 8746 157 7122 380
9466 7 8734 941 9233 850 8967 282 7918 1000 9810 -114 8645 713 3105 -763
9467 6 9196 180 6768 -739 7181 0 9672 743 7830 811 5721 -141
9468 8 9509 922 9674 501 8076 418 9500 196 9176 286 9695 283 4820 747 8510 566
9469 10 9164 98 9558 196 9507 -573 8349 307 9749 -272 1238 221 5910 275 9446 -659 8587 719 2438 -69
9470 11 9860 -768 6877 -808 8863 -78 9553 124 9846 259 2998 332 9131 -749 7244 549 9729 -579 1865 276 2877 -3
9471 5 8042 188 8987 778 9625 997 3770 197 8818 243
9472 9 9807 185 9268 441 9920 655 3914 672 9714 264 9359 260 7766 -576 7617 927 6845 514
9473 9 9320 0 844 -762 9862 312 4446 -147 4006 618 9959 591 1007 685 9662 9 8145 810
9474 7 9823 952 9330 495 9965 733 9129 -839 7115 -836 8756 -150 6243 718
9475 6 8748 546 7980 899 7115 198 757 -550 8433 435 2798 409
9476 6 8234 766 4595 161 1121 381 717 188 9918 887 4837 0
9477 6 8536 -911 9312 537 8730 774 9815 -434 8857 -240 2174 -885
9478 9 8773 -487 5056 -575 7308 726 9751 406 3671 13 3473 407 7203 211 4106 198 6706 32
9479 9 9306 320 1102 245 9933 781 557 -546 9618 158 9569 575 9315 450 9147 50 4097 908
9480 8 7112 -819 1191 -642 5895 480 7882 -460 9966 255 9246 863 4115 0 6355 198
9481 7 8928 973 1866 577 9455 -584 6394 250 6820 219 8340 -177 899 988
9482 7 8582 170 5337 702 9978 170 4832 -106 9425 334 8408 434 2657 321
9483 12 8733 -144 6912 -854 8421 -472 9521 -391 9544 377 8457 -313 9879 37 4601 714 7886 617 9625 263 8854 0 3653 0
9484 2 9626 172 3182 71
9485 9 9443 189 734 60 2782 461 2446 644 9834 249 6599 436 6827 933 1892 -815 9226 597
9486 5 9994 -463 7085 0 6380 16 9782 127 1985 906
9487 8 8015 32 9298 -426 7961 -373 5838 -635 4965 223 9093 0 8566 639 8668 971
9488 7 9463 75 5366 303 7067 503 9374 14 8878 -701 321 -169 1208 790
9489 5 8359 856 9851 724 9141 -673 7008 515 7787 75
9490 8 7849 336 8700 275 9324 754 9812 -443 6365 191 1028 -455 9451 275 1020 0
9491 9 8525 900 9546 -892 9953 -926 9410 89 9733 969 4510 801 9976 740 9447 -141 4150 45
9492 5 3949 676 9214 -249 9218 534 9527 0 65 185
9493 7 8137 723 6610 44 9913 0 7741 445 9140 -436 9325 444 4798 329
9494 9 9860 476 3956 714 9698 324 9089 -526 9096 384 9642 375 9603 313 5355 -157 1516 0
9495 5 9277 810 8990 648 9702 234 9774 52 2200 -275
9496 8 9228 73 8168 746 3665 -404 9181 986 6570 639 9511 165 9512 697 2253 -651
9497 6 8849 -457 9394 -489 8658 398 2282 188 8748 -685 2652 271
9498 5 9100 859 3239 56 8766 425 4582 -17 2201 -468
9499 11 8579 953 7179 431 9375 724 173 366 9343 107 9826 835 6330 120 7576 0 7960 -184 9380 -602 5957 -523
9500 6 6810 755 7868 601 8526 82 9468 196 7487 0 3976 838
9501 8 5837 847 9463 -269 9838 523 8571 763 8863 425 7924 351 9663 633 665 -789
9502 14 6053 395 7626 -686 4821 216 6604 600 8643 -716 9331 220 5315 -870 7708 543 8619 803 8558 401 2952 584 8980 441 9513 460 3065 880
9503 8 7336 419 9349 -274 9221 785 6132 725 9093 623 9853 -152 9593 927 2478 149
9504 3 5789 476 9375 366 802 868
9505 6 3164 187 1838 30 2442 801 9878 844 9152 -787 4369 695
9506 3 9032 506 9687 483 199 716
9507 3 9453 939 9469 -573 7381 -188
9508 4 9528 92 8341 0 7968 0 8497 44
9509 11 6304 247 9950 202 7603 123 6829 543 9468 922 6507 931 9000 23 7522 290 8723 623 9969 435 129 383
9510 9 8566 746 9529 -6 7347 70 9286 611 9627 -116 8541 -657 6190 842 8107 -489 8567 525
9511 3 9496 165 9581 635 2153 980
9512 9 7852 368 9925 576 3175 984 9496 697 9646 170 3130 745 6524 -614 7030 482 9329 677
9513 7 3154 781 9415 116 9891 983 5625 502 8116 0 9940 829 9502 460
9514 7 9926 979 8450 672 9739 115 8468 514 4963 256 9686 731 5043 0
9515 8 9412 420 7869 348 8937 896 7997 -654 9670 633 9717 781 9634 249 5042 865
9516 10 8046 855 5359 636 1208 306 7583 709 9046 825 5793 313 6360 554 7953 323 9040 76 2003 0
9517 4 8622 504 729 955 9452 540 355 -120
9518 7 4635 71 6889 615 8474 -217 9547 892 8896 879 8646 664 3017 574
9519 11 4800 982 9091 -393 7194 -68 9872 638 4285 -149 9978 364 6328 344 8651 238 7734 -387 2900 245 785 328
9520 5 8097 7 6568 462 9030 -534 9857 831 7741 -581
9521 8 2252 336 9483 -391 7532 222 9847 386 9997 992 6378 335 9576 312 2180 -890
9522 13 9410 -331 8654 356 9820 -411 7372 722 5249 291 9722 57 757 612 9215 235 2214 -950 3536 -458 8251 -553 9542 780 2007 57
9523 7 7527 837 7988 551 9704 322 9582 379 6087 528 2302 26 1760 912
9524 10 7563 891 6974 12 774 701 8180 -730 9694 39 4906 -613 5484 -766 9231 333 236 900 5694 -185
9525 6 9451 -313 8881 981 9925 571 8387 163 8337 -17 2715 46
9526 6 2020 956 4080 -743 7435 862 9339 410 4730 967 2790 -219
9527 7 6444 521 9737 -29 9365 0 7542 674 9492 0 9090 -2 1482 74
9528 8 9508 92 9559 354 8750 -114 7589 679 5247 -139 3526 426 9186 824 6727 920
9529 9 9510 -6 9734 84 7750 385 7312 458 8948 -642 8814 32 9341 815 8703 947 2542 497
9530 8 8467 258 9200 858 4813 359 9809 0 7542 604 9914 -479 9382 0 5310 890
9531 9 6572 973 8225 -804 7560 83 9928 442 9345 311 444 720 4574 971 2429 870 7093 416
9532 7 9645 305 9323 532 8857 -543 9886 508 4430 -971 8487 -826 2087 990
9533 5 6827 898 4780 -557 8967 810 5510 -286 8912 426
9534 7 8394 976 6111 336 9970 467 5558 -35 9944 703 4121 415 2814 -839
9535 13 2901 677 5149 230 9986 407 9716 719 9322 79 8627 651 9782 -702 9569 159 9349 919 9376 490 9585 298 6702 -707 5750 672
9536 6 5648 983 9904 -638 9394 504 9047 406 727 -748 2292 64
9537 6 4743 0 5205 0 8807 960 9698 -783 8367 157 8339 664
9538 14 2312 -147 9730 0 5246 579 8937 163 9217 101 9562 480 9871 -618 8413 219 9249 380 8037 0 9879 548 9597 840 2972 773 5313 539
9539 7 4960 696 5394 448 8016 396 9809 633 2635 924 7979 -60 7822 -969
9540 3 9047 134 9767 663 4215 903
9541 9 9616 162 9026 -408 2637 803 7701 81 8100 -844 3577 465 9414 108 9658 -31 4591 982
9542 9 9611 -443 7387 0 1630 839 8443 -661 6928 0 7648 788 7934 -928 9522 780 7535 -787
9543 11 1421 595 9986 164 5575 535 9716 -159 9762 269 9618 0 8700 498 8541 -905 3108 -814 9407 921 7713 412
9544 11 9208 -290 4413 -771 544 232 4699 148 7701 12 9483 377 699 275 8063 437 7714 847 9753 177 684 872
9545 6 9946 901 9255 719 2137 -189 8123 681 6430 926 8353 -607
9546 5 6911 100 9491 -892 8068 951 9905 -974 593 986
9547 4 8996 986 8736 541 9518 892 90 31
9548 6 1251 113 9954 -552 9394 719 2659 46 91 -939 1395 777
9549 5 9191 -640 9849 767 9338 283 8089 0 9154 945
9550 8 3448 -466 2418 -608 214 -113 9762 585 9714 -947 9436 495 9783 387 6049 459
9551 10 9446 309 9779 -414 9676 831 8903 118 9626 469 3800 -89 2888 633 6813 87 1097 918 9088 239
9552 7 5317 -332 7685 918 9958 646 8193 753 9459 525 9566 438 2150 886
9553 13 9456 951 8164 -418 6930 89 9470 124 8980 360 9406 0 3974 843 8413 703 9073 0 9420 39 9697 768 8715 -334 2745 119
9554 7 8302 999 7626 717 9708 41 5386 367 7224 194 6006 -74 320 -585
9555 7 5352 503 9865 507 6640 298 8749 -391 8764 103 9638 207 3342 -520
9556 5 9410 0 9758 975 5969 0 9808 43 7782 34
9557 5 7728 847 9673 455 6993 431 8754 451 6760 -315
9558 5 9469 196 1467 187 9426 17 9882 -21 2612 51
9559 8 9528 354 4288 363 7606 309 8522 0 7838 7 9314 238 8912 0 5809 -673
9560 4 2974 -278 8219 286 7577 -902 4828 945
9561 9 9889 256 7882 0 9454 156 9844 0 6966 365 4777 434 8684 -751 9257 -35 6307 632
9562 9 8578 185 7518 647 9940 0 9538 480 8911 -546 9569 387 7138 -729 9961 119 1425 563
9563 9 8016 774 9837 -841 9458 520 7190 593 3900 -851 6658 806 9781 -747 8093 332 7200 176
9564 4 1258 691 9376 712 8312 284 8367 468
9565 6 9075 372 8659 954 7729 651 9714 -267 9940 0 8785 -299
9566 9 5588 509 8695 361 9316 527 3365 839 9813 232 9921 -95 9552 438 6862 178 9455 537
9567 4 9796 -39 9329 686 9661 377 1781 -102
9568 7 3667 62 4962 822 4922 665 9052 -768 6696 392 7087 -321 8535 -270
9569 16 9269 386 8783 -950 5625 900 8560 876 2289 967 8405 -145 7964 279 9535 159 5521 578 7248 267 9562 387 9884 -892 9479 575 4453 938 9320 691 8605 197
9570 7 8122 932 9198 793 9374 515 2085 726 5863 161 9299 190 5123 554
9571 8 7940 797 8374 754 749 56 9344 446 9393 509 7101 208 7110 -550 3415 438
9572 7 7368 470 8409 845 2352 75 7720 420 9931 326 9340 461 5829 797
9573 4 8861 981 7792 622 9436 642 4717 0
9574 8 8440 -866 73 -27 4814 -139 8823 909 8446 807 8927 595 9719 839 450 -444
9575 6 9589 624 491 230 9605 302 9718 767 8713 177 8707 581
9576 7 701 370 1912 85 9052 -261 6828 -120 9521 312 9738 27 1997 0
9577 5 9177 950 9868 811 8914 320 9587 249 1096 476
9578 11 9668 640 9839 438 9450 345 5789 -222 9999 537 9636 -278 9601 -600 9812 66 9692 573 9405 457 8703 403
9579 10 7355 469 9975 177 4 834 9257 -684 9303 490 9438 395 1762 572 9794 88 5337 -984 637 967
9580 5 9336 940 9133 383 1732 0 8022 -207 7394 -479
9581 9 2786 190 7248 21 6864 -94 9809 462 8091 -328 4004 430 7090 500 8973 400 9511 635
9582 13 9027 868 9794 682 1164 673 9256 432 9636 -340 9750 43 5966 -946 7188 417 9924 261 9523 379 7583 158 7407 775 9226 -779
9583 8 1001 0 5572 849 9618 231 3631 -953 4432 0 9743 463 9812 435 2650 -313
9584 5 8666 -503 9026 -856 5155 131 9174 -820 8873 204
9585 10 8072 -38 9413 427 8763 750 8915 702 9445 0 9815 227 9535 298 9969 -721 9765 -21 7240 984
9586 6 5602 488 9436 -206 8366 -310 6280 301 4306 961 4483 257
9587 8 8993 964 9261 128 2427 668 9577 249 7299 468 7855 627 8683 119 8566 389
9588 11 9807 345 9844 830 540 -187 9625 80 4212 551 7059 -187 5116 66 9308 968 4096 952 9721 10 7164 44
9589 4 9717 470 9575 624 9940 997 7577 69
9590 10 9934 804 9438 400 9885 -900 3970 577 9785 666 9021 0 9863 788 4115 153 8793 -501 9406 807
9591 8 7437 486 182 442 8329 503 8673 837 9881 908 8882 159 6483 374 6205 783
9592 6 1750 178 9950 -969 8496 -917 8494 826 9908 491 9368 4
9593 11 7137 765 5823 884 9835 895 2996 815 9973 -611 4441 217 9617 -610 9839 -975 9503 927 7569 -865 9137 78
9594 10 1333 -755 9238 277 9039 718 4065 0 9158 -754 7439 10 9084 916 8292 -642 9754 753 1745 537
9595 2 9909 -453 5759 259
9596 7 5723 746 7696 232 9702 940 9387 60 9940 318 7367 73 3857 353
9597 8 9823 -666 9639 664 6847 851 9624 -880 9538 840 5837 5 9654 284 8260 944
9598 12 8765 747 6704 937 8555 -895 9730 472 3960 313 8559 849 6082 -885 8293 814 8794 -70 9396 993 4876 283 4962 757
9599 6 6774 -266 5563 170 3702 -600 8491 -210 3619 878 7945 0
9600 6 9963 201 9183 -677 7617 466 9606 587 8885 835 3787 670
9601 6 9353 802 8364 432 2654 879 8837 464 9578 -600 8263 600
9602 3 5434 917 9268 672 7949 511
9603 11 8627 -274 8640 170 4793 0 9105 863 9846 -617 9861 -677 9801 520 9494 313 8957 -602 8882 659 1140 262
9604 6 8700 858 7784 589 9261 354 9225 851 8439 473 8068 815
9605 8 9687 237 9465 -68 5608 -435 9951 -769 8296 719 9575 302 9880 602 1827 122
9606 9 5445 965 8260 -271 9852 -197 9815 542 9214 665 9722 441 9600 587 6130 50 2924 877
9607 8 6073 785 6188 273 9982 311 9967 0 9461 417 3223 -246 9987 686 578 682
9608 10 8994 813 7606 20 8553 584 3247 95 9851 588 7310 976 8000 637 9969 -3 8541 664 2731 531
9609 10 9990 431 9233 -723 993 609 9830 537 9661 -569 6069 90 9985 545 5505 348 9924 83 8246 975
9610 10 4516 351 8178 -656 9429 235 9411 163 7207 -644 354 917 5595 -259 7411 756 9973 -597 6800 -526
9611 8 9542 -443 9981 371 9940 380 8712 538 8493 350 7878 -57 6099 -607 3776 -578
9612 6 9407 229 7681 62 1298 -365 9809 532 1273 915 6693 443
9613 7 9829 740 9071 -651 3315 -12 9006 0 8622 857 9675 130 5163 -626
9614 6 9842 337 7244 887 7379 -409 9296 978 8560 736 6016 241
9615 7 6651 308 9712 840 7899 -145 8718 566 8201 752 2180 996 7064 36
9616 10 5073 107 9541 162 9306 706 9174 714 7568 59 8283 733 3378 -821 9622 681 2083 944 6523 526
9617 8 9630 590 4241 -245 9825 376 9623 0 1219 -714 9593 -610 8133 -192 8481 -715
9618 8 9680 645 9019 800 8438 440 9543 0 8387 216 9583 231 9479 158 8892 483
9619 5 5018 7 9790 638 9763 421 8143 159 184 890
9620 7 6960 566 1896 538 9794 803 9419 787 9986 -489 9734 498 1385 804
9621 3 9803 827 9774 -831 6758 -569
9622 6 713 -497 9450 436 9616 681 9958 670 5266 250 9158 933
9623 5 9298 136 9617 0 3432 519 7364 -447 840 -800
9624 10 5101 50 9173 749 7977 746 9832 11 8376 39 4859 817 9089 884 9597 -880 9798 527 2631 390
9625 8 9735 340 9306 277 9588 80 9471 997 9483 263 9225 -540 8734 -565 4779 630
9626 5 9484 172 7471 579 920 274 9551 469 5046 149
9627 6 9880 0 9957 -580 9510 -116 8494 -101 9731 239 6164 -265
9628 7 1585 984 67 496 9451 144 9213 960 5637 729 9787 799 9298 955
9629 7 9678 -481 7995 -113 9313 0 4676 273 5679 -52 9253 485 2331 451
9630 4 9617 590 8073 751 9654 -680 5283 187
9631 9 6875 347 9956 552 4242 978 5713 83 9720 956 8761 848 3893 731 9783 430 4830 367
9632 7 7943 552 9801 122 134 468 9859 239 8912 917 8063 213 6845 85
9633 8 7892 249 9163 350 7231 -993 9091 -441 7578 -850 9862 140 6377 -349 9038 -68
9634 8 8835 -777 7239 1 8836 182 9366 -729 8503 -289 5543 589 7529 641 9515 249
9635 8 2262 -161 8130 840 8238 -911 9101 0 9362 0 8856 -95 7425 0 4860 505
9636 8 8995 619 9680 760 9582 -340 3118 722 8859 652 9578 -278 9423 -17 3356 235
9637 7 9917 669 8059 303 9711 -813 9646 671 7736 572 9895 456 4320 924
9638 10 9300 -910 2164 438 4817 241 9707 238 9555 207 6456 83 6734 -947 1520 -93 8380 0 4808 972
9639 6 6116 154 9804 305 9597 664 5373 118 9348 560 8230 551
9640 9 8863 993 6305 78 7145 787 9425 218 6979 653 2597 375 8056 913 1846 87 3815 -935
9641 9 9827 -465 8185 -583 5605 261 1745 613 8546 496 8092 600 9324 64 9810 590 955 -409
9642 4 9655 0 841 -799 9494 375 7310 513
9643 4 8940 661 9932 -999 9760 -342 6327 983
9644 3 3310 -479 9165 -5 5224 627
9645 10 9532 305 9773 640 8912 4 9432 885 9997 654 8407 0 9740 421 9205 788 5877 -655 2359 -644
9646 9 9704 790 7643 979 4510 545 4131 256 9637 671 9512 170 5746 438 8581 0 7639 557
9647 3 9873 -941 8356 671 5208 937
9648 5 9770 -990 4721 129 9387 995 4014 955 5591 939
9649 11 7770 797 3814 -476 2032 871 8824 297 7193 -816 9021 899 7642 -337 9857 546 9766 357 9800 506 2025 312
9650 3 9839 0 7596 668 6898 650
9651 8 6761 799 9749 623 8437 -379 9283 794 9840 983 9735 889 6693 476 2980 0
9652 7 7821 187 9676 835 3228 -800 53 41 9859 261 7999 678 9042 449
9653 12 9746 659 9919 663 4048 487 9835 702 8626 589 6467 26 9064 659 8679 557 8833 813 9657 764 3116 568 2093 -734
9654 8 6522 -622 7740 11 9630 -680 7626 -474 9991 491 7340 -725 2962 325 9597 284
9655 9 3712 640 9642 0 4305 710 9136 758 7958 952 4992 869 8217 -75 9863 0 670 554
9656 7 1713 330 4769 -837 9135 -538 2058 -499 9697 626 9876 757 1879 0
9657 8 9996 28 4371 424 8867 0 3150 803 8808 384 9653 764 8383 647 3030 945
9658 7 7756 926 8895 909 8024 348 9897 167 9541 -31 9751 706 4809 58
9659 8 8925 -400 9969 -31 4289 225 9932 656 8462 599 5142 507 8592 643 7690 0
9660 8 7249 -641 9012 504 8803 671 9909 890 3475 -614 7006 601 7543 -289 9075 0
9661 11 9985 7 2318 617 7761 501 6471 460 9263 -86 8858 -528 7572 671 9802 -616 9567 377 9609 -569 1746 907
9662 5 1834 367 6031 0 3623 942 9473 9 2219 -557
9663 10 7127 322 6782 168 9822 337 7623 558 9846 596 9877 35 9335 600 9501 633 3843 790 4912 274
9664 9 2057 150 105 88 9382 0 6202 832 9801 42 6590 508 9331 -885 7825 270 2726 314
9665 6 5694 89 7995 0 6214 -388 9710 746 9693 82 7462 896
9666 5 9686 877 9786 285 9724 0 6880 679 7870 -345
9667 5 5839 -988 6359 919 4845 -966 8158 -711 8642 482
9668 7 9578 640 9866 707 9942 688 4365 958 6069 -426 9909 -500 4660 369
9669 8 9229 -391 8524 484 9013 93 3445 36 9438 794 9973 512 7765 0 1828 334
9670 8 7851 278 8101 197 8358 130 9515 633 6839 449 9317 354 7475 240 6764 817
9671 10 9410 -527 9873 -499 9735 897 4403 0 9204 -694 7485 0 9843 598 8970 -915 9386 -908 7596 148
9672 6 7810 369 9710 -273 9940 653 9778 385 9467 743 1723 -749
9673 11 8506 642 633 448 9557 455 8183 0 7229 785 9361 648 7101 876 9941 121 7977 -362 3955 0 184 647
9674 17 9781 -334 9826 147 5025 -646 4364 608 9753 -603 9468 501 9409 661 9850 -459 9696 354 2151 279 9848 145 9296 302 6124 625 6388 831 1149 -6 9697 495 6482 633
9675 8 8518 624 8822 92 6845 776 9982 -637 9415 -819 9613 130 4408 230 8186 54
9676 5 9652 835 9551 831 8558 607 8163 505 4034 115
9677 4 5663 505 4125 699 7177 744 4395 521
9678 7 9629 -481 9279 0 8085 67 9426 520 8765 467 7236 692 1892 638
9679 6 9912 181 3940 722 4117 779 5543 -482 5553 794 4044 321
9680 11 9618 645 5008 539 9907 764 9126 -731 9636 760 7817 452 9809 456 9750 420 9896 305 8499 943 7779 444
9681 5 9777 0 9846 -699 8475 305 9004 -705 8259 -196
9682 10 8547 171 8959 829 5618 -187 1542 -650 9423 0 9794 -987 6483 -701 9462 321 9899 187 9150 -348
9683 3 7401 980 7074 926 4479 508
9684 8 9123 901 8470 737 9404 92 9840 684 8890 -327 9874 729 9012 636 4325 234
9685 5 8053 418 8673 929 8817 139 9878 368 7284 0
9686 8 8759 473 9666 877 9888 193 9000 293 4593 -510 5862 758 9514 731 8781 -745
9687 7 9605 237 2499 153 9889 -356 9454 962 5195 313 9716 982 9506 483
9688 7 9774 915 9998 337 6657 -40 7945 164 8815 565 4414 436 7963 -616
9689 6 9295 853 7879 -755 8541 922 1394 223 9974 642 7933 773
9690 13 5386 468 2465 819 7767 -65 9414 639 7633 0 8417 -234 8660 -41 9921 593 2475 494 5093 671 262 -764 529 0 2152 98
9691 11 9983 138 9753 203 8898 -761 7307 664 8134 -916 2528 862 9325 59 3501 -11 9932 26 9023 681 9279 959
9692 8 5335 453 9862 817 9239 702 8937 296 8412 148 9578 573 9462 -89 3702 815
9693 7 9712 892 8891 48 9440 977 4553 -398 9665 82 4169 724 7537 968
9694 5 9524 39 8181 907 9739 431 4905 109 9179 336
9695 10 9974 724 8032 979 7310 141 1564 543 9468 283 9206 0 7410 -209 5717 357 6215 -447 4451 -628
9696 12 9797 0 9970 429 8343 766 9774 892 9036 -855 6408 -903 9722 862 5114 78 198 0 9674 354 8516 -668 6943 -953
9697 9 8377 90 9998 -661 9432 988 7934 0 9656 626 9138 865 9312 410 9553 768 9674 495
9698 6 7484 632 9494 324 9537 -783 7596 -320 8474 61 8704 -391
9699 7 8739 173 9785 -597 9705 657 4480 708 9743 -342 9854 65 8864 859
9700 10 9394 570 6832 0 9404 -321 8108 -797 7758 0 6637 -894 3378 772 9966 880 9983 -467 7505 821
9701 3 9988 235 5142 0 790 -226
9702 9 3963 0 9596 940 9204 0 9713 -349 8785 884 9335 -440 8798 936 9495 234 6439 674
9703 9 7704 450 7573 811 9082 -319 6465 929 9839 0 5805 -69 8439 459 8299 531 6985 901
9704 8 9646 790 8135 -384 9438 131 7996 309 9523 322 5198 -986 9224 868 458 -11
9705 5 5561 216 9699 657 9125 -505 9011 -598 4789 -233
9706 7 5139 0 9981 471 5099 297 9068 -927 8731 673 9860 967 6454 555
9707 7 8289 -61 6106 -436 9839 -139 9746 841 9638 238 9775 565 4188 163
9708 9 9837 622 8477 194 9554 41 8239 772 9779 492 9339 -662 9746 337 92 589 600 252
9709 5 8116 939 3908 626 8816 0 9719 0 7491 -251
9710 7 9813 956 9672 -273 9261 -812 9908 566 4522 13 9665 746 734 948
9711 9 9768 680 7131 0 6530 7 9865 22 7776 -758 9637 -813 6210 412 7823 687 6242 0
9712 10 7305 0 248 -880 9693 892 8790 373 9005 187 8890 175 9615 840 8760 322 7649 913 8221 0
9713 9 6977 182 8804 896 8049 458 8431 436 9917 130 6650 -892 9702 -349 6284 136 7425 290
9714 12 7790 -77 8979 883 8907 -964 8788 760 9472 264 2422 506 9246 -171 9550 -947 7681 943 9565 -267 8833 0 3400 -447
9715 5 9221 843 8932 912 9885 753 9945 997 4915 -603
9716 7 9543 -159 9441 -441 9535 719 2166 277 9750 -709 9687 982 9127 880
9717 10 9589 470 9803 38 9369 863 8585 727 5727 -990 2563 193 8819 -702 9515 781 8761 -167 7386 -948
9718 14 9139 -97 2554 349 9926 217 9125 301 9273 439 8904 958 9990 777 9575 767 5238 242 9822 -902 5850 611 9965 -743 889 278 2539 -673
9719 9 9731 103 9736 -422 6643 0 5225 -957 8480 -315 9734 82 9433 -904 9574 839 9709 0
9720 6 9950 -773 9305 13 9631 956 9413 366 5890 606 966 155
9721 10 8897 981 9849 -753 9355 992 6001 504 8511 0 1786 894 9783 971 9588 10 6387 983 415 896
9722 7 9857 735 9522 57 7902 -822 8059 362 9696 862 9606 441 2653 739
9723 10 7828 807 1766 -607 9972 935 8624 -334 9155 294 535 97 9455 0 7402 554 2866 849 5599 0
9724 8 9806 -92 2695 748 9666 0 9866 844 6657 688 7363 727 7420 -909 8284 -270
9725 9 4958 316 9230 -698 4845 983 9833 975 7781 64 9798 237 9034 490 4371 814 2781 120
9726 3 9896 983 6222 918 293 -407
9727 1 9067 715
9728 7 5567 0 535 971 9103 339 1560 -658 7809 -695 9813 108 887 -70
9729 6 6581 38 9470 -579 7006 -640 9853 -254 8171 933 4930 234
9730 8 9538 0 9885 412 7449 714 8324 -619 7299 -877 9598 472 8199 533 2028 -237
9731 7 2122 670 9719 103 9951 29 9785 344 9928 -244 9627 239 6516 0
9732 4 404 693 9049 735 2973 -640 6792 373
9733 7 5808 -172 9888 934 9166 461 54 -736 9491 969 7648 -66 2865 -320
9734 7 9529 84 9806 859 9719 82 9355 43 2049 627 9620 498 4351 -412
9735 12 6418 696 9625 340 4138 -948 8566 117 9671 897 9916 675 4628 126 9325 666 9651 889 4541 86 9953 -504 7118 -179
9736 8 9862 253 9916 126 9719 -422 8700 305 9268 782 8672 978 9808 1 4216 475
9737 7 9527 -29 6944 364 9958 708 8620 187 3034 959 9757 368 301 386
9738 5 6721 113 9897 -898 9381 605 9791 -329 9576 27
9739 8 7055 -376 5801 704 9514 115 9694 431 8877 594 9140 35 3268 924 9009 -446
9740 7 8484 -146 7853 453 6054 122 9939 73 9645 421 9820 117 3871 44
9741 7 9980 410 9861 800 3553 534 9819 549 8289 -797 9306 -926 8141 375
9742 9 9188 612 6843 433 9414 8 9913 796 9854 601 9267 477 8622 544 8016 84 2994 971
9743 14 9275 -986 9164 0 8487 -369 8856 391 9407 -508 210 580 9328 111 7042 -550 9583 463 9756 710 9699 -342 22 944 9183 -145 1983 665
9744 5 5741 427 2640 136 1632 -547 8340 188 426 933
9745 6 9269 138 9444 547 9868 -766 1833 306 9989 803 4410 901
9746 10 9653 659 9459 790 2989 -587 337 -408 9799 180 7240 481 9707 841 9708 337 8304 992 4103 -57
9747 9 8894 119 6491 136 9791 -366 9969 -980 342 163 2410 183 8534 0 9819 323 9003 696
9748 6 8259 573 6206 372 6898 137 6577 -814 8946 217 1933 -32
9749 9 9259 956 9651 623 9278 0 9469 -272 9919 446 9845 944 8258 -223 818 718 5142 959
9750 16 7544 367 8445 627 7997 716 1326 0 9788 0 9965 -395 4270 741 9755 129 8807 408 8172 743 9582 43 9716 -709 9680 420 1697 525 9363 886 5205 474
9751 12 9966 -77 9916 378 9375 312 9824 626 9814 308 9792 798 9478 406 9197 -447 5863 936 9987 604 9658 706 553 -138
9752 7 9958 818 9802 970 2890 201 9993 451 7761 -308 8296 -603 5609 542
9753 10 7676 463 8913 167 4067 544 9691 203 7150 876 9674 -603 8827 31 9544 177 9291 748 7509 -59
9754 8 9870 -988 9885 271 4738 683 5632 932 2631 603 7200 113 9594 753 1280 -874
9755 8 4393 623 9750 129 8846 746 9262 -54 7489 237 9456 156 9105 -13 4092 -504
9756 8 6918 82 7187 194 9758 315 97 828 9777 -132 9743 710 9302 991 937 169
9757 7 6355 65 5028 -896 8714 0 9766 -778 7860 758 9737 368 5076 538
9758 5 9756 315 3292 0 9556 975 9949 726 5058 327
9759 7 6966 -40 9022 -881 8969 674 5707 780 6924 858 8025 792 2971 414
9760 8 9460 -733 5075 335 2889 130 2560 -260 9198 82 8150 89 9643 -342 4997 -128
9761 7 9359 916 7432 231 8956 796 8370 264 9945 181 8296 183 7714 272
9762 8 4064 680 9543 269 8988 489 9972 -819 9199 809 9550 585 6565 -322 8053 -467
9763 10 5570 659 9955 811 3197 221 3476 -707 9925 804 9619 421 9387 727 9447 -78 9960 0 8876 635
9764 7 7582 -300 9958 -966 9832 558 7192 738 9849 726 8207 -287 6971 687
9765 8 7454 -380 4983 265 4900 544 9905 41 9278 0 9585 -21 7325 841 8882 -992
9766 9 8672 510 9839 -126 8906 248 6051 907 9757 -778 3537 577 9649 357 6694 949 102 90
9767 9 2951 33 9984 994 9796 504 6627 23 9128 -801 9540 663 1619 391 7906 -962 4372 190
9768 7 9711 680 2194 532 9991 91 5291 21 9316 438 2493 1000 6219 245
9769 11 4066 167 9872 672 4599 510 7732 620 9187 -523 9902 26 9779 458 9940 6 7992 302 9964 -196 6145 808
9770 9 9648 -990 9362 855 8568 960 9948 956 8812 690 8166 6 9839 370 9117 215 1824 407
9771 9 8180 -707 8697 434 9865 154 7809 221 8001 76 9897 169 9239 -626 5229 0 5145 249
9772 5 9952 285 9440 -630 8308 488 7401 12 3401 -997
9773 13 9789 758 9645 640 9863 578 4211 996 5440 121 9801 -669 7747 237 8872 -362 7433 66 6557 817 7514 385 9927 494 5580 941
9774 12 9958 994 9688 915 9845 -915 9621 -831 9696 892 4288 147 9905 395 8224 -71 3045 260 5189 244 934 856 9495 52
9775 8 6190 822 8477 -369 8131 176 9930 27 9707 565 9096 -484 8715 805 2017 37
9776 7 4588 588 9896 285 4345 352 7105 506 9987 107 8296 130 6869 -195
9777 4 9681 0 6781 242 9756 -132 5556 0
9778 5 572 377 9407 -126 7796 853 9672 385 419 293
9779 6 9551 -414 9914 0 9986 808 9769 458 9708 492 2985 -933
9780 6 7868 176 9432 276 7149 520 8458 308 4542 757 8687 610
9781 7 6502 1 9674 -334 5419 -58 9824 678 9563 -747 7415 -598 6652 -288
9782 9 9281 705 2512 0 9946 -762 9535 -702 3436 -315 1610 965 9486 127 6180 383 1229 -460
9783 13 3296 526 2922 0 2903 0 8623 629 7301 680 9448 -175 8749 0 6683 -792 9631 430 9721 971 9550 387 9121 117 9178 -566
9784 8 8757 272 9982 559 9960 457 9958 -222 9804 722 9810 -497 7659 842 7494 326
9785 12 9934 -789 8146 680 5458 559 8937 -18 9699 -597 9590 666 9731 344 7345 136 5503 397 8882 971 9865 620 1229 13
9786 9 9449 892 9075 0 8054 -24 9396 -714 9284 -836 9922 861 9666 285 5533 212 724 545
9787 7 9986 183 9834 148 8170 -54 8524 -780 7045 31 9628 799 8380 751
9788 10 9092 -600 1371 777 9750 0 9908 0 8329 216 9799 0 3578 156 9955 962 6863 -642 3196 69
9789 12 9773 758 9884 -615 9929 597 8517 79 6378 -249 7043 460 5156 -41 1138 -752 8270 231 9799 434 9207 734 7885 -128
9790 8 2157 -642 9619 638 9436 -909 9846 138 1619 360 9995 508 9989 843 9083 614
9791 7 9747 -366 5946 940 9856 252 9738 -329 9924 -657 9926 569 9024 625
9792 8 9367 153 7795 371 8429 0 9751 798 8722 -635 8426 646 9883 898 6296 576
9793 3 9417 -366 9437 388 3944 509
9794 9 9582 682 8288 -832 9620 803 2462 0 9682 -987 6968 418 9579 88 7492 -265 7993 434
9795 6 8256 937 9321 -128 8395 -793 9278 -971 9887 936 4133 0
9796 10 9190 119 9767 504 8909 606 9567 -39 8609 591 7882 435 9981 -351 9807 658 4147 833 8711 -871
9797 7 9071 644 5359 -543 8996 860 9696 0 6589 725 8672 651 5309 687
9798 8 9992 -810 8691 247 8667 907 9912 87 9725 237 9171 0 9624 527 2325 -366
9799 8 9331 487 8378 541 9997 -700 9746 180 6020 352 9788 0 9789 434 2 -1
9800 8 9837 214 8040 217 9265 -818 9934 0 9036 518 1620 132 9649 506 2768 -174
9801 11 9224 681 9340 556 9773 -669 9632 122 9664 42 9603 520 8815 493 5953 298 2716 732 6480 590 3113 0
9802 12 5386 457 9806 636 7041 -970 3525 893 6910 773 9752 970 8608 -747 9998 449 9661 -616 9373 -830 8448 -654 7486 106
9803 10 9880 -338 9621 827 9717 38 9030 392 9825 -666 9317 391 9448 -426 7425 302 8994 756 2243 72
9804 7 8265 228 4739 937 9639 305 9784 722 9985 304 8922 630 3543 -375
9805 8 8175 511 1309 832 5842 374 5773 -647 9878 921 2379 130 7947 809 4553 27
9806 8 7747 75 9802 636 7666 702 9724 -92 9279 325 9734 859 9213 958 2672 93
9807 10 9472 185 9588 345 6256 883 8191 -412 9796 658 5895 397 9386 -290 307 657 9884 217 9339 772
9808 10 9870 689 5817 730 3905 113 8402 586 6297 364 9333 0 9736 1 3631 850 9556 43 2134 707
9809 8 9860 977 3856 201 9581 462 9530 0 9680 456 9612 532 9539 633 8995 264
9810 10 3382 737 8383 700 8865 -954 5528 792 4978 16 9284 -329 4615 479 9466 -114 9784 -497 9641 590
9811 11 3811 0 7717 975 8745 283 8719 0 9860 -320 3882 508 4432 61 1534 778 9867 910 6449 538 8057 999
9812 7 9955 -935 9490 -443 8570 91 9347 987 9583 435 9578 66 6863 168
9813 9 9396 802 9710 956 9240 -421 6061 924 9566 232 9968 -741 9976 602 6534 439 9728 108
9814 3 9751 308 9884 196 7263 622
9815 7 9927 485 9971 526 8867 -801 9606 542 9585 227 9477 -434 1590 533
9816 6 9963 351 2154 33 3775 -593 9844 311 9859 37 4582 323
9817 9 9207 289 6020 916 528 875 9977 335 7770 -610 242 860 9830 -284 954 976 2831 0
9818 6 6613 202 9125 213 9906 34 9900 857 2787 0 2445 46
9819 9 3531 506 5305 839 5160 538 8262 -945 9741 549 5010 217 8984 107 9747 323 5866 92
9820 8 8433 8 9919 -453 9522 -411 9389 792 8853 901 9335 258 9740 117 2468 304
9821 8 9962 204 9901 70 5320 877 9871 233 3746 483 6825 -400 9836 894 6111 7
9822 5 9995 236 9663 337 3751 -207 9718 -902 6350 735
9823 7 9474 952 9597 -666 9402 176 9927 -727 3325 967 9065 563 5101 485
9824 8 9751 626 9388 829 5961 706 9852 499 9927 405 9781 678 9866 0 7292 264
9825 8 8848 526 9968 522 9617 376 9803 -666 8996 666 9950 -338 8179 483 7933 -445
9826 7 9674 147 2347 -235 9960 855 9499 835 9964 262 9860 995 8359 78
9827 7 9641 -465 9079 -215 7826 616 9235 -923 9846 323 9338 -168 607 654
9828 3 9997 425 5087 513 7682 -309
9829 6 9613 740 8278 -18 8584 -297 9461 360 5929 189 2152 351
9830 6 6869 0 9817 -284 9609 537 4809 -298 9834 931 7341 -381
9831 3 9837 127 6868 319 3735 -85
9832 10 9841 553 9764 558 9624 11 9405 279 4907 -169 9951 130 5874 903 9989 661 8861 -507 7948 529
9833 9 1129 601 9881 -649 9725 975 8363 0 9428 712 2809 632 9928 325 7942 153 4811 660
9834 10 6039 -458 9787 148 9485 249 9413 853 4983 488 9931 882 9830 931 4843 162 9909 0 3342 27
9835 7 9874 921 9653 702 8583 332 3623 -228 9593 895 9117 975 5719 915
9836 4 8371 148 9912 -310 6591 0 9821 894
9837 13 9708 622 9800 214 8400 -492 9563 -841 8412 64 9902 427 5223 746 9831 127 8526 204 7956 200 8878 68 8670 511 8294 -851
9838 7 5105 274 6455 384 3381 369 9501 523 9977 -173 9922 834 8383 860
9839 14 9441 544 9932 447 9650 0 9578 438 9703 0 9766 -126 9707 -139 9770 370 9593 -975 9395 873 9330 -439 9922 517 7665 -56 2440 828
9840 6 9027 108 9937 0 9324 -417 9651 983 9684 684 13 164
9841 10 9832 553 9457 -825 9891 -327 9951 -416 9020 557 7868 239 4813 144 1343 1000 9939 -544 6724 -406
9842 8 9442 -20 9614 337 9345 727 9276 -164 6485 -869 7790 -444 2677 931 8073 -792
9843 14 9200 100 898 561 6280 518 8303 -265 8895 -580 6190 -140 5812 536 8778 873 9671 598 9896 787 9879 -60 9857 -937 9907 36 4194 633
9844 9 2685 -420 9374 224 9846 419 9588 830 9561 0 9816 311 9848 233 8695 805 9354 955
9845 10 441 942 8799 -566 9774 -915 9749 944 9185 255 409 567 6681 832 4946 330 9934 766 9416 423
9846 10 8904 22 9844 419 9225 984 9603 -617 9470 259 9681 -699 9663 596 9827 323 9790 138 4104 564
9847 10 7788 207 1809 391 9903 660 9977 6 9249 -272 9995 -193 2662 580 9883 297 9521 386 6101 571
9848 6 5054 647 8988 0 9674 145 8675 571 9844 233 7043 633
9849 14 9721 -753 9924 557 6784 391 9971 -283 6925 0 9549 767 9895 387 1558 529 6922 -852 9764 726 9963 436 9182 -288 9278 -302 3369 0
9850 10 9197 544 9950 900 9405 -811 9999 -419 9322 514 8804 580 9674 -459 9361 -430 6674 455 1742 406
9851 16 9945 372 9941 51 9489 724 5583 442 9608 588 8744 608 9937 171 9905 863 9381 -686 8617 232 9902 728 1704 209 6748 -615 5264 639 9202 -349 5819 875
9852 10 8847 197 5993 613 9934 922 9854 744 9606 -197 9824 499 6204 -417 9232 177 7968 424 2724 -290
9853 9 6659 843 9915 882 7843 791 9503 -152 9945 175 9729 -254 9240 -285 9385 766 7826 283
9854 12 9222 24 9852 744 9167 358 9742 601 8825 -221 9969 42 1599 647 8165 -334 9370 -523 9699 65 7215 243 5023 885
9855 5 8182 681 4365 628 8078 -640 372 449 2686 757
9856 11 9998 843 4865 59 1611 -203 9956 927 7880 645 7413 259 9791 252 6920 962 1957 204 9062 241 8218 22
9857 11 9722 735 9205 650 5594 -741 8864 732 8808 564 9649 546 5843 989 9520 831 7646 -222 9843 -937 4391 740
9858 4 9930 856 9162 -783 9877 -481 6036 230
9859 12 9921 242 3575 -270 8232 0 9224 -947 9652 261 9632 239 9050 171 9048 918 5065 801 8941 -868 9816 37 1881 205
9860 13 9470 -768 9494 476 9809 977 9940 -861 9956 0 9370 -137 9811 -320 8979 871 8755 66 9706 967 9826 995 3753 741 6651 -280
9861 8 9982 899 9930 -709 9966 319 8678 -609 9741 800 9603 -677 9904 -495 8359 161
9862 8 8426 -372 9736 253 9473 312 9692 817 9461 770 8644 539 9633 140 4242 340
9863 10 9773 578 5174 852 7067 26 7180 646 2587 545 9590 788 4005 0 9655 0 7727 -370 596 917
9864 6 8506 210 8460 655 9217 444 9225 265 8867 410 4588 674
9865 9 9956 498 9555 507 9711 22 8136 281 9771 154 6314 -472 3864 549 9785 620 8196 0
9866 11 9897 427 9906 103 9890 608 9668 707 9960 786 4027 576 9824 0 5643 558 9724 844 9287 0 2770 406
9867 10 3234 -568 4504 0 8899 273 8443 90 9970 460 8081 -789 8757 526 9900 89 9811 910 4217 195
9868 8 9994 790 9745 -766 9577 811 8926 417 9990 0 9987 -425 1576 802 8566 599
9869 6 6230 -367 9994 -243 9364 910 9103 947 7642 288 8103 34
9870 10 9754 -988 3977 130 8796 639 9991 2 6750 658 9808 689 4525 -22 8887 356 9965 897 941 596
9871 6 5358 -114 7829 913 9538 -618 9821 233 3081 -152 2497 763
9872 5 9769 672 9519 638 9053 989 7869 877 5613 87
9873 3 9647 -941 9671 -499 8972 694
9874 9 9835 921 9063 600 8849 -592 1989 -273 9684 729 8362 -301 8092 768 8793 156 7963 989
9875 9 6742 440 9979 517 9293 -260 8845 -426 9375 -923 9391 253 7856 -667 8983 -739 7535 -997
9876 7 7826 30 9384 843 9291 -672 9906 964 8194 -260 4119 124 9656 757
9877 10 8989 -152 9389 -984 8829 726 9858 -481 2761 181 8047 30 9663 35 3835 897 8824 825 724 801
9878 6 9907 -576 9505 844 9805 921 9685 368 7684 -903 5804 690
9879 13 9260 -561 9103 -254 9953 537 9032 368 6479 0 9483 37 2111 571 9538 548 6067 -752 6574 277 9969 454 9843 -60 7274 -274
9880 7 9803 -338 9627 0 9991 267 9264 -975 6256 38 9605 602 8446 17
9881 4 7093 830 9833 -649 9591 908 4896 314
9882 11 8930 -892 7622 -279 9942 515 5769 127 9901 495 4773 597 9075 -150 9977 204 3324 -135 9558 -21 7701 576
9883 8 5773 0 9459 638 9847 297 4825 531 9257 185 9129 507 9792 898 5876 841
9884 12 9789 -615 9232 147 4122 933 9122 -799 6071 121 9814 196 1448 689 9074 -942 9569 -892 8916 -814 9807 217 2168 -154
9885 13 9754 271 9730 412 9897 -124 9590 -900 4373 680 9715 753 1374 277 9389 864 9150 -621 9913 888 8092 78 3644 462 2042 -809
9886 11 3068 695 8924 702 9532 508 8881 633 3015 486 8686 84 7217 485 8282 -930 9949 468 9304 291 8176 -834
9887 13 9928 5 9895 487 9063 -723 8100 -80 8057 478 5003 -498 8784 607 2642 195 7975 889 9889 225 9795 936 9955 -905 3032 -613
9888 5 9733 934 9686 193 8392 559 7792 534 5828 588
9889 7 9561 256 9219 84 9687 -356 9887 225 7739 180 8586 444 4030 279
9890 6 9866 608 9417 0 8354 -68 6767 -261 9981 438 6399 -875
9891 10 7729 204 9841 -327 9513 983 7481 0 2281 543 9905 595 9907 85 9386 -183 5873 5 3607 769
9892 8 9999 570 8612 -612 6135 -125 8242 860 4144 9 9925 -258 9937 984 8851 -810
9893 11 4311 -603 5295 116 6749 891 3199 151 9932 987 1931 91 9990 983 7789 950 1043 785 8837 390 5221 -714
9894 12 5903 -740 9956 379 9949 251 9939 596 7731 396 7885 947 8659 -238 1448 932 6925 987 9945 446 9952 875 5918 182
9895 8 3345 282 1767 801 9887 487 9849 387 9447 107 9923 561 9637 456 7275 -673
9896 13 9098 -188 9726 983 9776 285 7366 -865 1712 311 9284 956 3735 -546 9843 787 9971 886 9331 -85 9680 305 7520 880 470 382
9897 13 9866 427 9283 -257 9934 966 9885 -124 9955 840 9187 697 9951 120 9658 167 9738 -898 9993 -857 9771 169 9963 588 544 351
9898 5 3886 -194 8262 -504 8490 905 9949 919 6824 541
9899 8 7892 314 9043 86 4693 320 8131 -13 9212 -44 9682 187 9339 764 5529 0
9900 10 8623 520 5101 -701 8833 938 6346 588 9818 857 9221 375 1689 -759 9867 89 8663 674 2581 212
9901 10 9916 824 9882 495 9420 246 9821 70 8165 -941 8958 577 8885 744 5006 606 8503 984 7303 0
9902 10 9957 0 9947 795 9837 427 7252 381 9769 26 8048 380 8615 810 9851 728 9965 715 389 -493
9903 7 9847 660 8141 938 8815 796 8750 -951 1590 0 5191 695 8503 102
9904 7 2015 -698 8287 -804 9536 -638 9861 -495 7891 178 9906 976 411 -653
9905 18 8006 -411 8408 291 8199 285 2289 693 9174 754 976 -961 7188 292 9774 395 8785 158 9765 41 9978 383 9851 863 8896 288 9891 595 9546 -974 6247 685 9975 916 1692 293
9906 12 7204 -142 9866 103 9818 34 9876 964 9964 285 7659 156 9904 976 810 241 4278 -183 6203 907 8993 524 3586 532
9907 11 7939 0 6637 255 9680 764 5958 499 9942 147 9878 -576 5017 783 9891 85 5087 -242 9843 36 8040 26
9908 14 6255 -428 8762 174 3801 662 8611 762 9788 0 9227 673 9710 566 9934 721 6612 533 7084 337 9592 491 6872 324 9958 544 2187 549
9909 9 9305 -54 8850 95 9595 -453 3922 293 268 -484 9660 890 9668 -500 9834 0 3631 0
9910 5 9960 765 9941 567 5061 243 8358 573 8408 -169
9911 7 9992 898 6587 249 253 -50 1860 811 5065 604 6056 360 6392 763
9912 8 9836 -310 4222 -57 9679 181 9798 87 8543 617 2750 157 9456 116 690 692
9913 6 9742 796 8710 184 9493 0 3467 492 9885 888 6770 797
9914 9 9937 -70 8496 941 5635 -589 9779 0 9936 284 9530 -479 9112 -935 4873 564 6276 844
9915 5 9989 216 8251 43 9853 882 9266 -583 2285 251
9916 7 9751 378 9901 824 9736 126 9735 675 3920 873 8747 35 5666 -741
9917 11 9637 669 7483 920 9169 605 6685 -520 1911 -415 9713 130 8609 -623 5647 538 7283 985 1694 793 3416 198
9918 7 3733 693 2735 283 6065 707 7721 60 9476 887 8309 -724 3681 491
9919 11 9820 -453 8820 331 8912 145 9653 663 7184 -431 9942 -636 5026 -717 9749 446 6001 603 9125 963 2878 956
9920 9 9973 -387 9472 655 9251 544 5611 683 9958 644 9062 112 9456 185 9967 103 6719 704
9921 7 4299 359 9859 242 8495 92 9566 -95 9690 593 9278 -312 6646 148
9922 10 9984 717 9331 612 5726 432 9412 176 9044 -348 4518 674 9838 834 9786 861 9839 517 6998 558
9923 12 9962 219 7162 818 9376 509 9246 623 9972 574 9174 485 9957 -131 2810 977 9948 136 9895 561 8508 146 8819 919
9924 8 9849 557 8886 327 7540 859 8982 571 9582 261 9791 -657 6338 864 9609 83
9925 11 9512 576 9182 0 9961 139 5871 373 6667 331 9763 804 9525 571 9892 -258 8260 0 9939 9 8645 752
9926 13 9514 979 8274 468 3832 568 7263 29 8543 360 9718 217 2866 315 8356 398 3772 545 8742 727 9387 984 9791 569 7718 -709
9927 11 8676 357 9941 478 9815 485 470 271 7364 -242 9956 80 9824 405 9823 -727 9773 494 6740 -334 1368 906
9928 10 9887 5 8861 696 9347 733 9731 -244 9531 442 9172 149 9833 325 7751 98 9194 -726 1262 415
9929 5 8768 752 9789 597 1650 -4 8570 763 5855 866
9930 9 9858 856 3644 -67 4464 216 9861 -709 8650 192 9972 425 2974 618 9775 27 61 998
9931 8 9403 543 7671 542 9980 -341 9572 326 8583 892 8379 280 9834 882 7238 -137
9932 11 9984 887 9839 447 8678 475 9893 987 8825 -108 7458 974 9643 -999 9659 656 9691 26 8113 250 7992 797
9933 12 4190 0 9934 319 9479 781 9939 -595 9983 500 8901 807 1639 767 9363 0 5371 509 7259 111 5403 237 5080 718
9934 12 9785 -789 9933 319 9897 966 9590 804 9852 922 9977 -215 9800 0 7814 639 9908 721 9972 -87 9845 766 6945 313
9935 8 8230 991 7928 -841 9942 513 9209 -863 8949 116 7417 -439 9303 725 3508 741
9936 9 8693 119 1537 -347 8637 -393 4683 -339 9945 961 9942 123 9914 284 8042 678 4976 278
9937 12 9944 -775 6046 218 9964 -916 9914 -70 7977 435 9840 0 8569 949 9851 171 7692 762 802 996 9892 984 2608 807
9938 6 6088 389 9253 -247 9948 -303 9999 226 9957 945 4976 582
9939 11 2437 658 9933 -595 9894 596 9740 73 9996 769 9987 -90 7131 166 9925 9 4304 -531 9841 -544 400 855
9940 19 9966 -451 9971 0 9562 0 9860 -861 9611 380 9589 997 9596 318 9672 653 9382 178 346 114 9975 455 5331 861 9769 6 8994 0 8327 564 9513 829 9565 0 9943 163 305 997
9941 11 9851 51 6900 144 8556 -163 9927 478 9943 613 9910 567 9999 4 7373 240 9673 121 8990 895 8470 907
9942 14 9882 515 8844 584 9986 479 8966 -615 9907 147 9935 513 9919 -636 9668 688 9945 393 9936 123 9999 387 8550 98 9266 -271 3011 -964
9943 5 6627 86 9941 613 9967 -317 9940 163 7908 866
9944 11 9937 -775 5996 119 1850 -245 7093 544 9949 803 9534 703 9100 697 6201 -130 7785 0 9973 889 3240 -554
9945 20 9851 372 9103 91 5343 29 8981 -108 9986 98 9936 961 9966 -500 9942 393 9959 343 7877 708 9254 99 9894 446 3338 462 9853 175 9956 -726 7540 -732 9715 997 9761 181 9978 968 6811 -997
9946 11 6873 645 9545 901 9966 444 7543 -632 1585 945 7624 -793 9968 906 9782 -762 9978 -477 9017 743 7236 209
9947 9 9287 220 9902 795 8025 221 9994 599 8853 -937 9950 -912 9990 608 9352 495 5732 644
9948 8 8681 866 8455 879 9770 956 9938 -303 7834 693 9923 136 9405 903 544 -682
9949 17 8795 388 8184 685 3922 851 9985 983 9944 803 9894 251 5320 422 4551 536 8943 393 6463 499 9886 468 8457 933 9758 726 6993 568 9898 919 8792 -361 8511 657
9950 17 9850 900 9966 269 9509 202 9183 -67 9720 -773 9961 395 1535 953 9592 -969 5023 136 9825 -338 6390 472 9947 -912 6101 887 9980 634 2447 868 144 -902 1283 -404
9951 10 9956 472 9731 29 9897 120 9605 -769 9841 -416 3086 441 7928 956 6019 -769 9832 130 5042 677
9952 11 9772 285 8857 -20 7735 -918 9252 700 9326 929 9337 64 9982 0 9894 875 9972 724 9991 -147 5146 6
9953 11 9879 537 4752 561 8725 980 9967 370 9491 -926 6641 29 9998 0 9735 -504 8655 189 5852 68 5037 -667
9954 8 9980 -582 9548 -552 8324 -800 9970 526 8668 73 5545 -499 2307 380 4790 -948
9955 13 9188 295 8583 0 9763 811 9897 840 9812 -935 9963 594 9984 624 6838 975 9887 -905 8406 -44 9968 22 9788 962 5986 910
9956 14 9951 472 7870 214 9865 498 9631 552 9352 -756 9894 379 9860 0 9856 927 9927 80 9976 -601 9987 475 8635 717 9945 -726 4626 427
9957 5 9902 0 9627 -580 9923 -131 9938 945 6551 206
9958 17 9764 -966 9774 994 3274 -58 9552 646 9752 818 9971 319 9982 119 9784 -222 9737 708 9920 644 9622 670 2306 185 8936 286 8527 896 8761 -841 9908 544 1788 106
9959 10 770 876 9976 873 8964 -743 9357 556 9991 -458 9945 343 9473 591 9972 263 7803 517 3366 893
9960 8 9910 765 9826 855 9990 -155 9964 -11 9784 457 9866 786 9763 0 4465 554
9961 9 8145 -193 9925 139 9950 395 5355 585 9132 830 9971 406 8103 -298 9562 119 7708 736
9962 7 9923 219 1019 -850 9821 204 616 924 8294 -224 8390 263 8745 -262
9963 10 9600 201 7667 64 9955 594 9816 351 8805 -268 8628 -240 9849 436 9897 588 9085 670 7480 308
9964 10 9937 -916 6129 173 8176 648 8899 250 1404 0 9960 -11 9173 834 9906 285 9826 262 9769 -196
9965 10 9474 733 9750 -395 9417 497 185 399 9718 -743 9969 330 9975 -808 9902 715 9870 897 9415 57
9966 16 9751 -77 9950 269 9940 -451 8572 -487 9861 319 9030 766 9946 444 9480 255 8237 604 9981 498 9945 -500 7919 323 7961 979 9380 151 9700 880 4893 273
9967 12 8555 620 9979 518 9953 370 9452 -354 6994 -934 9607 0 8914 674 9943 -317 4420 248 9423 -351 9920 103 7911 794
9968 9 8876 849 9825 522 8916 738 9946 906 5962 901 9813 -741 9955 22 9992 312 2979 -828
9969 18 8800 429 7898 -453 7555 917 8922 573 4277 0 8029 358 9747 -980 9659 -31 5723 -517 8255 -236 9965 330 9608 -3 9879 454 9854 42 9980 665 9585 -721 9509 435 1041 131
9970 6 9534 467 9696 429 9954 526 7686 863 9867 460 5276 876
9971 15 9940 0 9849 -283 6926 605 6999 0 9815 526 9985 83 9958 319 6277 236 4321 556 9053 795 6848 0 9896 886 4534 440 9961 406 8058 394
9972 14 9979 556 9986 -710 9723 935 9923 574 9987 -841 9930 425 9762 -819 879 338 9934 -87 9994 312 9400 -550 9952 724 9959 263 8092 404
9973 10 9920 -387 9994 175 9977 -4 9593 -611 9996 696 9944 889 9669 512 8709 -229 578 460 9610 -597
9974 7 9695 724 7862 -657 9985 579 9181 22 5059 0 9689 642 5178 -177
9975 13 9989 216 9579 177 9978 647 7414 181 5731 921 3032 108 9940 455 8482 -906 9965 -808 7838 -402 9905 916 1645 45 7382 356
9976 12 8269 -802 9959 873 7529 -17 9429 195 451 943 8388 740 9393 662 9956 -601 9813 602 9491 740 8759 -619 8590 -652
9977 16 6118 448 8965 -217 8947 -964 9847 6 9934 -215 9973 -4 8211 -74 9817 335 8083 895 6476 -641 9838 -173 4037 -900 7513 262 5666 397 9882 204 938 -683
9978 11 9975 647 8838 554 8172 280 9482 170 9519 364 9905 383 6658 681 9983 815 9945 968 9946 -477 9348 926
9979 10 9388 384 9972 556 9967 518 2695 -33 9875 517 3871 718 3006 0 8351 491 9988 199 1708 853
9980 11 9954 -582 9741 410 5192 925 9931 -341 8044 -621 9993 667 2658 -845 9950 634 879 421 9969 665 3148 296
9981 17 5787 883 9611 371 9451 -853 9997 628 7840 0 9706 471 7367 115 1388 881 9966 498 9890 438 9796 -351 5375 466 9410 527 6977 767 9299 524 4043 822 86 542
9982 11 9861 899 9114 941 9381 541 9607 311 4593 757 9784 559 9675 -637 9958 119 1721 363 9952 0 3172 131
9983 12 8121 850 9691 138 9998 -461 9078 422 8501 981 6733 168 9933 500 7419 162 9987 304 9978 815 9700 -467 5988 978
9984 13 9932 887 9922 717 9767 994 9955 624 9995 -568 9996 -952 2772 358 8159 932 9986 -347 3815 453 9998 0 4835 327 1323 813
9985 16 9661 7 4346 156 7005 62 5964 483 9949 983 9974 579 9971 83 8878 562 8491 876 9994 788 9986 589 9804 304 7171 850 9609 545 7916 808 2617 63
9986 18 4661 667 888 608 9543 164 9972 -710 8500 248 9787 183 9535 407 9992 538 9942 479 9945 98 9779 808 9984 -347 9308 163 9985 589 8233 622 9620 -489 5470 959 8382 386
9987 18 9972 -841 3177 181 1554 -512 1006 330 9997 756 8080 518 9956 475 9939 -90 9983 304 9868 -425 8795 844 9991 665 9751 604 9996 92 9776 107 9607 686 8811 389 8916 705
9988 11 9989 953 6128 -372 9701 235 9319 877 9213 -82 9979 199 7961 0 9990 -508 9130 -540 8814 -594 3592 662
9989 11 9988 953 9915 216 9975 216 9745 803 9994 488 9997 -613 9999 -227 9832 661 6912 846 8708 -692 9790 843
9990 13 7243 106 3796 275 9960 -155 8442 754 9609 431 3624 272 9718 777 9868 0 9988 -508 9893 983 9947 608 9189 -265 7678 5
9991 16 9317 645 9880 267 7184 -513 3861 -69 9870 2 3295 708 9993 -622 9959 -458 9768 91 9654 491 9362 334 9987 665 6122 364 9952 -147 9169 0 2823 239
9992 10 9911 898 8822 -372 9798 -810 9986 538 6471 77 4531 -457 9198 507 9175 883 9968 312 7321 178
9993 11 9270 -571 8034 0 9991 -622 9999 112 9980 667 9897 -857 8618 639 8423 655 9752 451 6320 913 7386 0
9994 16 9999 -292 9998 -730 9868 790 6686 873 9486 -463 8040 402 9869 -243 647 -722 9947 599 9973 175 9989 488 7706 287 9972 312 9985 788 8083 -748 5573 291
9995 10 9230 381 31 258 2486 324 9996 -338 9822 236 9999 -939 9847 -193 9984 -568 9790 508 1623 604
9996 14 9995 -338 9657 28 9147 721 8541 716 9984 -952 9939 769 9997 -667 9998 304 9973 696 2089 -60 9987 92 6629 -554 8591 -503 1394 277
9997 14 3823 -572 9828 425 9981 628 4642 -485 9799 -700 8529 150 9645 654 9996 -667 9987 756 9521 992 8719 713 9989 -613 9998 579 6018 64
9998 16 9856 843 9994 -730 9342 -232 9983 -461 9697 -661 9688 337 8706 772 7140 884 9996 304 9294 645 9984 0 9802 449 9953 0 6528 966 9997 579 4038 812
9999 13 9994 -292 9892 570 9995 -939 9850 -419 7545 369 9993 112 9941 4 9578 537 6112 700 9989 -227 9942 387 9938 226 3778 -365
